21276,21118
21182.931640625,21097.71484375
21114.0234375,21065.955078125
21012.66015625,21040.4375
20913.837890625,21005.66015625
20841.638671875,20953.001953125
20749.29296875,20909.166015625
20660.84765625,20859.572265625
20584.6015625,20809.005859375
20499.998046875,20748.3046875
20407.65625,20716.453125
20322.15234375,20664.48046875
20249.71484375,20600.53515625
20163.548828125,20549.9765625
20097.740234375,20482.3359375
20008.375,20440.125
19923.146484375,20381.939453125
19843.212890625,20314.72265625
19775.251953125,20264.8359375
19696.185546875,20199.154296875
19613.796875,20135.130859375
19531.515625,20081.70703125
19479.3671875,20151.09765625
19464.357421875,20255.02734375
19410.544921875,20319.7109375
19318.9453125,20288.033203125
19246.2890625,20212.46875
19162.99609375,20155.896484375
19086.119140625,20090.28125
19012.654296875,20016.890625
18918.095703125,19972.287109375
18822.53515625,19931.36328125
18755.57421875,19858.841796875
18684.990234375,19782.435546875
18610.27734375,19713.962890625
18534.3515625,19641.52734375
18461.478515625,19570.345703125
18388.611328125,19494.751953125
18308.42578125,19433.63671875
18208.990234375,19402.22265625
18119.712890625,19351.029296875
18035.474609375,19290.478515625
17954.353515625,19224.845703125
17881.244140625,19154.533203125
17962.322265625,19114.76171875
18019.744140625,19090.306640625
17974.119140625,19001.798828125
17895.666015625,18932.900390625
17846.9140625,18841.419921875
17812.6953125,18742.361328125
17756.1953125,18662.248046875
17835.08984375,18600.396484375
17892.67578125,18684.28125
17928.904296875,18782.560546875
17976.94921875,18866.65234375
18034.15625,18954.21484375
18091.046875,19040.12890625
18151.974609375,19120.265625
18201.685546875,19210.4609375
18280.2578125,19276.431640625
18333.005859375,19358.986328125
18436.740234375,19352.982421875
18506.212890625,19426.984375
18577.705078125,19503.916015625
18651.486328125,19578.65234375
18727.39453125,19651.158203125
18802.4765625,19724.552734375
18886.01953125,19787.796875
18952.115234375,19868.880859375
19038.8359375,19927.224609375
19134.14453125,19968.73046875
19208.54296875,20042.740234375
19282.009765625,20117.775390625
19367.94140625,20146.826171875
19400.271484375,20069.943359375
19419.89453125,19967.248046875
19358.935546875,19886.08203125
19283.828125,19812.712890625
19207.509765625,19744.958984375
19163.072265625,19654.1484375
19098.724609375,19581.611328125
19037.486328125,19505.310546875
18970.87890625,19424.451171875
18925.693359375,19356.408203125
18872.21875,19275.064453125
18818.7421875,19190.38671875
18758.95703125,19104.865234375
18710.169921875,19014.232421875
18654.5625,18931.3359375
18600.716796875,18848.95703125
18573.328125,18750.505859375
18525.908203125,18658.353515625
18476.154296875,18573.3671875
18443.658203125,18474.185546875
18424.896484375,18370.896484375
18477.650390625,18315.14453125
18524.205078125,18402.173828125
18555.55859375,18501.75390625
18589.310546875,18596.173828125
18611.63671875,18697.6953125
18650.10546875,18793.8984375
18693.53125,18887.578125
18762.818359375,18966.455078125
18805.671875,19056.84375
18863.55078125,19141.671875
18920.142578125,19230.107421875
18973.962890625,19320.234375
19024.14453125,19405.93359375
19072.701171875,19498.81640625
19124.681640625,19541.533203125
19195.357421875,19618.59375
19247.75390625,19699.998046875
19324.841796875,19766.951171875
19409.0703125,19819.98828125
19460.98046875,19752.37109375
19470.470703125,19647.80078125
19485.7734375,19544.921875
19533.814453125,19453.20703125
19538.900390625,19362.720703125
19583.0390625,19268.642578125
19615.1015625,19170.416015625
19640.1328125,19069.62890625
19622.384765625,18967.8359375
19546.662109375,18896.982421875
19471.02734375,18842.15234375
19411.17578125,18757.171875
19331.943359375,18694.767578125
19297.25390625,18606.982421875
19383.69140625,18632.12109375
19462.595703125,18701.36328125
19539.0546875,18773.166015625
19631.884765625,18802.271484375
19661.943359375,18711.35546875
19716.177734375,18627.35546875
19744.029296875,18708.81640625
19739.576171875,18813.677734375
19752.33203125,18915.330078125
19834.072265625,18979.529296875
19916.814453125,19039.185546875
20019.228515625,19058.84765625
20106.181640625,19103.63671875
20198.625,19149.5078125
20131.861328125,19195.20703125
20029.55859375,19172.1640625
19937.69140625,19133.82421875
19842.083984375,19090.9140625
19747.05078125,19077.5
19707.23828125,19164.677734375
19651.681640625,19250.548828125
19605.3359375,19338.853515625
19564.431640625,19435.26953125
19567.431640625,19507.546875
19544.18359375,19603.9453125
19527.138671875,19704.8125
19525.625,19799.009765625
19519.36328125,19898.52734375
19559.197265625,19990.4140625
19639.1640625,20058.1015625
19718.095703125,20120.408203125
19792.12109375,20190.525390625
19872.642578125,20256.314453125
19944.84765625,20328.298828125
20035.171875,20376.94921875
20117.50390625,20439.982421875
20195.173828125,20501.701171875
20286.98046875,20551.662109375
20372.45703125,20612.341796875
20465.904296875,20660.236328125
20559.50390625,20707.73828125
20644.287109375,20769.556640625
20737.279296875,20818.140625
20827.978515625,20870.40234375
20924.232421875,20912.408203125
21019.43359375,20956.69140625
21118.5625,20989.666015625
21220.19140625,21015.78125
21321.697265625,21042.392578125
21425.947265625,21040.8203125
21530.80078125,21035.341796875
21615.138671875,20984.09765625
21632.6953125,20880.73046875
21613.44921875,20790.8828125
21580.015625,20697.185546875
21630.34375,20708.181640625
21646.61328125,20808.5859375
21671.44921875,20873.84375
21669.9921875,20978.8125
21630.056640625,21072.96484375
21541.373046875,21124.90625
21436.52734375,21130.185546875
21331.541015625,21128.138671875
21313.591796875,21118.728515625
30045,20664
29940.603515625,20651.6484375
29835.71484375,20644.927734375
29811.150390625,20569.388671875
29856.55078125,20479.53515625
29938.330078125,20414.046875
30028.673828125,20360.443359375
30121.638671875,20311.064453125
30139.5546875,20267.03125
30038.978515625,20240.712890625
29937.4609375,20214.166015625
29834.587890625,20192.595703125
29732.25390625,20168.775390625
29629.572265625,20148.6796875
29563.99609375,20168.724609375
29624.849609375,20250.017578125
29686.611328125,20327.1640625
29641.04296875,20395.671875
29551.666015625,20421.431640625
29446.974609375,20411.677734375
29344.58984375,20392.58984375
29240.986328125,20377.07421875
29139.20703125,20365.6796875
29200.708984375,20421.75390625
29290.02734375,20476.69921875
29379.900390625,20523.6015625
29478.486328125,20560.21484375
29577.26953125,20596.578125
29560.8359375,20650.400390625
29455.923828125,20647.267578125
29353.046875,20625.40625
29249.490234375,20606.6640625
29144.974609375,20614.064453125
29041.33984375,20632.294921875
28969.521484375,20594.9765625
28911.6796875,20532.2890625
28809.900390625,20505.798828125
28709.40234375,20475.740234375
28616.888671875,20448.767578125
28530.291015625,20498.73828125
28462.55078125,20577.20703125
28359.240234375,20596.52734375
28254.32421875,20595.7421875
28162.3984375,20547.904296875
28069.0859375,20505.84375
27971.9765625,20483.572265625
27881.6953125,20435.216796875
27780.087890625,20408.123046875
27685.80859375,20363.1875
27594.2265625,20325.7265625
27499.814453125,20279.74609375
27413.998046875,20227.984375
27312.837890625,20199.484375
27216.091796875,20160.47265625
27114.9140625,20131.744140625
27017.23828125,20092.771484375
26918.076171875,20057.9140625
26821.8125,20015.45703125
26723.068359375,19980.392578125
26624.2421875,19945.666015625
26525.302734375,19910.0546875
26434.001953125,19865.5390625
26337.267578125,19830.455078125
26233.625,19812.16015625
26142.85546875,19763.77734375
26137.08203125,19695.287109375
26236.11328125,19698.158203125
26337.205078125,19727.001953125
26432.4609375,19771.625
26525.439453125,19817.7421875
26627.13671875,19844.42578125
26725.3125,19882.123046875
26824.5546875,19917.201171875
26923.380859375,19953.4140625
27023.302734375,19986.521484375
27123.099609375,20019.994140625
27220.673828125,20059.236328125
27320.462890625,20092.255859375
27420.1953125,20125.82421875
27522.599609375,20149.892578125
27617.55078125,20193.4921875
27720.328125,20215.251953125
27821.4296875,20244.40234375
27920.2421875,20280.126953125
28019.4921875,20311.28125
28121.189453125,20338.25390625
28165.693359375,20326.240234375
28070.90625,20281.732421875
27976.98828125,20244.041015625
27878.166015625,20209.203125
27781.642578125,20167.48828125
27687.326171875,20126.716796875
27598.08984375,20085.748046875
27528.478515625,20033.982421875
27438.65234375,19994.708984375
27485.486328125,19923.111328125
27585.341796875,19953.21484375
27679.953125,19998.017578125
27779.833984375,20028.818359375
27867.55078125,20077.767578125
27966.357421875,20108.2109375
28054.845703125,20164.208984375
28153.353515625,20201.197265625
28253.759765625,20232.798828125
28352.34765625,20269.455078125
28447.97265625,20310.697265625
28551.759765625,20326.451171875
28649.32421875,20365.404296875
28753.1015625,20381.068359375
28848.587890625,20417.884765625
28907.359375,20386.369140625
28818.521484375,20332.390625
28726.501953125,20281.34765625
28633.53515625,20232
28572.974609375,20154.41796875
28651.78125,20093.87890625
28754.291015625,20102.20703125
28844.826171875,20153.98046875
28943.857421875,20189.33203125
29042.072265625,20226.888671875
29141.8359375,20258.517578125
29242.3359375,20287.3046875
29344.59765625,20301.775390625
29447.107421875,20322.490234375
29522.669921875,20293.458984375
29449.669921875,20226.30859375
29356.73046875,20182.099609375
29321.65234375,20104.357421875
29394.98046875,20029.583984375
29496.875,20012.63671875
29595.158203125,20048.107421875
29699.12109375,20062.5546875
29799.353515625,20094.619140625
29900.62109375,20122.95703125
30004.49609375,20139.89453125
30104.453125,20169.845703125
30163.76953125,20204.181640625
30269.01953125,20205.615234375
30374.162109375,20202.328125
30475.982421875,20182.685546875
30544.01953125,20103.87890625
30643.724609375,20072.00390625
30743.498046875,20100.763671875
30837.435546875,20120.9296875
30941.31640625,20103.900390625
31044.83984375,20084.91796875
31147.857421875,20063.306640625
31251.94140625,20047.853515625
31356.345703125,20055.26953125
31272.7109375,20082.703125
31167.994140625,20092.556640625
31097.388671875,20129.697265625
30997.59765625,20162.7890625
30894.466796875,20183.673828125
30789.693359375,20193.15625
30686.466796875,20213.30078125
30587.16796875,20247.787109375
30501.53125,20298.697265625
30396.759765625,20308.41796875
30293.572265625,20327.9921875
30194.505859375,20363.564453125
30099.3359375,20406.255859375
30012.279296875,20461.66796875
29922.140625,20515.060546875
30007.8671875,20553.275390625
30105.25390625,20589.298828125
30205.71875,20620.017578125
30240.533203125,20677.33203125
30136.94140625,20664.958984375
28360.67578125,20521.400390625
28290.234375,20485.41015625
28245.35546875,20516.689453125
26906,20398
26818.361328125,20364.064453125
26730.646484375,20313.705078125
26658.53125,20258.232421875
26564.89453125,20214.09375
26481.0390625,20152.525390625
26502.609375,20125.890625
26579.08984375,20188.390625
26679.9453125,20212.966796875
26767.78125,20264.2421875
26836.84765625,20327.939453125
26932.55078125,20367.283203125
25850,20291
25751.505859375,20257.595703125
25651.037109375,20228.89453125
25549.568359375,20202.068359375
25454.494140625,20172.603515625
25353.583984375,20144.78125
25254.8828125,20113.7734375
25231.197265625,20032.9921875
25162.48046875,20005.3046875
25067.283203125,19964.46875
24976.82421875,19917.75390625
24881.359375,19875.056640625
24794.3046875,19817.982421875
24703.591796875,19767.93359375
24616.01171875,19735.837890625
24520.9140625,19691.794921875
24428.900390625,19654.978515625
24444.970703125,19702.08203125
24533.412109375,19758.486328125
24616.87109375,19822.08984375
24695.173828125,19891.94140625
24770.857421875,19960.22265625
24847.255859375,20027.583984375
24930.435546875,20090.45703125
24926.201171875,20145.501953125
24839.390625,20087.583984375
24750.673828125,20039.451171875
24670.162109375,19972.482421875
24578.21875,19929.9296875
24487.138671875,19877.814453125
24393.626953125,19831.958984375
24295.41015625,19797.3203125
24197.984375,19760.193359375
24099.859375,19726.859375
24008.61328125,19680.0390625
23915.76171875,19633.6171875
23818.234375,19644.7109375
23735.21484375,19580.982421875
23649.09375,19530.46484375
23568.291015625,19464.001953125
23483.9609375,19412.51953125
23403.05078125,19345.818359375
23318.85546875,19284.009765625
23233.921875,19223.037109375
23159.146484375,19154.755859375
23084.07421875,19092.27734375
22993.330078125,19039.763671875
22900.587890625,18991.26171875
22810.271484375,18940.033203125
22765.37109375,18863.68359375
22862.369140625,18846.599609375
22957.705078125,18890.126953125
23045.517578125,18947.416015625
23128.064453125,19011.927734375
23219.32421875,19062.884765625
23312.4140625,19109.822265625
23397.83984375,19170.541015625
23489.91796875,19220.83984375
23574.27734375,19264.953125
23626.986328125,19208.5625
23713.3125,19159.16796875
23812.232421875,19189.208984375
23903.927734375,19240.14453125
23992.052734375,19295.705078125
24079.189453125,19353.638671875
24168.5859375,19406.435546875
24255.716796875,19463.326171875
24345.818359375,19512.310546875
24436.8203125,19556.6015625
24518.140625,19619.482421875
24617.470703125,19653.048828125
24712.787109375,19696.8046875
24803.484375,19747.541015625
24900.123046875,19788.35546875
24991.587890625,19839.1015625
25088.8359375,19878.28125
25190.41015625,19903.646484375
25286.68359375,19941.8515625
25390.84375,19952.849609375
25446.109375,20020.474609375
25514.31640625,20087.515625
25614.501953125,20118.7109375
25715.787109375,20146.21875
25812.3046875,20185.34765625
25913.732421875,20212.248046875
25948.408203125,20291.09765625
24336.654296875,19605.375
24346.322265625,19626.98828125
26520,20220
11435,20202
11447.7958984375,20108.58984375
11431.724609375,20009.763671875
11442.59375,19907.744140625
11449.08984375,19806.833984375
11470.0283203125,19705.044921875
11501.6318359375,19605.603515625
11465.3291015625,19525.251953125
11363.203125,19548.9453125
11261.44140625,19574.603515625
11165.439453125,19599.125
11061.4873046875,19614.9609375
10956.4814453125,19623.0546875
10851.4853515625,19631.279296875
10746.419921875,19638.533203125
10641.236328125,19643.83984375
10535.978515625,19647.310546875
10430.70703125,19646.478515625
10331.1767578125,19628.46484375
10229.556640625,19608.126953125
10130.107421875,19595.453125
10026.7958984375,19575.130859375
9924.568359375,19549.814453125
9822.6484375,19523.283203125
9729.1962890625,19484.3359375
9627.8017578125,19455.94140625
9531.1044921875,19424.443359375
9441.990234375,19380.95703125
9348.9853515625,19335.693359375
9248.3525390625,19308.294921875
9156.150390625,19258.4375
9063.8408203125,19212.0390625
9003.791015625,19154.6484375
8912.0859375,19115.884765625
8973.083984375,19054.724609375
9055.720703125,19119.505859375
9147.6103515625,19169.931640625
9239.5595703125,19219.66015625
9333.732421875,19264.54296875
9431.029296875,19304.70703125
9504.1904296875,19345.462890625
9604.6748046875,19376.59765625
9704.3974609375,19407.248046875
9803.8193359375,19441.365234375
9905.7158203125,19467.994140625
10007.6953125,19494.296875
10110.291015625,19518.0625
10214.0400390625,19536.009765625
10317.2294921875,19556.345703125
10422.3359375,19562.953125
10527.5400390625,19567.828125
10632.8056640625,19571.078125
10737.8642578125,19564.8671875
10842.6923828125,19554.74609375
10947.654296875,19546.140625
11052.015625,19532.234375
11155.69921875,19513.84765625
11259.568359375,19497.912109375
11361.1123046875,19470.2421875
11463.7490234375,19447.86328125
11519.5146484375,19364.595703125
11530.6611328125,19259.89453125
11540.845703125,19155.150390625
11546.20703125,19049.96875
11550.3349609375,18944.734375
11549.3955078125,18839.455078125
11546.6845703125,18734.171875
11544.115234375,18628.88671875
11536.6650390625,18523.8828125
11445.3896484375,18494.115234375
11352.333984375,18472.982421875
11247.8232421875,18461.73046875
11145.978515625,18437.6640625
11046.765625,18408.30859375
10948.478515625,18376.146484375
10852.8984375,18346.103515625
10763.3623046875,18294.205078125
10663.169921875,18262.548828125
10565.5380859375,18223.05859375
10485.978515625,18165.81640625
10401.7802734375,18110.296875
10303.779296875,18072.544921875
10213.046875,18020.349609375
10247.4697265625,17988.041015625
10342.5673828125,18033.19140625
10425.19140625,18091.91796875
10519.8115234375,18130.951171875
10612.609375,18180.099609375
10707.5693359375,18224.322265625
10809.3408203125,18251.4140625
10894.265625,18299.5703125
10996.2890625,18322.826171875
11098.806640625,18346.888671875
11202.0546875,18367.6640625
11305.6591796875,18386.568359375
11409.6669921875,18403.103515625
11513.591796875,18402.4921875
11522.419921875,18312.79296875
11488.12890625,18217.2109375
11453.26953125,18118.333984375
11470.8388671875,18034.087890625
11541.013671875,18097.380859375
11572.640625,18197.677734375
11618.1201171875,18291.708984375
11643,18393.1328125
11739.9951171875,18415.34765625
11684.703125,18497.82421875
11702.8876953125,18600.919921875
11700.8369140625,18683.17578125
11618.521484375,18743.796875
11634.84375,18846.462890625
11616.3671875,18906.228515625
11618.4833984375,19001.46875
11632.90234375,19098.529296875
11617.2861328125,19200.6171875
11635.69921875,19299.642578125
11734.158203125,19285.353515625
11818.73828125,19224.744140625
11909.09765625,19170.787109375
11963.751953125,19082.87890625
12026.6572265625,18999.435546875
12087.9052734375,18914.2421875
12128.6474609375,18896.224609375
12101.630859375,18997.318359375
12053.1982421875,19079.66015625
11989.4208984375,19162.93359375
11921.9248046875,19241.0703125
11840.392578125,19291.015625
11763.630859375,19357.53515625
11678.876953125,19414.13671875
11598.662109375,19479.08984375
11570.6943359375,19579.791015625
11561.798828125,19684.72265625
11545.7353515625,19788.7421875
11521.1455078125,19890.91015625
11570.7744140625,19955.099609375
11670.8154296875,19922.779296875
11766.98828125,19882.00390625
11853.251953125,19821.642578125
11944.546875,19769.2109375
12029.568359375,19707.216796875
12102.3759765625,19631.44140625
12150.0556640625,19538.625
12213.296875,19457.216796875
12298.220703125,19396.134765625
12364.701171875,19321.0546875
12422.15234375,19240.265625
12493.4052734375,19163.51171875
12558.4951171875,19080.720703125
12623.849609375,18998.2734375
12660.09765625,18900.90234375
12684.2900390625,18800.5078125
12699.1083984375,18696.728515625
12711.048828125,18592.220703125
12735.7197265625,18490.890625
12807.4072265625,18419.4375
12828.1943359375,18508.740234375
12807.3330078125,18611.115234375
12808.3359375,18716.234375
12845.7392578125,18812.2890625
12804.4013671875,18904.001953125
12736.314453125,18962.18359375
12696.0283203125,19051.34765625
12622.123046875,19126.20703125
12544.880859375,19196.962890625
12484.94921875,19271.724609375
12414.99609375,19346.380859375
12344.3505859375,19421.576171875
12272.041015625,19485.076171875
12219.2900390625,19574.59765625
12272.7177734375,19580.033203125
12267.86328125,19664.662109375
12368.5166015625,19676.9140625
12469.4697265625,19648.595703125
12571.19140625,19621.36328125
12674.33203125,19600.919921875
12655.939453125,19658.44140625
12555.091796875,19687.1953125
12451.9931640625,19704.00390625
12354.3017578125,19742.802734375
12255.7119140625,19779.171875
12161.0556640625,19825.08984375
12069.7734375,19877.5703125
11976.05078125,19925.591796875
11883.9248046875,19975.12109375
11786.50390625,20014.248046875
11698.9638671875,20065.86328125
11608.279296875,20116.783203125
11534.9599609375,20192.3125
26746,20179
26830.1640625,20146.150390625
26862.10546875,20182.7734375
26775.140625,20206
26453,20193
26373.654296875,20145.765625
26270.775390625,20120.974609375
26171.662109375,20082.921875
26071.7421875,20047.982421875
25984.6015625,20000.068359375
26046.287109375,19947.69140625
26046.806640625,19915.982421875
25951.564453125,19870.904296875
25856.560546875,19833.259765625
25756.267578125,19802.494140625
25667.390625,19746.798828125
25569.892578125,19708.822265625
25470.259765625,19672.29296875
25372.541015625,19639.6484375
25272.947265625,19602.99609375
25268.306640625,19537.990234375
25370.716796875,19527.671875
25468.34765625,19568.95703125
25569.2578125,19600.873046875
25663.423828125,19649.17578125
25762.490234375,19687.27734375
25857.65234375,19732.818359375
25955.533203125,19768.546875
26055.044921875,19805.48828125
26157.599609375,19832.671875
26261.359375,19854.93359375
26360.994140625,19891.375
26465.26953125,19908.779296875
26544.001953125,19973.98046875
26462.8125,20013.544921875
26360.30078125,19988.5234375
26277.958984375,19982.4609375
26252.896484375,20021.931640625
26344.609375,20075.421875
26433.390625,20133.41796875
14694,19953
14713.2587890625,19848.955078125
14758.8818359375,19755.32421875
14787.5751953125,19653.91015625
14828.505859375,19556.763671875
14871.9921875,19462.369140625
14925.388671875,19372.619140625
14995.5966796875,19293.412109375
15070.8662109375,19227.763671875
15150.2919921875,19158.908203125
15233.1904296875,19103.509765625
15200.369140625,19010.076171875
15131.634765625,18942.490234375
15068.068359375,18869.28515625
15011.0419921875,18781.119140625
14976.1826171875,18681.375
14915.6611328125,18607.58984375
14857.1884765625,18532.2109375
14844.0458984375,18427.88671875
14916.408203125,18376.333984375
14983.048828125,18442.1015625
15017.2470703125,18540.3828125
15054.1796875,18632.935546875
15123.5576171875,18704.5546875
15183.0166015625,18789.169921875
15235.99609375,18879.392578125
15250.888671875,18974.560546875
15307.8173828125,19059.943359375
15348.8740234375,19156.515625
15384.2978515625,19213.361328125
15474.9130859375,19264.3515625
15505.7568359375,19360.177734375
15552.83203125,19452.783203125
15602.1201171875,19544.80078125
15640.26953125,19633.431640625
15566.73828125,19604.900390625
15515.103515625,19520.32421875
15457.318359375,19447.595703125
15425.259765625,19375.873046875
15360.2431640625,19295.4140625
15326.66015625,19207.046875
15235.119140625,19184.58203125
15140.2734375,19229.99609375
15083.568359375,19313.97265625
15014.7607421875,19394.515625
14955.2109375,19482.087890625
14911.740234375,19566.158203125
14874.1376953125,19662.298828125
14826.078125,19753.0546875
14771.9765625,19834.658203125
14773.619140625,19882.724609375
14750.330078125,19979.52734375
31477,19943
31515.57421875,19854.896484375
31616.6640625,19824.431640625
31716.076171875,19785.83984375
31809.126953125,19733.5546875
31912.13671875,19707.33984375
32016.736328125,19685.728515625
32122.458984375,19671.736328125
32191.189453125,19663.861328125
32296.07421875,19647.412109375
32402.849609375,19645.11328125
32509.560546875,19649.427734375
32615.580078125,19662.1796875
32710.998046875,19702.0859375
32807.43359375,19728.8984375
32705.548828125,19742.390625
32600.650390625,19722.466796875
32494.001953125,19717.609375
32387.228515625,19720.43359375
32280.59375,19726.65625
32174.078125,19734.67578125
32067.505859375,19741.958984375
31961.908203125,19756.28125
31864.462890625,19799.556640625
31770.5625,19850.43359375
31672.869140625,19893.560546875
31568.255859375,19912.1875
25181,19883
25130.140625,19799.96875
25060.791015625,19726.30859375
24982.921875,19662.451171875
24904.724609375,19591.771484375
24830.265625,19519.666015625
24742.91796875,19461.447265625
24672.5078125,19393.76171875
24600.4921875,19322.466796875
24506.939453125,19274.90234375
24431.630859375,19205.55859375
24341.953125,19150.6171875
24260.3515625,19083.921875
24181.6171875,19015.55078125
24140.904296875,18926.775390625
24222.19921875,18889.71875
24321.51953125,18923.419921875
24393.470703125,18977.15234375
24478.828125,19031.259765625
24578.478515625,19065.859375
24667.05859375,19122.544921875
24764.98828125,19157.865234375
24862.48828125,19198.4609375
24962.951171875,19228.974609375
25059.890625,19213.033203125
24990.716796875,19139.458984375
24936.248046875,19071.267578125
24853.671875,19012.578125
24779.603515625,18947.3359375
24700.21484375,18878.39453125
24630.423828125,18820.048828125
24549.1328125,18773.802734375
24462.97265625,18712.748046875
24376.0390625,18653.208984375
24295.95703125,18584.505859375
24213.16796875,18519.15234375
24140.837890625,18453.748046875
24182.3359375,18373.865234375
24285.318359375,18394.8671875
24381.275390625,18438.736328125
24476.8515625,18483.546875
24568.908203125,18535.404296875
24663.037109375,18583.396484375
24758.984375,18627.63671875
24858.890625,18661.572265625
24961.951171875,18684.81640625
25066.814453125,18694.611328125
25041.388671875,18622.34765625
24966.125,18548.197265625
24884.1328125,18482.626953125
24816.19140625,18407.98046875
24736.259765625,18343.53125
24641.142578125,18302.9140625
24633.359375,18265.615234375
24541.884765625,18222.521484375
24458.087890625,18161.927734375
24372.484375,18101.1640625
24298.4921875,18027.185546875
24345.166015625,17941.33203125
24439.90234375,17959.984375
24530.732421875,18009.556640625
24621.8203125,18063.064453125
24715.458984375,18112.01171875
24807.583984375,18163.2890625
24909.064453125,18189.466796875
24960.318359375,18266.08203125
24863.51953125,18230.86328125
24761.85546875,18211.859375
24679.30078125,18200.900390625
24745.626953125,18276.21875
24822.888671875,18341.615234375
24904.23046875,18408.91015625
24991.701171875,18467.77734375
25055.05859375,18544
25142.345703125,18602.53515625
25205.16015625,18684.5390625
25194.99609375,18782.12890625
25093.048828125,18803.22265625
24989.93359375,18783.4140625
24887.01171875,18760.7890625
24798.013671875,18707.451171875
24693.39453125,18695.126953125
24601.013671875,18667.490234375
24656.390625,18730.357421875
24731.4453125,18796.623046875
24804.33984375,18871.517578125
24869.7734375,18952.728515625
24961.19921875,19003.060546875
25044.697265625,19067.390625
25102.05859375,19151.568359375
25185.0703125,19215.92578125
25225.07421875,19307.296875
25157.71484375,19376.37890625
25053.96484375,19358.1640625
24966.5703125,19317.576171875
24864.220703125,19293.666015625
24770.919921875,19251.232421875
24681.734375,19212.48828125
24582.455078125,19176.76953125
24587.529296875,19228.978515625
24675.109375,19288.056640625
24754.603515625,19357.4140625
24823.19921875,19435.46875
24908.134765625,19496.125
24984.490234375,19567.935546875
25065.478515625,19633.45703125
25149.771484375,19695.67578125
25198.84375,19768.9140625
25243.623046875,19846.77734375
24530.814453125,19168.998046875
30516,19871
30411.84375,19856.62109375
30310.896484375,19826.787109375
30212.0625,19789.201171875
30117.943359375,19747.10546875
30026.650390625,19701.36328125
29958.03125,19666.2734375
29864.3125,19630.02734375
29772.3046875,19580.650390625
29683.951171875,19526.240234375
29602.16796875,19465.05859375
29512.1875,19421.341796875
29436.216796875,19370.9921875
29489.841796875,19288.109375
29582.9296875,19336.4921875
29669.099609375,19397.921875
29744.501953125,19468.4140625
29840.630859375,19510.662109375
29933.6015625,19558.798828125
30023.9765625,19613.400390625
30123.5,19645.03125
30221.431640625,19685.248046875
30322.375,19717.302734375
30419.794921875,19758.814453125
30516.197265625,19746.458984375
30430.96484375,19702.037109375
30339.880859375,19651.28125
30254.634765625,19589.42578125
30182.572265625,19526.5546875
30199.2890625,19442.994140625
30301.123046875,19455.93359375
30400.8125,19490.791015625
30494.41015625,19540.078125
30590.3984375,19584.060546875
30687.220703125,19626.123046875
30782.58984375,19670.619140625
30884.57421875,19694.61328125
30988.728515625,19711.78515625
31066.064453125,19653.09765625
31167.48828125,19631.888671875
31272.833984375,19625.421875
31378.5859375,19619.904296875
31484.52734375,19619.04296875
31590.421875,19621.775390625
31609.767578125,19689.138671875
31505.490234375,19704.662109375
31399.814453125,19712.1328125
31294.677734375,19724.8828125
31191.42578125,19746.787109375
31118.220703125,19806.810546875
31021.345703125,19769.97265625
30916.27734375,19758.6796875
30813.466796875,19737.599609375
30710.51953125,19714.880859375
30708.453125,19794.77734375
30672.94921875,19846.564453125
30575.08984375,19878.33984375
30563.626953125,19866.974609375
28765,19680
28661.40625,19668.767578125
28560.888671875,19647.888671875
28457.564453125,19628.8203125
28356.267578125,19602.251953125
28255.677734375,19572.783203125
28155.025390625,19543.36328125
28060.509765625,19503.853515625
27972.759765625,19468.27734375
27876.73046875,19425.642578125
27777.91015625,19391.7578125
27697.52734375,19328.064453125
27602.82421875,19284.685546875
27611.2421875,19210.966796875
27709.037109375,19244.7421875
27806.484375,19283.166015625
27898.677734375,19328.08984375
27994.94140625,19368.42578125
28093.765625,19404.0078125
28191.564453125,19441.986328125
28288.9140625,19475.849609375
28391.65625,19497.578125
28488.916015625,19535.90625
28591.24609375,19558.416015625
28695.41015625,19572.384765625
28760.9375,19568.53125
28688.833984375,19502.517578125
28598.626953125,19449.513671875
28512.337890625,19393.109375
28425.5546875,19347.7734375
28331.83203125,19300.212890625
28247.080078125,19242.578125
28153.412109375,19196.427734375
28059.412109375,19150.087890625
27974.638671875,19089.01953125
27924.236328125,19014.08203125
28009.45703125,18955.765625
28113.2734375,18966.287109375
28214.45703125,18994.625
28314.033203125,19028.228515625
28414.13671875,19060.17578125
28454.232421875,19042.896484375
28363.859375,18989.337890625
28285.5390625,18939.890625
28206.447265625,18883.447265625
28110.427734375,18840.7265625
28022.50390625,18789.3046875
27936.12890625,18734.541015625
27848.720703125,18677.419921875
27770.111328125,18607.921875
27708.732421875,18524.228515625
27772.630859375,18453.55859375
27874.708984375,18462.53125
27964.744140625,18516.419921875
28054.0390625,18571.71875
28150.62109375,18613.091796875
28248.9453125,18649.640625
28336.00390625,18652.1015625
28258.34375,18585.091796875
28180.296875,18518.96875
28094.669921875,18465.125
28008.138671875,18411.134765625
27924.015625,18349.181640625
27841.642578125,18289.111328125
27759.978515625,18225.1953125
27682.5234375,18165.484375
27607.5,18099.435546875
27623.759765625,18002.732421875
27717.4140625,17971.95703125
27810.90234375,18012.55078125
27904.908203125,18055.705078125
27988.095703125,18119.408203125
28089.78125,18144.658203125
28188.212890625,18181.107421875
28278.66796875,18233.75390625
28357.5390625,18205.537109375
28259.326171875,18170.150390625
28193.92578125,18110.01953125
28106.521484375,18053.404296875
28025.109375,17987.24609375
27942.04296875,17924.884765625
27856.146484375,17869.6328125
27772.83203125,17811.78125
27702.947265625,17753.0546875
27628.181640625,17688.55859375
27598.685546875,17604.3828125
27686.3671875,17566.525390625
27781.2421875,17611.341796875
27867.3671875,17671.3203125
27961.0078125,17717.09765625
28052.212890625,17768.8515625
28147.578125,17812.947265625
28245.92578125,17849.513671875
28334.201171875,17885.173828125
28334.052734375,17847.646484375
28260.884765625,17783.27734375
28183.595703125,17717.44921875
28110.513671875,17654.625
28031.8125,17590.5546875
27952.388671875,17530.57421875
27881.84765625,17462.068359375
27802.646484375,17421.32421875
27783.486328125,17334.744140625
27682.083984375,17308.974609375
27604.55859375,17247.408203125
27514.154296875,17200.349609375
27454.0546875,17125.689453125
27379.4609375,17053.689453125
27333.23828125,16966.1953125
27363.939453125,16874.771484375
27457.53515625,16881.796875
27547.427734375,16934.703125
27640.93359375,16982.333984375
27731.423828125,17033.560546875
27826.521484375,17078.251953125
27918.388671875,17129.208984375
28018.341796875,17153.64453125
27965.515625,17087.396484375
27884.45703125,17020.54296875
27815.32421875,16951.498046875
27735.75390625,16883.255859375
27656.763671875,16815.107421875
27586.041015625,16742.5078125
27517.609375,16671.63671875
27451.77734375,16597.41796875
27381.19140625,16519.666015625
27320.5859375,16433.919921875
27315.474609375,16338.7626953125
27403.31640625,16290.0888671875
27501.58984375,16317.0986328125
27589.75390625,16372.3740234375
27678.912109375,16426.083984375
27758.57421875,16494.564453125
27846.3515625,16549.83984375
27938.427734375,16597.060546875
28031.162109375,16643.318359375
28127.11328125,16686.099609375
28224.68359375,16723.474609375
28322.0703125,16731.51171875
28257.646484375,16650.5078125
28188.14453125,16571.861328125
28105.8984375,16511.859375
28031.220703125,16440.005859375
27966.525390625,16376.51953125
27890.818359375,16306.7861328125
27810.955078125,16240.6513671875
27746.07421875,16158.36328125
27670.572265625,16099.33203125
27594.041015625,16032.21875
27532.486328125,15972.314453125
27458.048828125,15902.5029296875
27385.884765625,15826.4951171875
27330.03125,15746.0302734375
27262.5546875,15672.1962890625
27286.82421875,15581.09375
27378.01953125,15545.1611328125
27472.66796875,15588.634765625
27558.38671875,15649.44140625
27645.244140625,15708.22265625
27731.87890625,15763.396484375
27822.36328125,15816.7275390625
27912.6953125,15870.3740234375
28001.16796875,15926.3447265625
28093.09375,15971.0966796875
28188.810546875,16002.8662109375
28203.005859375,15929.9609375
28123.88671875,15872.8857421875
28071.37109375,15800.9228515625
27994.654296875,15730.328125
27930.6875,15655.3505859375
27884.251953125,15583.0966796875
27801.89453125,15532.3134765625
27731.59375,15456.005859375
27658.296875,15382.3134765625
27582.84765625,15309.9921875
27515.396484375,15229.9853515625
27449.314453125,15157.1875
27383.78125,15075.2294921875
27341.783203125,14984.037109375
27283.244140625,14903.990234375
27269.3828125,14801.2451171875
27338.646484375,14725.44921875
27437.484375,14750.400390625
27522.35546875,14807.3447265625
27606.58203125,14866.0546875
27693.630859375,14924.423828125
27773.71875,14988.5908203125
27866.51171875,15037.1201171875
27956.599609375,15084.3544921875
28030.818359375,15140.80859375
28112.880859375,15173.0634765625
28113.162109375,15100.8828125
28047.94140625,15018.5205078125
27979.400390625,14942.4697265625
27905.373046875,14873.3056640625
27846.060546875,14790.1337890625
27777.408203125,14736.3818359375
27705.833984375,14665.0498046875
27638.185546875,14585.947265625
27575.009765625,14503.099609375
27500.9140625,14434.615234375
27447.5625,14344.48046875
27417.01953125,14246.7705078125
27479.34375,14163.51171875
27571.091796875,14156.015625
27667.228515625,14197.974609375
27755.783203125,14254.0546875
27832.951171875,14311.140625
27928.625,14345.11328125
27997.041015625,14398.16015625
28097.8125,14421.572265625
28192.853515625,14463.3056640625
28285.091796875,14499.7373046875
28369.05078125,14472.3330078125
28319.955078125,14388.8134765625
28256.33203125,14306.7978515625
28174.359375,14243.4169921875
28113.693359375,14165.5048828125
28049.55859375,14097.888671875
27968.205078125,14034.3779296875
27907.884765625,13949.24609375
27843.001953125,13866.5986328125
27780.7265625,13790.45703125
27780.587890625,13690.1923828125
27867.93359375,13653.712890625
27967.56640625,13674.5087890625
28057.1640625,13728.353515625
28140.8203125,13788.4150390625
28220.83984375,13854.552734375
28313.05078125,13899.2177734375
28415.435546875,13922.7109375
28447.28515625,13877.869140625
28387.421875,13801.8994140625
28329.49609375,13722.1435546875
28267.6796875,13644.025390625
28205.314453125,13559.47265625
28196.30078125,13472.095703125
28269.693359375,13413.58984375
28370.455078125,13441.7099609375
28458.396484375,13499.1611328125
28541.55078125,13563.3994140625
28628.107421875,13620.2568359375
28719.359375,13660.8173828125
28811.697265625,13703.119140625
28897.033203125,13735.3212890625
28971.220703125,13795.4736328125
29067.44921875,13834.2373046875
29067.830078125,13875.732421875
28976.458984375,13857.7626953125
28888.34765625,13809.8125
28797.630859375,13783.3876953125
28704.537109375,13738.8779296875
28611.21875,13696.3984375
28519.232421875,13648.2470703125
28430.4609375,13597.4990234375
28434.9140625,13674.0029296875
28503.009765625,13752.2734375
28552.98828125,13842.671875
28617.232421875,13916.40625
28589.564453125,14008.5380859375
28490.80859375,14036.7353515625
28387.69140625,14017.9140625
28287.59375,13987.19921875
28197.5390625,13933.74609375
28107.185546875,13891.2138671875
28019.21484375,13837.181640625
28002.447265625,13880.501953125
28063.60546875,13962.248046875
28133.015625,14041.1328125
28205.373046875,14117.359375
28275.74609375,14195.390625
28341.666015625,14270.9658203125
28409.208984375,14350.9111328125
28457.712890625,14442.7265625
28449.03515625,14538.166015625
28358.220703125,14579.69140625
28254.02734375,14569.923828125
28155.666015625,14534.1767578125
28093.703125,14492.482421875
27990.32421875,14474.9189453125
27903.509765625,14423.3740234375
27814.181640625,14382.63671875
27721.142578125,14333.916015625
27638.20703125,14285.462890625
27555.40625,14293.8818359375
27583.853515625,14384.5693359375
27661.8203125,14445.7255859375
27725.6875,14523.0439453125
27795.755859375,14601.2119140625
27868.296875,14677.2548828125
27938.10546875,14750.4228515625
28011.15234375,14825.8564453125
28084.80078125,14900.83203125
28151.736328125,14980.955078125
28203.93359375,15070.6337890625
28241.78515625,15152.03515625
28222.080078125,15238.6435546875
28118.25390625,15250.142578125
28023.9453125,15223.951171875
27935.091796875,15180.3466796875
27849.748046875,15129.9521484375
27764.626953125,15075.572265625
27677.61328125,15022.8134765625
27601.83984375,14961.310546875
27511.44921875,14912.048828125
27412.3984375,14890.0322265625
27442.0703125,14980.5322265625
27503.375,15060.2734375
27573.564453125,15134.5224609375
27650.802734375,15205.361328125
27720.767578125,15280.46484375
27788.138671875,15361.029296875
27860.541015625,15436.732421875
27931.326171875,15512.55859375
27995.939453125,15594.5947265625
28071.232421875,15661.6953125
28131.0625,15742.677734375
28197.78125,15809.224609375
28261.015625,15885.9990234375
28312.38671875,15971.986328125
28357.58984375,16058.2451171875
28301.224609375,16131.431640625
28219.0078125,16103.9599609375
28122.26953125,16064.453125
28025.251953125,16026.69140625
27940.4765625,15979.4541015625
27850.533203125,15926.6083984375
27751.970703125,15891.2333984375
27682.44921875,15823.9287109375
27579.236328125,15807.9462890625
27593.884765625,15881.8759765625
27662.837890625,15955.541015625
27733.73828125,16031.767578125
27817.431640625,16095.205078125
27887.41796875,16169.037109375
27952.6796875,16242.2333984375
28026.435546875,16312.005859375
28105.4296875,16380.8466796875
28182.26171875,16452.1328125
28262.509765625,16519.986328125
28340.25,16590.70703125
28410.662109375,16668.59375
28453.296875,16762.380859375
28420.333984375,16841.568359375
28319.9140625,16869.53125
28224.9609375,16834.416015625
28132.51953125,16790.39453125
28045.52734375,16737.10546875
27951.216796875,16692.501953125
27862.09375,16637.689453125
27772.908203125,16584.021484375
27690.013671875,16533.640625
27606.263671875,16478.62109375
27513.240234375,16441.978515625
27517.865234375,16515.86328125
27598.689453125,16580.431640625
27661.681640625,16661.001953125
27732.236328125,16738.458984375
27804.203125,16808.763671875
27887.5,16872.78515625
27958.013671875,16949.48046875
28041.767578125,17010.443359375
28119.291015625,17081.095703125
28192.869140625,17155.025390625
28267.5,17225.703125
28343.513671875,17298.0390625
28324.37890625,17376.275390625
28220.943359375,17377.515625
28124.337890625,17337.283203125
28033.69140625,17289.90234375
27942.66796875,17245.1875
27845.380859375,17206.005859375
27752.1640625,17159.68359375
27665.375,17124.013671875
27620.8203125,17139.474609375
27694.92578125,17209.630859375
27782.71875,17266.931640625
27859.3671875,17338.814453125
27932.181640625,17414.58203125
28009.98828125,17479.783203125
28091.80859375,17542.9140625
28173.6953125,17607.556640625
28253.01171875,17676.0390625
28334.9921875,17734.900390625
28396.369140625,17813.13671875
28483.87109375,17870.05078125
28550.548828125,17945.501953125
28556.712890625,18032.16015625
28453.349609375,18038.8125
28356.78515625,18009.021484375
28256.509765625,17980.25
28158.728515625,17945.087890625
28206.875,18000.0078125
28269.654296875,18083.51953125
28359.43359375,18137.521484375
28439.12890625,18205.927734375
28523.6796875,18267.275390625
28602.931640625,18336.169921875
28665.712890625,18415.9296875
28603.806640625,18473.21484375
28507.939453125,18431.466796875
28411.82421875,18391.01953125
28319.8828125,18346.998046875
28227.357421875,18298.435546875
28141.5703125,18240.197265625
28039.140625,18218.6015625
27943.267578125,18180.275390625
27877.74609375,18191.6328125
27965.146484375,18247.52734375
28045.2265625,18315.39453125
28133.66796875,18372.04296875
28219.501953125,18429.58984375
28303.791015625,18492.322265625
28390.7734375,18551.30859375
28476.373046875,18612.271484375
28561.306640625,18674.099609375
28636.103515625,18742.38671875
28717.57421875,18805.818359375
28741.521484375,18900.1171875
28661.38671875,18939.6171875
28567.916015625,18900.9921875
28479.056640625,18854.6015625
28391.078125,18809.162109375
28292.5078125,18777.234375
28314.015625,18827.517578125
28398.603515625,18889.716796875
28492.841796875,18933.763671875
28574.505859375,18998.32421875
28665.3046875,19051.17578125
28752.81640625,19107.376953125
28844.978515625,19151.904296875
28882.66015625,19237.783203125
28787.490234375,19272.03125
28683.240234375,19260.009765625
28583.59765625,19228.369140625
28482.763671875,19200.2421875
28380.677734375,19176.29296875
28405.591796875,19222.607421875
28495.001953125,19277.822265625
28585.86328125,19330.61328125
28668.923828125,19391.2890625
28758.294921875,19445.513671875
28848.83203125,19498.19921875
28930.662109375,19563.720703125
28979.16796875,19654.16015625
28889.580078125,19689.7890625
28785.306640625,19680.462890625
28188.388671875,18748.296875
12949,19658
12996.5703125,19573.599609375
13087.0517578125,19525.99609375
13173.23046875,19471.771484375
13266.373046875,19432.984375
13353.7236328125,19383.404296875
13446.51953125,19387.85546875
13378.0625,19453.283203125
13290.7822265625,19506.583984375
13199.1533203125,19546.478515625
13130.7783203125,19603.64453125
13039.275390625,19641.935546875
17806,19638
17719.826171875,19569.1015625
17647.3828125,19485.623046875
17580.4375,19421.265625
17515.38671875,19336.025390625
17607.818359375,19353.251953125
17687.822265625,19429.859375
17766.849609375,19507.5
17844.34375,19585.541015625
17342,19518
17284.53125,19445.8125
17235.4453125,19371.255859375
17189.990234375,19323.392578125
17117.6484375,19254.658203125
17140.755859375,19173.330078125
17215.8203125,19239.408203125
17270.15234375,19321.8671875
17331.951171875,19393.720703125
17382.80078125,19478.91796875
16340,19470
16266.6796875,19402.19140625
16330.3876953125,19369.9609375
16375.0205078125,19452.365234375
16970,19482
16904.8828125,19410.544921875
16834.25390625,19336.939453125
16788.185546875,19249.869140625
16872.087890625,19248.10546875
16920.337890625,19338.705078125
16981.994140625,19421.58984375
26259,19480
26163.650390625,19437.46484375
26067.302734375,19396.126953125
25984.140625,19342.822265625
25923.34765625,19277.40625
26004.265625,19232.2109375
26106.84375,19256.3046875
26198.88671875,19306.458984375
26291.76953125,19356.25390625
26385.923828125,19400.6640625
26363.837890625,19478.447265625
32525,19480
32440.447265625,19462.94921875
32357.970703125,19422.044921875
32253.943359375,19409.93359375
32157.259765625,19383.19921875
32063.638671875,19358.634765625
31968.7109375,19336.49609375
31867.912109375,19313.26953125
31765.5546875,19291.48046875
31668.568359375,19252.681640625
31565.00390625,19237.689453125
31460.7734375,19227.23828125
31364.822265625,19197.28125
31265.751953125,19176.322265625
31322.3359375,19134.640625
31426.998046875,19139.2109375
31531.544921875,19145.74609375
31632.984375,19170.681640625
31736.158203125,19185.802734375
31838.53515625,19207.943359375
31941.03515625,19229.408203125
32043.61328125,19250.494140625
32143.900390625,19280.61328125
32243.650390625,19308.486328125
32341.705078125,19343.447265625
32439.931640625,19379.130859375
32543.2890625,19395.634765625
32614.703125,19350.62109375
32514.6015625,19325.634765625
32423.677734375,19274.90234375
32333.111328125,19222.65625
32239.015625,19176.869140625
32150.947265625,19137.15234375
32067.640625,19086.322265625
31971.23046875,19045.615234375
31881.333984375,18991.96875
31797.728515625,18933.853515625
31837.341796875,18848.30859375
31941.208984375,18846.708984375
32043.7578125,18867.609375
32140.9140625,18906.4453125
32241.99609375,18931.498046875
32313.28125,18991.126953125
32208.66015625,18995.072265625
32132.4609375,19023.265625
32220.5078125,19075.337890625
32314.88671875,19120.79296875
32406.46484375,19169.94921875
32501.37109375,19213.5625
32598.4453125,19239.55078125
32681.5234375,19181.146484375
32758.94140625,19110.73828125
32839.828125,19044.265625
32920.69140625,18977.85546875
33001.62890625,18911.689453125
33085.45703125,18858.63671875
33109.5859375,18775.9453125
33179.28515625,18699.076171875
33240.50390625,18614.423828125
33294.9921875,18525.203125
33368.625,18451.447265625
33415.18359375,18361.8984375
33439.6953125,18261.51171875
33519.59375,18252.02734375
33488.06640625,18346.927734375
33434.9765625,18432.4921875
33390.5234375,18522.859375
33344.64453125,18611.318359375
33283.6640625,18691.505859375
33214.44921875,18752.330078125
33156.00390625,18818.14453125
33100.32421875,18901.10546875
33040.7734375,18977.783203125
32983.27734375,19039.521484375
32905.234375,19102.00390625
32823.1875,19166.77734375
32734.517578125,19222.1328125
32657.984375,19290.74609375
32738.603515625,19357.53515625
32804.51953125,19436.580078125
32721.80078125,19486.6796875
32617.111328125,19489.626953125
31851.14453125,19268.9140625
14721,19449
14706.126953125,19340.486328125
14784.8095703125,19332.71484375
14798.7333984375,19428.943359375
15843,19443
15856.8603515625,19352.2734375
15892.974609375,19263.318359375
15977.9521484375,19229.279296875
15988.7666015625,19313.19921875
15914.6064453125,19378.873046875
16587,19394
16470,19361
16473.1328125,19271.595703125
16575.158203125,19262.662109375
16585.810546875,19365.18359375
26487,19357
26394.86328125,19329.34375
26327.376953125,19270.775390625
26234.744140625,19232.220703125
26153.1796875,19169.142578125
26064.587890625,19116.494140625
25977.509765625,19060.046875
25925.873046875,18975.298828125
26001.625,18909.984375
26103.0703125,18908.998046875
26192.431640625,18962.732421875
26287.80078125,19004.568359375
26380.0078125,19053.046875
26475.642578125,19094.421875
26565.125,19139.43359375
26551.443359375,19183.55078125
26452.02734375,19163.517578125
26354.4296875,19129.3046875
26321.630859375,19179.564453125
26408.5859375,19236.86328125
26485.859375,19306.7890625
13722,19352
13653.064453125,19278.830078125
13563.2802734375,19233.828125
13532.6650390625,19137.19140625
13500.3251953125,19043.142578125
13441.8779296875,18960.669921875
13341.5078125,18944.734375
13258.9794921875,18902.85546875
13249.6201171875,18799.1484375
13213.373046875,18703.4140625
13134.1875,18656.86328125
13040.02734375,18644.693359375
13058.9169921875,18559.75
13089.2333984375,18466.087890625
13084.8076171875,18361.990234375
13052.1884765625,18278.193359375
12964.376953125,18242.07421875
12958.2265625,18139.42578125
12962.0322265625,18039.6015625
12924.888671875,17945.720703125
12837.09765625,17908.146484375
12814.912109375,17809.197265625
12809.73046875,17705.16015625
12832.6103515625,17608.822265625
12871.8642578125,17515.943359375
12957.029296875,17503.90234375
12947.576171875,17600.6328125
12940.1328125,17704.462890625
12995.626953125,17763.5859375
13054.4755859375,17838.447265625
13066.921875,17932.2578125
13113.2734375,18023.4453125
13152.5888671875,18111.044921875
13155.173828125,18211.8125
13176.5888671875,18307.470703125
13182.2353515625,18405.552734375
13196.0703125,18498.73046875
13260.2216796875,18570.189453125
13270.9638671875,18669.609375
13293.703125,18767.8203125
13385.3212890625,18807.044921875
13479.2353515625,18850.4453125
13518.6728515625,18942.384765625
13542.6640625,19041.490234375
13589.724609375,19131.439453125
13670.896484375,19193.669921875
13744.341796875,19265.1875
13846.8125,19271.6640625
13950.4921875,19262.52734375
14016.57421875,19303.765625
13929.7470703125,19352.8046875
13825.6787109375,19357.60546875
14395,19350
14298.3759765625,19333.130859375
14258.6015625,19300.857421875
14356.7685546875,19257.833984375
14447.197265625,19300
22785,19131
22689.341796875,19083.248046875
22598.318359375,19027.462890625
22512.263671875,18984.81640625
22419.79296875,18942.904296875
22324.2890625,18899.38671875
22318.6875,18972.03515625
22240.21484375,18910.0625
22148.54296875,18855.0078125
22065.25390625,18788.34765625
21980.9921875,18732.630859375
21893.140625,18671.953125
21813.21875,18600.86328125
21727.68359375,18537.69921875
21673.16015625,18467.58203125
21733.140625,18412.943359375
21814.30859375,18482.494140625
21888.796875,18556.208984375
21974.6484375,18618.16015625
22048.982421875,18694.763671875
22129.91796875,18760.876953125
22201.763671875,18839.43359375
22300.0546875,18862.01171875
22370.89453125,18818.82421875
22471.716796875,18853.154296875
22572.33203125,18889.212890625
22656.4765625,18953.365234375
22744.541015625,19013.82421875
22813.845703125,19093.76953125
26665,19082
17121,19066
17054.658203125,19002.951171875
16967.73828125,18995.734375
16942.505859375,18897.96875
16856.2109375,18847.734375
16786.59765625,18785.8359375
16770.23828125,18682.30859375
16735.59765625,18585.01171875
16667.9375,18524.11328125
16574.853515625,18494.09375
16549.03125,18393.6484375
16533.005859375,18289.109375
16453.98046875,18232.623046875
16405.19921875,18155.958984375
16404.837890625,18050.197265625
16401.87890625,17949.41015625
16337.5166015625,17874.64453125
16282.82421875,17797.341796875
16269.87109375,17694.4375
16267.6884765625,17588.67578125
16267.6591796875,17485.7265625
16315.421875,17396.3515625
16411.66015625,17398.203125
16414.171875,17498.810546875
16438.7890625,17579.763671875
16497.28125,17656.455078125
16506.9296875,17761.6953125
16552.671875,17842.7265625
16589.376953125,17928.806640625
16609.779296875,18031.203125
16617.61328125,18133.37109375
16684.52734375,18198.830078125
16767.43359375,18241.974609375
16794.69921875,18342.552734375
16788.435546875,18446.220703125
16840.396484375,18537.48046875
16921.55859375,18604.5
16964.375,18692.140625
16990.291015625,18794.52734375
17070.607421875,18859.421875
17135.208984375,18937.115234375
17181.443359375,19029.912109375
26640,19060
26550.634765625,19006.927734375
26460.1875,18957.1171875
26369.548828125,18903.765625
26280.103515625,18850.8515625
26192.6171875,18791.64453125
26106.494140625,18729.146484375
26117.748046875,18646.39453125
26216.09375,18668.6953125
26293.748046875,18740.5078125
26378.71875,18801.2265625
26470.482421875,18850.8046875
26551.939453125,18919.310546875
26630.712890625,18991.1171875
15825,19007
15785.50390625,18903.18359375
15860.82421875,18952.541015625
22353,19013
30852,18979
30759.62109375,18930.5546875
30664.98046875,18891.79296875
30585.94140625,18825.244140625
30498.11328125,18772.470703125
30429.541015625,18708.259765625
30333.74609375,18668.875
30252.125,18608.904296875
30190.1875,18572.779296875
30099.94921875,18530.935546875
30018.529296875,18474.501953125
29937.015625,18420.365234375
29883.62890625,18438.740234375
29949.9921875,18517.443359375
30014.38671875,18600.224609375
30096.673828125,18664.779296875
30162.267578125,18744.3359375
30234.673828125,18806.111328125
30295.326171875,18885.330078125
30298.25390625,18969.384765625
30201.2421875,18951.591796875
30111.166015625,18902.046875
30054.177734375,18825.361328125
29984.533203125,18806.767578125
29919.94921875,18763.458984375
29828.130859375,18722.7734375
29744.140625,18660.669921875
29671.984375,18602.615234375
29581.181640625,18551.4453125
29497.98046875,18487.58984375
29431.15234375,18427.896484375
29349.3671875,18362.861328125
29267.96875,18321.791015625
29187.078125,18255.34375
29106.58203125,18188.900390625
29060.76171875,18097.4609375
29084.576171875,18008.24609375
29180.47265625,18028.16796875
29251.021484375,18097.171875
29320.916015625,18174.009765625
29384.3515625,18254.59765625
29463.2734375,18322.509765625
29538.73828125,18387.771484375
29618.640625,18433.27734375
29699.822265625,18493.794921875
29781.498046875,18557.896484375
29864.125,18614.43359375
29885.01171875,18605.013671875
29834.3125,18523.69921875
29747.16796875,18466.013671875
29675.822265625,18393.955078125
29612.734375,18313.73828125
29544.771484375,18240.4375
29490.33203125,18162.482421875
29417.720703125,18089.98046875
29364.84765625,18002.544921875
29427.017578125,17931.646484375
29525.185546875,17965.447265625
29606.880859375,18030.935546875
29683.537109375,18102.638671875
29762.5078125,18171.751953125
29851.7890625,18225.783203125
29888.6171875,18292.779296875
29975.8046875,18347.248046875
30060.203125,18395.376953125
30142.345703125,18460.171875
30229.546875,18517.333984375
30310.908203125,18578.861328125
30395.169921875,18625.40625
30485.474609375,18666.55859375
30443.3515625,18605.244140625
30375.72265625,18533.67578125
30301.005859375,18471.986328125
30224.98828125,18400.9609375
30156.005859375,18328.638671875
30085.78125,18274.333984375
30015.509765625,18206.8984375
29939.51953125,18134.52734375
29869.2109375,18056.650390625
29802.634765625,17978.525390625
29753.107421875,17887.154296875
29774.95703125,17801.1484375
29866.373046875,17787.1953125
29962.234375,17826.279296875
30044.912109375,17885.322265625
30111.32421875,17946.69921875
30025.36328125,17964.39453125
29943.8203125,17958.029296875
29995.42578125,18041.9140625
30070.466796875,18114.060546875
30131.490234375,18196.49609375
30216.271484375,18252.521484375
30286.556640625,18327.703125
30361.62109375,18393.796875
30432.97265625,18470.744140625
30514.6171875,18531.544921875
30587.892578125,18605.498046875
30665.55859375,18673.7265625
30745.1328125,18739.66015625
30829.904296875,18799.888671875
30897.46875,18871.931640625
30921.1875,18970.951171875
30587.25390625,18715.048828125
30362.126953125,18664.515625
14390,18959
14342.8359375,18876.078125
14420.458984375,18930.099609375
32709,18939
32634.5546875,18874.619140625
32548.80078125,18829.107421875
32469.3125,18771.791015625
32378.74609375,18719.328125
32289.166015625,18672.244140625
32201.083984375,18616.876953125
32115.39453125,18559.740234375
32033.720703125,18496
31939.630859375,18451.76171875
31872.84765625,18381.091796875
31906.85546875,18308.498046875
32008.3515625,18293.662109375
32088.35546875,18359.83984375
32101.75390625,18433.287109375
32180.791015625,18486.23046875
32259.849609375,18554.64453125
32350.001953125,18604.28125
32442.642578125,18649.90625
32536.41015625,18694.703125
32617.326171875,18760.302734375
32704.21875,18817.041015625
32766.458984375,18896.669921875
15681,18778
15651.1396484375,18684.283203125
15638.662109375,18600.82421875
15720.611328125,18649.1953125
15724.7783203125,18749.712890625
21737,18711
21654.7734375,18654.08984375
21574.607421875,18602.34375
21488.669921875,18544.248046875
21413.466796875,18477.638671875
21335.294921875,18424.546875
21249.345703125,18366.798828125
21238.20703125,18291.9140625
21337.771484375,18311.8046875
21423.326171875,18370.1953125
21502.11328125,18437.69140625
21589.634765625,18493.142578125
21650.7890625,18559.7890625
21731.77734375,18620.962890625
21784.056640625,18704.984375
15351,18659
15301.1083984375,18574.98828125
15244.3251953125,18495.353515625
15206.2333984375,18409.8203125
15166.10546875,18325.099609375
15112.7734375,18244.11328125
15063.662109375,18153.2734375
15014.521484375,18067.341796875
14930.77734375,18010.0078125
14868.8583984375,17939.33984375
14839.423828125,17839.380859375
14795.1240234375,17745.935546875
14705.080078125,17693.029296875
14674.5556640625,17592.828125
14630.7060546875,17496.748046875
14664.275390625,17421.970703125
14746.28515625,17470.6328125
14836.67578125,17520.216796875
14882.943359375,17607.517578125
14916.5732421875,17706.560546875
14953.3916015625,17801.810546875
15036.9208984375,17863.93359375
15091.1044921875,17953.3828125
15135.091796875,18047.923828125
15189.0537109375,18136.08984375
15204.4833984375,18233.728515625
15257.953125,18312.169921875
15290.7919921875,18404.21484375
15343.126953125,18495.595703125
15380.7734375,18589.70703125
15376.5283203125,18678.978515625
19970,18672
19889.869140625,18611.046875
19815.390625,18542.451171875
19767.82421875,18494.7265625
19707.943359375,18410.169921875
19652.458984375,18326.197265625
19740.734375,18277.76171875
19762.68359375,18183.0625
19836.130859375,18221.443359375
19845.173828125,18317.02734375
19822.642578125,18417.552734375
19881.068359375,18500.607421875
19955.953125,18572.220703125
20027.474609375,18631.4921875
14036,18545
14001.466796875,18448.744140625
13979.658203125,18345.771484375
13963.6455078125,18242.044921875
13890.017578125,18205.3125
13801.3408203125,18167.361328125
13814.0390625,18069.927734375
13817.76171875,17968.3828125
13821.8388671875,17862.8671875
13791.1376953125,17769.099609375
13686.072265625,17760.0078125
13626.27734375,17689.341796875
13636.3779296875,17589.93359375
13545.7021484375,17547.486328125
13541.29296875,17442.8359375
13539.701171875,17343.44140625
13442.2001953125,17306.525390625
13430.6484375,17207.95703125
13391.0146484375,17132.9453125
13309.396484375,17078.873046875
13322.357421875,16974.349609375
13346.9482421875,16872.203125
13306.7060546875,16778.109375
13339.619140625,16688.73046875
13388.123046875,16594.9921875
13441.0986328125,16503.6953125
13520.9482421875,16451.0703125
13567.076171875,16540.765625
13588.658203125,16630.62109375
13672.349609375,16683.7734375
13664.1357421875,16789.08203125
13686.275390625,16884.53125
13745.720703125,16966.4921875
13735.62890625,17071.361328125
13742.697265625,17172.388671875
13823.6318359375,17233.53125
13818.3798828125,17338.75
13809.439453125,17443.9921875
13795.072265625,17543.294921875
13877.447265625,17608.5625
13883.6845703125,17712.83203125
13882.0234375,17818.26171875
13888.8935546875,17910.765625
13914.849609375,18008.033203125
13997.1455078125,18070.853515625
14021.81640625,18172.701171875
14047.568359375,18271.982421875
14066.79296875,18373.955078125
14155.08984375,18409.40234375
14233.7978515625,18473.0390625
14245.55078125,18557.73046875
14140.0341796875,18559.591796875
14510,18449
14513.5537109375,18393.33203125
15561,18433
15491.07421875,18355.22265625
15482.0341796875,18250.111328125
15461.060546875,18147.728515625
15407.2109375,18069.0859375
15321.0947265625,18017.494140625
15290.078125,17918.43359375
15282.3388671875,17812.87890625
15270.1728515625,17707.80859375
15220.12890625,17617.52734375
15176.5419921875,17531.728515625
15164.4736328125,17427.552734375
15190.5634765625,17325.31640625
15143.6455078125,17243.443359375
15055.6015625,17190.103515625
15044.599609375,17094.5
14995.5654296875,17027.0234375
14932.21875,16951.732421875
14907.28515625,16849.60546875
14915.9501953125,16745.09765625
14963.125,16651.8515625
15010.033203125,16557.328125
15077.1728515625,16475.677734375
15163.6240234375,16444.03515625
15169.529296875,16537.791015625
15147.5927734375,16631.73046875
15232.138671875,16691.4140625
15247.009765625,16781.244140625
15213.4619140625,16871.421875
15241.8720703125,16944.509765625
15305.875,17025.224609375
15291.50390625,17129.853515625
15275.3486328125,17234.46875
15253.3427734375,17337.29296875
15316.2236328125,17408.9921875
15372.794921875,17490.328125
15367.12890625,17592.015625
15360.25,17693.32421875
15391.025390625,17791.431640625
15490.7138671875,17821.541015625
15530.2265625,17904.076171875
15534.6787109375,18001.783203125
15557.0625,18102.4921875
15553.71875,18208.208984375
15600.5078125,18300.4296875
15649.0791015625,18392.587890625
26658,18408
26575.078125,18363.693359375
26486.640625,18309.96875
26385.892578125,18281.826171875
26302.18359375,18234.095703125
26210.984375,18192.962890625
26123.587890625,18140.92578125
26031.5,18102.044921875
25933.3671875,18065.72265625
25840.849609375,18036.501953125
25767.373046875,17981.1875
25695.603515625,18006.40234375
25777.6015625,18068.755859375
25863.818359375,18123.60546875
25938.9140625,18187.044921875
25904.080078125,18276.3203125
25804.31640625,18256.212890625
25716.904296875,18225.5
25619.75390625,18198.1640625
25519.025390625,18169.80859375
25428.66015625,18123.5859375
25342.00390625,18086.8125
25244.0703125,18049.31640625
25148.60546875,18014.42578125
25157.853515625,18077.28125
25233.84375,18149.205078125
25300.0234375,18225.46484375
25369.69140625,18301.294921875
25321.439453125,18377.421875
25224.474609375,18341.3125
25235.828125,18264.6171875
25156.845703125,18197.015625
25080.62890625,18143.05078125
24994.03515625,18087.677734375
24924.2265625,18023.947265625
24847.697265625,17958.580078125
24770.986328125,17927.107421875
24685.40234375,17867.5546875
24609.228515625,17800.005859375
24639.173828125,17713.93359375
24738.904296875,17694.791015625
24829.38671875,17746.482421875
24918.5625,17800.470703125
25011.986328125,17847.966796875
25104.611328125,17897.427734375
25197.91015625,17944.169921875
25294.84375,17983.19140625
25389.05078125,18029.537109375
25480.12109375,18078.201171875
25577.560546875,18116.4921875
25670.880859375,18155.021484375
25673.05859375,18112.9296875
25588.015625,18056.158203125
25499.09375,18000.611328125
25415.392578125,17944.26171875
25338.69921875,17878.060546875
25249.02734375,17830.76953125
25164.533203125,17771.955078125
25105.869140625,17722.279296875
25008.1328125,17684.484375
24939.150390625,17619.3125
24988.484375,17547.419921875
25090.916015625,17555.287109375
25186.39453125,17598.97265625
25278.228515625,17647.25390625
25366.150390625,17702.26953125
25459.580078125,17750.12109375
25557.373046875,17787.384765625
25647.076171875,17841.748046875
25736.138671875,17896.51953125
25744.74609375,17840.015625
25653.337890625,17797.3046875
25574.140625,17737.380859375
25489.5234375,17676.703125
25464.69921875,17581.365234375
25553.99609375,17543.794921875
25652.4765625,17579.6484375
25744.494140625,17630.142578125
25834.84765625,17682.705078125
25931.720703125,17722.314453125
26024.845703125,17767.533203125
26122.658203125,17804.962890625
26218.255859375,17829.240234375
26253.78125,17825.826171875
26166.041015625,17772.376953125
26082.521484375,17714.880859375
25997.896484375,17657.26953125
25913.935546875,17609.478515625
25824.822265625,17554.048828125
25745.71484375,17488.416015625
25721.353515625,17411.380859375
25793.98828125,17353.142578125
25895.974609375,17377.74609375
25998.68359375,17398.939453125
26030.37109375,17349.568359375
25943.296875,17291.744140625
25870.052734375,17220.94140625
25787.13671875,17158.798828125
25702.806640625,17097.025390625
25687.43359375,17038.001953125
25786.927734375,17025.294921875
25866.861328125,17088.642578125
25944.365234375,17156.576171875
26031.078125,17215.4375
26100.833984375,17288.630859375
26179.814453125,17356.6171875
26257.736328125,17426.375
26304.30859375,17519.8828125
26225.0390625,17571.470703125
26120.244140625,17571.4296875
26146.705078125,17630.91796875
26227.88671875,17697.390625
26315.9609375,17752.439453125
26392.7734375,17820.52734375
26477.12109375,17880.142578125
26540.916015625,17959.439453125
26513.869140625,18046.193359375
26413.93359375,18022.08203125
26316.515625,17984.830078125
26220.013671875,17948.75
26127.35546875,17901.466796875
26031.802734375,17875.056640625
25991.359375,17890.53515625
26078.849609375,17937.646484375
26177.564453125,17970.662109375
26264.7265625,18028.994140625
26349.83203125,18090.283203125
26438.83203125,18144.283203125
26526.958984375,18198.93359375
26613.96484375,18255.9609375
26706.8359375,18304.89453125
26739.490234375,18375.109375
26673.484375,18411.552734375
23160,18395
23100.009765625,18318.38671875
23020.986328125,18256.443359375
22945.03125,18183.884765625
22877.267578125,18110.775390625
22809.318359375,18042.365234375
22738.072265625,17970.919921875
22673.943359375,17905.271484375
22617.708984375,17827.3125
22646.90234375,17742.685546875
22749.0703125,17728.025390625
22829.158203125,17786.93359375
22928.486328125,17816.279296875
23025.5859375,17855.9609375
23118.794921875,17899.966796875
23079.62890625,17836.779296875
23013.841796875,17755.2265625
22940.3359375,17689.384765625
22853.412109375,17630.24609375
22775.57421875,17563.5078125
22700.83203125,17493.39453125
22612.6796875,17439.369140625
22618.845703125,17346.9140625
22713.767578125,17304.390625
22758.541015625,17212.4140625
22858.759765625,17182.396484375
22959.453125,17210.265625
23061.26953125,17236.61328125
23156.56640625,17279.416015625
23248.498046875,17322.05078125
23351.662109375,17339.25390625
23358.701171875,17295.5859375
23289.2421875,17228.654296875
23207.771484375,17169
23132.93359375,17105.923828125
23041.580078125,17055.158203125
22960.43359375,16988.466796875
22879.560546875,16932.4921875
22812.607421875,16859.9609375
22775.369140625,16774.857421875
22844.91015625,16707.56640625
22945.599609375,16719.4765625
23046.703125,16747.880859375
23138.271484375,16799.396484375
23233.73046875,16842.05078125
23335.248046875,16869.51171875
23420.98046875,16852.169921875
23340.00390625,16787.09765625
23259.134765625,16721.01171875
23170.60546875,16665.501953125
23104.05078125,16604.57421875
23022.00390625,16545.177734375
22933.458984375,16488.7109375
22858.548828125,16418.091796875
22850.1640625,16329.2783203125
22935.091796875,16274.7802734375
23037.42578125,16297.982421875
23136.2265625,16334.0703125
23233.708984375,16373.0361328125
23323.6015625,16427.611328125
23418.412109375,16470.771484375
23520.955078125,16493.7265625
23601.912109375,16508.513671875
23516.904296875,16450.705078125
23431.951171875,16388.9716796875
23354.068359375,16338.6171875
23277.29296875,16277.7421875
23195.5703125,16212.7685546875
23115.4296875,16155.6748046875
23035.267578125,16106.306640625
22950.857421875,16044.109375
22893.376953125,15972.5908203125
22953.72265625,15904.40625
23054.09765625,15933.791015625
23145.482421875,15984.4013671875
23227.4296875,16043.623046875
23317.21875,16090.265625
23414.2734375,16130.142578125
23510.302734375,16172.2578125
23607.015625,16213.5927734375
23705.732421875,16249.5576171875
23809.56640625,16265.228515625
23908.45703125,16282.3232421875
23839.048828125,16216.7744140625
23767.35546875,16154.30859375
23684.841796875,16098.93359375
23608.123046875,16045.94140625
23521.546875,15992.611328125
23438.888671875,15935.744140625
23350.162109375,15880.2197265625
23260.33984375,15827.140625
23177.146484375,15770.4443359375
23095.7421875,15703.9208984375
23025.47265625,15639.900390625
23032.390625,15547.48828125
23130.697265625,15544.4814453125
23228.12890625,15583.998046875
23319.232421875,15635.587890625
23410.697265625,15682.2041015625
23504.220703125,15730
23601.1953125,15770.7841796875
23693.759765625,15819.953125
23791.78515625,15855.3525390625
23867.865234375,15859.9462890625
23779.236328125,15805.7705078125
23695.27734375,15750.005859375
23610.9609375,15705.529296875
23531.5,15638.5458984375
23560.52734375,15562.5673828125
23659.439453125,15549.90234375
23757.775390625,15583.84375
23851.142578125,15632.33984375
23945.11328125,15679.6591796875
24039.447265625,15726.244140625
24134.94140625,15770.2060546875
24230.47265625,15814.2392578125
24326.083984375,15853.548828125
24423.517578125,15891.2255859375
24522.57421875,15926.400390625
24617.529296875,15969.296875
24712.171875,16009.4443359375
24810.416015625,16045.896484375
24908.701171875,16081.255859375
24979.611328125,16069.4287109375
24888.96484375,16018.619140625
24793.81640625,15973.8642578125
24699.060546875,15928.9580078125
24610.044921875,15872.9423828125
24520.662109375,15824.0078125
24432.353515625,15767.2734375
24352.107421875,15714.375
24267.2421875,15667.322265625
24205.98828125,15592.58203125
24265.734375,15512.15625
24366.04296875,15502.33203125
24465.853515625,15535.6005859375
24564.943359375,15570.888671875
24661.08203125,15613.5361328125
24751.68359375,15659.013671875
24846.822265625,15702.4814453125
24872.1015625,15663.47265625
24787.990234375,15610.4794921875
24701.341796875,15551.3740234375
24612.603515625,15509.9794921875
24525.72265625,15451.0634765625
24458.4375,15387.7001953125
24498.19921875,15302.572265625
24602.4140625,15289.5517578125
24704.79296875,15305.560546875
24795.6875,15358.3828125
24892.447265625,15399.5625
24985.583984375,15448.16796875
25085.41015625,15481.30859375
25182.7109375,15521.11328125
25277.0546875,15518.5244140625
25209.599609375,15457.2333984375
25138.7109375,15400.6728515625
25047.630859375,15361.6904296875
24997.76953125,15311.8134765625
24917.89453125,15251.0556640625
24833.861328125,15206.6484375
24750.80859375,15143.134765625
24669.310546875,15086.0419921875
24592.927734375,15013.828125
24561.421875,14927.826171875
24651.779296875,14880.2734375
24754.818359375,14900.69921875
24854.623046875,14933.861328125
24949.732421875,14978.6435546875
25037.21875,15032.220703125
25131.7890625,15077.3505859375
25228.19140625,15111.076171875
25332.26953125,15103.91015625
25310.40625,15034.8583984375
25235.240234375,14974.392578125
25164.779296875,14899.9169921875
25071.859375,14863.2421875
25000.705078125,14819.146484375
24936.904296875,14741.689453125
24862.341796875,14667.5087890625
24833.81640625,14575.015625
24895.029296875,14497.2421875
24998.205078125,14483.765625
25093.3203125,14516.95703125
25185.58984375,14509.62109375
25261.509765625,14471.0771484375
25208.759765625,14396.720703125
25141.873046875,14319.5830078125
25069.265625,14249.5537109375
24988.037109375,14183.0146484375
24906.11328125,14119.73828125
24827.416015625,14056.7119140625
24750.4453125,13995.615234375
24704.60546875,13938.939453125
24614.24609375,13887.6005859375
24653.171875,13799.4189453125
24756.544921875,13792.759765625
24836.109375,13854.2919921875
24930.46875,13900.2880859375
25019.35546875,13949.5810546875
25108.318359375,14005.38671875
25057.220703125,14047.1142578125
24987.16796875,14056.23046875
25062.2734375,14129.814453125
25146.85546875,14191.8193359375
25225.3828125,14261.74609375
25290.423828125,14340.71875
25341.703125,14429.7958984375
25355.421875,14529.830078125
25291.646484375,14600.5302734375
25187.7265625,14615.025390625
25083.861328125,14601.6796875
24980.314453125,14594.306640625
25032.32421875,14678.3662109375
25108.5390625,14748.4638671875
25179.833984375,14822.021484375
25262.958984375,14884.8935546875
25344.16796875,14951.689453125
25415.830078125,15020.876953125
25486.587890625,15097.609375
25455.84765625,15180.9404296875
25352.1953125,15197.3330078125
25249.16015625,15180.8994140625
25153.080078125,15142.1533203125
25050.703125,15118.849609375
24951.884765625,15083.119140625
24860.08984375,15044.3466796875
24779.251953125,15037.1142578125
24851.6640625,15109.4482421875
24933.037109375,15169.66796875
25003.060546875,15233.5048828125
25093.37109375,15284.587890625
25162.908203125,15362.1396484375
25261.181640625,15399.21484375
25351.537109375,15452.5673828125
25440.46484375,15508.24609375
25522.388671875,15574.1435546875
25553.572265625,15669.76171875
25458.15234375,15697.4619140625
25356.8515625,15669.115234375
25257.671875,15634.26953125
25160.5625,15593.8046875
25065.0546875,15559.2265625
24970.6328125,15528.375
24889.921875,15493.4326171875
24791.58984375,15456.107421875
24725.837890625,15425.2099609375
24710.2734375,15462.05078125
24806.0390625,15505.2353515625
24896.927734375,15557.931640625
24985.298828125,15612.9755859375
25066.861328125,15675.4384765625
25152.701171875,15733.060546875
25247.013671875,15775.2548828125
25334.26171875,15833.9912109375
25416.609375,15899.4326171875
25483.935546875,15975.2333984375
25432.494140625,16035.0498046875
25329.931640625,16012.3740234375
25239.505859375,15977.158203125
25140.673828125,15949.255859375
25045.40234375,15904.6748046875
24959.337890625,15852.9072265625
24875.177734375,15829.416015625
24785.08984375,15777.8076171875
24681.28125,15766.1787109375
24746.166015625,15832.3642578125
24836.78125,15881.4619140625
24926.431640625,15934.1259765625
25022.564453125,15974.7109375
25109.673828125,16031.5849609375
25205.974609375,16073.7763671875
25297.06640625,16125.6279296875
25388.150390625,16176.3076171875
25482.58203125,16217.685546875
25571.451171875,16272.9677734375
25657.810546875,16332.3623046875
25674.087890625,16399.341796875
25593.21875,16426.755859375
25493.81640625,16393.66796875
25396.1015625,16355.140625
25299.703125,16321.0966796875
25201.708984375,16291.1025390625
25113.3046875,16236.90625
25013.3984375,16205.0703125
24928.09375,16172.833984375
24827.48828125,16142.49609375
24734.736328125,16096.8935546875
24634.904296875,16064.3896484375
24535.107421875,16031.0791015625
24436.94140625,15993.2958984375
24336.240234375,15985.23046875
24426.6328125,16032.1611328125
24509.654296875,16095.4833984375
24604.796875,16139.3662109375
24689.83984375,16200.8447265625
24777.11328125,16258.27734375
24802.96875,16334.525390625
24711.423828125,16330.9208984375
24612.251953125,16304.9326171875
24516.6875,16262.1103515625
24425.970703125,16223.9873046875
24333.287109375,16179.4609375
24236.75,16139.1025390625
24150.30078125,16096.7822265625
24050.521484375,16066.5205078125
23952.974609375,16027.5419921875
23861.078125,15976.943359375
23763.15625,15938.541015625
23665.853515625,15898.7802734375
23569.42578125,15856.982421875
23480.255859375,15833.587890625
23544.908203125,15890.2265625
23632.20703125,15944.2978515625
23709.712890625,16009.57421875
23797.0078125,16065.2734375
23886.36328125,16119.9951171875
23964.2109375,16190.6591796875
24051.23828125,16249.630859375
24119.97265625,16323.173828125
24111.201171875,16402.4169921875
24008.806640625,16418.048828125
23906.51953125,16394.5859375
23815.185546875,16361.1123046875
23719.767578125,16318.7646484375
23621.6875,16289.4072265625
23523.091796875,16253.1259765625
23441.509765625,16251.7783203125
23518.298828125,16321.0126953125
23602.51953125,16383.34375
23679.736328125,16448.22265625
23759.623046875,16515.943359375
23821.48046875,16599.271484375
23766.9375,16673.1640625
23666.134765625,16656.919921875
23576.791015625,16610.625
23476.080078125,16589.33984375
23390.001953125,16542.13671875
23299.76171875,16496.7890625
23208.162109375,16458.078125
23109.693359375,16423.33984375
23010.744140625,16392.5927734375
23042.275390625,16444.041015625
23128.96484375,16503.587890625
23206.61328125,16566.912109375
23293.017578125,16626.8671875
23376.34765625,16689.869140625
23464.55078125,16746.224609375
23547.5703125,16809.384765625
23631.419921875,16872.509765625
23686.80859375,16960.40234375
23619.626953125,17029.681640625
23518.44140625,17003.3828125
23422.978515625,16971.38671875
23320.197265625,16950.54296875
23235.4375,16913.7109375
23149.9921875,16879.63671875
23057.994140625,16850.71484375
22956.71875,16835.080078125
23007.552734375,16910.791015625
23096.7265625,16964.89453125
23178.97265625,17030
23263.212890625,17092.23046875
23345.2734375,17157.96484375
23429.669921875,17219.802734375
23504.03125,17288.8359375
23577.638671875,17363.994140625
23557.775390625,17440.818359375
23453.55859375,17441.49609375
23358.859375,17416.611328125
23256.91015625,17391.01953125
23161.55078125,17351.43359375
23065.181640625,17326.9296875
23025.0546875,17365.703125
23108.9921875,17428.599609375
23191.41015625,17490.451171875
23287.052734375,17530.82421875
23341.783203125,17612.31640625
23272.94921875,17672.4921875
23174.59375,17644.1328125
23075.546875,17616.177734375
23041.84375,17668.66796875
23122.099609375,17736.435546875
23192.720703125,17813.99609375
23262.90625,17889.240234375
23319.779296875,17969.62890625
23245.658203125,18022.908203125
23145.12109375,18007.82421875
23047.63671875,17972.87109375
22954.486328125,17928.603515625
22859.359375,17885.79296875
22762.48828125,17851.658203125
22813.18359375,17881.98828125
22858.341796875,17955.51953125
22929.076171875,18030.533203125
23004.625,18102.9296875
23071.517578125,18178.96875
23147.798828125,18248.095703125
23218.25390625,18324.1328125
23226.611328125,18392.35546875
24324.89453125,15947.119140625
24241.533203125,15936.7626953125
24331.568359375,15974.578125
25006.041015625,15758.998046875
24916.884765625,15730.203125
25006.849609375,15781.2021484375
23319,15756.498046875
14865,18359
14800.478515625,18281.234375
14775.43359375,18177.693359375
14782.6748046875,18100.5390625
14853.0703125,18181.83984375
14891.90625,18287.1640625
14438,18334
14415.61328125,18246.982421875
14344.1142578125,18179.712890625
14288.5576171875,18099.93359375
14307.6435546875,18008.802734375
14311.7998046875,17914.009765625
14297.9052734375,17811.7265625
14246.314453125,17731.736328125
14193.130859375,17658.740234375
14225.626953125,17564.794921875
14162.521484375,17490.427734375
14168.43359375,17391.34375
14197.7763671875,17298.294921875
14222.1689453125,17203.40625
14317.55078125,17198.8515625
14321.4013671875,17294.900390625
14375.720703125,17378.560546875
14357.7578125,17477.6328125
14336.900390625,17575.87890625
14374.0771484375,17667.962890625
14375.1923828125,17755.302734375
14381.6494140625,17853.150390625
14386.3623046875,17956.521484375
14390.3671875,18059.8828125
14462.9150390625,18128.923828125
14485.8203125,18225.75
14483.5146484375,18314.2109375
20995,18268
20908.658203125,18207.326171875
20833.77734375,18192.98046875
20752.578125,18144.705078125
20652.494140625,18104.87109375
20547.64453125,18080.615234375
20440.25,18072.318359375
20335.16796875,18048.6171875
20236.35546875,18006.248046875
20276.603515625,17951.38671875
20382.60546875,17950.509765625
20486.466796875,17979.298828125
20591.255859375,18004.20703125
20697.646484375,18021.32421875
20797.607421875,18060.98046875
20889.298828125,18112.03515625
20968.42578125,18181.419921875
21045.017578125,18240.48046875
30752,18192
30680.54296875,18132.712890625
30602.326171875,18060.453125
30536.341796875,17984.896484375
30451.484375,17924.51953125
30381.427734375,17852.384765625
30291.529296875,17795.951171875
30227.357421875,17721.43359375
30186.671875,17627.15234375
30236.43359375,17538.20703125
30337.6484375,17552.515625
30418.916015625,17616.599609375
30495.267578125,17688.3671875
30535.46484375,17742.025390625
30541.798828125,17782.181640625
30625.005859375,17748.5390625
30708.55078125,17814.25390625
30741.08203125,17878.974609375
30644.833984375,17875.794921875
30590.373046875,17801.826171875
30490.21484375,17780.4609375
30522.80859375,17849.119140625
30586.134765625,17924.283203125
30659.06640625,17997.3203125
30722.544921875,18081.58203125
30800.5625,18152.521484375
33427,18081
33491.4296875,18000.916015625
33573.0390625,17933.212890625
33662.6328125,17875.87109375
33755.73828125,17824.80078125
33856.85546875,17789.33984375
33960.30078125,17765.4296875
34065.18359375,17766.970703125
34162.984375,17750.607421875
34270.06640625,17754.552734375
34377.13671875,17758.849609375
34409.03515625,17801.1640625
34304.93359375,17820.90625
34197.7890625,17819.37109375
34090.71875,17821.85546875
33985.19140625,17839.6796875
33879.453125,17856.796875
33776.51171875,17884.666015625
33688.29296875,17944.880859375
33606.28515625,18012.765625
33523.10546875,18079.3671875
32049,18039
31953.49609375,18003.6328125
31860.978515625,17966.982421875
31771.015625,17912.994140625
31685.103515625,17858.689453125
31608.453125,17792.498046875
31630.783203125,17694.138671875
31576.892578125,17626.89453125
31494.841796875,17570.0703125
31499.626953125,17484.115234375
31600.22265625,17460.974609375
31701.732421875,17488.630859375
31801.505859375,17518.06640625
31886.333984375,17558.6484375
31858.357421875,17496.40625
31771.64453125,17438.1875
31685.603515625,17379.9921875
31663.15234375,17288.482421875
31745.068359375,17229.884765625
31802.36328125,17300.087890625
31888.38671875,17357.439453125
31959.6328125,17433.1171875
32051.955078125,17482.607421875
32140.94140625,17537.0703125
32218.177734375,17607.46484375
32183.380859375,17692.359375
32082.470703125,17710.478515625
31982.04296875,17685.037109375
32059.380859375,17749.220703125
32150.982421875,17800.837890625
32236.400390625,17862.322265625
32329.095703125,17911.3203125
32384.150390625,17983.2421875
32288.6875,18008.013671875
32195.3984375,17960.240234375
32103.212890625,17934.396484375
32000.6875,17911.62890625
32019.46484375,17965.03515625
32112.419921875,18013.7265625
19810,17991
19801.498046875,17935.53125
19894.03515625,17890.796875
19952.20703125,17801.595703125
20015.013671875,17714.828125
20084.95703125,17633.81640625
20112.798828125,17537.267578125
20180.3671875,17461.16015625
20169.642578125,17556.59765625
20149.419921875,17655.572265625
20089.98828125,17744.029296875
20034.134765625,17831.015625
19984.62890625,17914.212890625
19911.048828125,17979.85546875
21840,17970
21749.033203125,17931.271484375
21651.48828125,17893.255859375
21558.513671875,17894.109375
21508.54296875,17967.8984375
21411.51171875,17934.7578125
21317.1875,17903.1796875
21221.259765625,17865.146484375
21127.74609375,17880.533203125
21031.142578125,17904.14453125
20942.298828125,17855.232421875
20841.322265625,17828.181640625
20756.859375,17767.802734375
20668.2734375,17712.119140625
20600.43359375,17660.15234375
20619.625,17577.455078125
20652.435546875,17502.89453125
20755.66796875,17515.703125
20851.98046875,17553.001953125
20894.0859375,17467.30859375
20997.548828125,17463.244140625
21076.37890625,17530.63671875
21162.859375,17584.826171875
21259.802734375,17615.25
21357.390625,17650.158203125
21309.580078125,17604.228515625
21246.626953125,17526.24609375
21166.15625,17463.81640625
21100.2109375,17387.998046875
21169.302734375,17332.564453125
21265.45703125,17374.08203125
21357.87890625,17423.30859375
21431.23046875,17417.841796875
21363.91796875,17343.912109375
21292.048828125,17280.3046875
21316.529296875,17185.923828125
21412.0390625,17161.017578125
21507.96875,17198.580078125
21597.35546875,17253.166015625
21692.396484375,17293.8125
21787.96875,17336.494140625
21810.49609375,17304.845703125
21731.728515625,17242.18359375
21641.15625,17194.119140625
21551.5,17145.458984375
21479.888671875,17077.708984375
21532.046875,16989.287109375
21633.4453125,16986.681640625
21722.431640625,17038.36328125
21818.1171875,17079.078125
21906.134765625,17051.669921875
21829.607421875,17012.71875
21743.857421875,16953.69140625
21750.17578125,16860.169921875
21848.09375,16863.861328125
21932.978515625,16921.216796875
22034.7421875,16942.841796875
22135.21875,16969.869140625
22173.125,16910.798828125
22097.802734375,16851.443359375
22014.443359375,16788.357421875
21932.921875,16728.017578125
21959.0078125,16643.783203125
22044.544921875,16662.548828125
22127.26171875,16724.703125
22188.841796875,16808.181640625
22257.826171875,16886.85546875
22326.41015625,16961.744140625
22309.658203125,17055.8828125
22225.341796875,17082.341796875
22121.666015625,17078.111328125
22186.85546875,17149.123046875
22267.228515625,17206.123046875
22196.615234375,17281.333984375
22099.3828125,17265.126953125
21999.33984375,17243.275390625
21928.7890625,17259.140625
22011.802734375,17322.96875
22090.876953125,17391.693359375
22167.390625,17463.271484375
22222.361328125,17544.546875
22147.8125,17602.462890625
22046.84765625,17574.77734375
21956.1015625,17528.80859375
21861.478515625,17483.83984375
21768.8046875,17434.96875
21681.447265625,17380.189453125
21584.375,17345.341796875
21520.70703125,17367.27734375
21592.62109375,17439.126953125
21680.69921875,17494.943359375
21770.138671875,17549.32421875
21856.6015625,17608.50390625
21940.255859375,17671.5546875
22019.953125,17739.548828125
22104.671875,17800.69921875
22193.36328125,17855.703125
22179.333984375,17947.625
22078.89453125,17930.4921875
21995.62109375,17880.279296875
21903.2578125,17843.234375
21882.830078125,17881.69921875
21884.642578125,17973.849609375
20891.40625,17588.34765625
20943.375,17603.302734375
21521.8125,17488.58203125
21850.79296875,17373.080078125
21430.259765625,17310.82421875
30804,17949
30838.349609375,17930.94921875
30994,17933
30979,17913
30968.248046875,17865.171875
30920.005859375,17840.216796875
30847.541015625,17784.060546875
30780.1796875,17706.466796875
30696.669921875,17642.27734375
30631.8515625,17560.330078125
30582.017578125,17507.822265625
30481.87890625,17479.248046875
30397.150390625,17432.107421875
30442.564453125,17364.251953125
30544.482421875,17348.404296875
30617.146484375,17422.6171875
30698.2734375,17490.234375
30778.671875,17558.650390625
30840.685546875,17639.01171875
30909.90625,17709.826171875
30975.345703125,17768.54296875
31024.44140625,17854.685546875
30778,17893
11182,17867
11110.7080078125,17815.005859375
11058.2958984375,17816.0703125
10977.6171875,17781.451171875
10883.91796875,17748.83203125
10794.8359375,17692.810546875
10704.91796875,17637.01171875
10621.8046875,17571.5
10545.1298828125,17505.83984375
10475.3974609375,17436.794921875
10390.8271484375,17376.904296875
10424.0966796875,17335.6953125
10511.3515625,17394.478515625
10597.83203125,17454.3828125
10677.6650390625,17518.12890625
10753.43359375,17575.419921875
10840.482421875,17633.0390625
10933.7451171875,17682.08203125
11033.6171875,17715.6953125
11137.1650390625,17720.3203125
11108.5517578125,17637.361328125
11063.16796875,17545.97265625
11020.900390625,17453.330078125
10937.5126953125,17391.529296875
10928.6328125,17292.4453125
11005.4716796875,17346.80859375
11077.111328125,17420.720703125
11163.8232421875,17474.5078125
11177.369140625,17559.84375
11235.740234375,17647.953125
11264.99609375,17748.822265625
11253.77734375,17852.94140625
34159,17243
34169.74609375,17139.947265625
34196.66796875,17041.076171875
34233.0390625,16954.25390625
34284.3203125,16865.373046875
34340.01171875,16779.599609375
34417.6640625,16710.162109375
34485.578125,16632.6953125
34555.296875,16555.435546875
34590.5546875,16461.833984375
34615.671875,16390.0205078125
34676.54296875,16454.3515625
34624.703125,16537.462890625
34602.31640625,16625.72265625
34555.25390625,16709.99609375
34472.921875,16768.90234375
34412.90234375,16852.365234375
34359.02734375,16940.671875
34304.16015625,17028.955078125
34266.52734375,17118.0546875
34232.40234375,17210.58984375
33000,17197
32897.16015625,17173.142578125
32793.3984375,17154.09765625
32690.3828125,17131.37109375
32591.73828125,17109.970703125
32491.5078125,17083.048828125
32398.2265625,17052.09375
32311.87109375,17003.771484375
32208.66796875,16981.9375
32108.755859375,16959.765625
32011.203125,16919.458984375
31911.849609375,16884.28515625
31818.03125,16838.91015625
31816.904296875,16753.3125
31920.5859375,16764.28515625
32015.58203125,16809.533203125
32114.845703125,16843.916015625
32204.185546875,16882.310546875
32305.203125,16912.85546875
32406.49609375,16941.662109375
32498.5234375,16989.380859375
32603.458984375,17000.4765625
32702.912109375,17032.765625
32803.59375,17059.244140625
32908.59765625,17070.466796875
33011.67578125,17092.828125
33116.02734375,17107.662109375
33186.4921875,17072.3984375
33116.30078125,17007.181640625
33037.72265625,16954.158203125
32941.9375,16910.962890625
32851.28125,16857.66796875
32757.28515625,16812.3125
32662.625,16767.62890625
32572.796875,16713.5859375
32488.166015625,16654.138671875
32511.326171875,16561.431640625
32612.21875,16544.3671875
32715.439453125,16566.69140625
32807.4453125,16616.525390625
32908.375,16646.998046875
33008.05078125,16681.841796875
33102.17578125,16729.24609375
33201.703125,16763.75
33291.859375,16800.796875
33395.64453125,16814.732421875
33490.7265625,16852.779296875
33580.87890625,16843.33203125
33483.24609375,16803.75390625
33405.7421875,16741.439453125
33308.54296875,16701.85546875
33226.1484375,16655.109375
33138.78125,16601.568359375
33048.703125,16547.283203125
32962.96875,16493.892578125
32965.6484375,16403.912109375
33044.5703125,16365.93359375
33146.69140625,16391.349609375
33250.66796875,16407.541015625
33352.09375,16431.3515625
33455.87109375,16450.47265625
33560.51953125,16462.69140625
33532.98046875,16391.837890625
33486.26953125,16325.12890625
33393.95703125,16288.5791015625
33313.234375,16231.4345703125
33246.8828125,16161.3154296875
33158.0390625,16109.091796875
33096.1015625,16035.900390625
33056.05859375,15945.119140625
33124.984375,15871.3642578125
33230.34765625,15875.5009765625
33327.65625,15913.1025390625
33428.796875,15942.9619140625
33533.0234375,15959.8212890625
33638.3203125,15967.671875
33743.85546875,15965.1669921875
33830.0703125,15981.216796875
33796.63671875,16068.8212890625
33691.77734375,16077.8056640625
33586.25390625,16073.728515625
33482.37890625,16056.455078125
33380.15625,16033.4404296875
33277.03125,16011.3759765625
33307.34765625,16089.71484375
33379.45703125,16165.513671875
33471.37890625,16217.2578125
33555.14453125,16277.7529296875
33636.16015625,16345.2353515625
33720.33203125,16407.625
33795.17578125,16481.341796875
33770.140625,16565.47265625
33665.2734375,16577.2578125
33561.4140625,16566.806640625
33456.7734375,16553.751953125
33351.51171875,16545.560546875
33360.078125,16602.28125
33447.7421875,16657.90234375
33538.16796875,16707.1328125
33603.578125,16775.16015625
33700.28125,16809.95703125
33752.71875,16897.6171875
33697.421875,16953.357421875
33592.3828125,16957.732421875
33490.3359375,16933.361328125
33391.32421875,16898.900390625
33292.70703125,16863.177734375
33192.55859375,16837.05859375
33087.703125,16825.955078125
32993.671875,16806.56640625
33079.0078125,16868.75390625
33165.80078125,16928.75
33208.390625,16980.0078125
33275.67578125,17002.384765625
33339.6328125,17077.509765625
33314.6640625,17162.734375
33240.25,17199.65625
33134.7734375,17204.50390625
33029.2578125,17201.041015625
20281,17106
20298.263671875,17005.169921875
20354.818359375,16913.150390625
20408.873046875,16820.662109375
20471.86328125,16735.623046875
20507.8203125,16787.486328125
20463.875,16883.466796875
20417.908203125,16980.70703125
20369.017578125,17074.501953125
10900,17060
10834.55078125,16985.548828125
10785.6650390625,16896.0703125
10727.5,16815.96484375
10665.671875,16731.10546875
10618.234375,16647.3515625
10567.5244140625,16565.68359375
10497.533203125,16489.62109375
10453.59765625,16400.4189453125
10478.9658203125,16331.98828125
10533.4443359375,16401.7294921875
10596.755859375,16475.62109375
10647.365234375,16562.302734375
10709.0244140625,16647.298828125
10769.3232421875,16731.94140625
10830.4619140625,16816.03125
10872.4716796875,16909.271484375
10917.9140625,16999.384765625
26915,16968
26865.810546875,16876.302734375
26811.001953125,16787.9296875
26765.68359375,16693.994140625
26720.7421875,16600.134765625
26651.8359375,16525.83203125
26598.205078125,16438.0859375
26539.498046875,16351.90625
26489.740234375,16262.0556640625
26425.595703125,16183.181640625
26360.5390625,16101.55859375
26315.107421875,16013.3798828125
26257.302734375,15927.3818359375
26208.466796875,15837.0029296875
26172.556640625,15747.2412109375
26144.373046875,15647.3134765625
26173.916015625,15549.8974609375
26261.8671875,15502.7314453125
26282.1640625,15528.7236328125
26383.546875,15554.02734375
26479.08984375,15597.7509765625
26572.01171875,15642.7578125
26663.66796875,15692.900390625
26744.908203125,15734.501953125
26808.841796875,15693.728515625
26743.080078125,15618.4375
26670.705078125,15542.3291015625
26599.216796875,15469.5498046875
26541.19140625,15388.5498046875
26471.009765625,15318.8193359375
26401.419921875,15247.556640625
26325.33984375,15177.0302734375
26258.65234375,15102.0927734375
26202.34375,15013.7880859375
26198.275390625,14929.19140625
26283.49609375,14895.3310546875
26381.9140625,14931.0810546875
26466.697265625,14989.9150390625
26555.234375,15046.240234375
26647.755859375,15096.0771484375
26726.474609375,15150.0908203125
26812.443359375,15205.4658203125
26910.673828125,15229.5341796875
26850.55078125,15159.0048828125
26785.4375,15078.9365234375
26709.3984375,15011.3837890625
26651.123046875,14932.66796875
26564.974609375,14878.802734375
26496.326171875,14808.666015625
26422.3203125,14740.0078125
26340.326171875,14675.2724609375
26275.19140625,14596.671875
26201.24609375,14522.5849609375
26164.8515625,14428.6025390625
26212.05859375,14339.6669921875
26312.458984375,14325.4384765625
26412.55078125,14352.6826171875
26503.6796875,14400.8759765625
26593.724609375,14453.7255859375
26688.06640625,14497.0908203125
26771.728515625,14538.25
26871.8984375,14567.7109375
26964.115234375,14616.1904296875
27068.115234375,14629.52734375
27049.5078125,14553.6103515625
26984.55078125,14471.88671875
26919.77734375,14404.8984375
26848.83984375,14329.4560546875
26794.09765625,14278.275390625
26722.19140625,14206.21484375
26650.58203125,14138.25390625
26575.689453125,14069.7041015625
26499.2421875,13997.658203125
26436.826171875,13921.01171875
26364.720703125,13847.3837890625
26310.056640625,13781.271484375
26235.443359375,13708.4443359375
26208.2109375,13617.490234375
26281.037109375,13554.3798828125
26385.87109375,13558.8212890625
26480.806640625,13601.982421875
26560.37890625,13665.5634765625
26651.970703125,13716.9638671875
26744.8046875,13766.1708984375
26836.84765625,13815.60546875
26925.521484375,13868.76171875
26981.59765625,13841.4462890625
26912.68359375,13771.57421875
26849.060546875,13709.3642578125
26774.84765625,13635.7578125
26698.712890625,13573.42578125
26629.794921875,13494.7861328125
26554.361328125,13426.373046875
26477.544921875,13358.2421875
26403.6015625,13283.580078125
26329.728515625,13208.8408203125
26262.904296875,13129.5390625
26203.56640625,13044.1982421875
26167.71484375,12950.5859375
26188.189453125,12868.2158203125
26286.046875,12840.51953125
26380.126953125,12884.71875
26474.017578125,12928.9423828125
26526.4140625,12987.6796875
26610.23046875,13051
26700.716796875,13104.3681640625
26781.419921875,13168.8916015625
26877.9375,13208.4541015625
26966.49609375,13261.6396484375
27059.484375,13309.7802734375
27156.103515625,13351.0478515625
27249.970703125,13369.39453125
27186.5,13295.5751953125
27108.78125,13224.9345703125
27031.931640625,13153.248046875
26951.125,13086.380859375
26873.484375,13015.5810546875
26804.896484375,12948.9736328125
26725.896484375,12887.935546875
26646.740234375,12821.0068359375
26578.26953125,12742.166015625
26500.12109375,12677.4794921875
26434.205078125,12610.615234375
26401.5703125,12516.125
26470.16796875,12458.4228515625
26572.63671875,12453.4208984375
26669.28125,12489.3876953125
26755.140625,12549.544921875
26849.064453125,12593.9609375
26938.365234375,12646.662109375
27029.142578125,12699.328125
27117.263671875,12755.009765625
27218.19140625,12776.25390625
27262.09375,12750.5322265625
27190.69921875,12673.6796875
27111.619140625,12604.6708984375
27036.783203125,12531.3857421875
26950.046875,12476.8330078125
26866.720703125,12412.931640625
26785.705078125,12348.3583984375
26713.06640625,12276.6474609375
26665.541015625,12188.525390625
26718.927734375,12114.380859375
26820,12099.60546875
26913.94921875,12142.3642578125
26998.279296875,12204.76953125
27087.421875,12260.4248046875
27170.65625,12321.798828125
27259.59375,12369.7392578125
27342.79296875,12419.572265625
27418.576171875,12486.9091796875
27328.623046875,12471.646484375
27229.23828125,12437.48828125
27139.830078125,12407.6806640625
27049.1171875,12360.2158203125
27072.82421875,12417.431640625
27152.31640625,12482.44140625
27238.0078125,12542.9814453125
27309.3359375,12618.6220703125
27383.185546875,12693.396484375
27453.4375,12771.5068359375
27490.203125,12859.1181640625
27447.142578125,12941.97265625
27342.822265625,12935.8505859375
27244.107421875,12902.0849609375
27154.59375,12861.1376953125
27059.259765625,12829.154296875
26966.017578125,12784.4423828125
26882.234375,12729.9873046875
26785.958984375,12688.2177734375
26689.62890625,12646.2431640625
26683.91015625,12672.9443359375
26743.904296875,12758.171875
26830.12890625,12816.9189453125
26904.998046875,12889.5
26987.541015625,12953.0361328125
27062.65234375,13026.5400390625
27135.53515625,13102.25
27194.259765625,13186.478515625
27283.87109375,13241.2177734375
27350.162109375,13314.7802734375
27412.44921875,13396.8193359375
27439.669921875,13478.845703125
27359.46875,13530.080078125
27262.72265625,13503.6044921875
27162.962890625,13481.7763671875
27076.564453125,13427.9853515625
26982.04296875,13382.5302734375
26896.32421875,13322.048828125
26800.638671875,13279.03125
26716.734375,13226.4951171875
26628.92578125,13170.2958984375
26536.154296875,13121.28125
26454.0859375,13056.26171875
26380.212890625,13058.466796875
26443.625,13142.1171875
26510.6796875,13223.0283203125
26579.359375,13297.84765625
26653.009765625,13370.4208984375
26731.015625,13440.8447265625
26799.5390625,13519.08984375
26874.529296875,13590.6611328125
26941.4140625,13671.400390625
27017.623046875,13733.2568359375
27091.033203125,13791.740234375
27171.349609375,13856.501953125
27237.474609375,13932.9306640625
27225.435546875,13999.6787109375
27253.994140625,14071.0302734375
27151.1484375,14070.314453125
27053.75390625,14031.97265625
26960.62890625,13987.861328125
26883.05859375,13930.4736328125
26793.482421875,13897.3837890625
26702.462890625,13852.880859375
26613.01953125,13801.064453125
26523.001953125,13757.2119140625
26440.609375,13735.337890625
26493.35546875,13822.4306640625
26556.521484375,13905.5087890625
26633.908203125,13974.236328125
26703.126953125,14053.185546875
26772.498046875,14122.28515625
26824.041015625,14200.1669921875
26917.337890625,14239.869140625
26976.4921875,14325.06640625
27049.279296875,14390.599609375
27114.732421875,14467.9208984375
27158.900390625,14545.1982421875
27206.634765625,14638.69921875
27158.884765625,14713.4375
27056.32421875,14721.4560546875
26955.583984375,14691.63671875
26887.0546875,14673.8408203125
26787.1328125,14641.568359375
26690.375,14605.9267578125
26596.822265625,14559.4873046875
26510.59375,14509.0673828125
26411.9140625,14474.42578125
26308.8203125,14464.935546875
26379.3984375,14540.9443359375
26446.712890625,14620.3310546875
26526.328125,14688.59765625
26598.384765625,14765.0615234375
26673.57421875,14837.25
26746.828125,14909.4794921875
26818.705078125,14985.6201171875
26878.2109375,15069.7470703125
26959.693359375,15134.5791015625
27034.87109375,15207.58984375
27075.291015625,15303.0380859375
27028.798828125,15378.8193359375
26925.9375,15376.1259765625
26839.1015625,15319.0107421875
26742.9296875,15285.73046875
26648.685546875,15247.802734375
26573.98828125,15181.6640625
26475.556640625,15155.830078125
26524.345703125,15217.578125
26596.595703125,15286.544921875
26654.138671875,15369.986328125
26714.42578125,15455.3427734375
26788.275390625,15525.369140625
26863.994140625,15596.279296875
26919.33203125,15684.884765625
26891.931640625,15771.4541015625
26799.58984375,15810.3125
26694.927734375,15801.1064453125
26593.765625,15775.7431640625
26503.40234375,15726.59765625
26404.6171875,15696.537109375
26308.43359375,15660.181640625
26275.470703125,15717.0927734375
26312.47265625,15815.1162109375
26359.658203125,15906.44921875
26418.90234375,15992.2548828125
26471.228515625,16079.73046875
26530.61328125,16164.6865234375
26583.96484375,16252.5908203125
26638.37109375,16342.2119140625
26697.1796875,16429.021484375
26759.2265625,16513.71484375
26806.7734375,16602.79296875
26871.482421875,16685.060546875
26921.91015625,16772.40234375
26956.53125,16866.669921875
26989.275390625,16954.478515625
26785.09375,14581.6962890625
27035.068359375,13915.4677734375
26942.3125,12302.7236328125
30225,16821
30127.318359375,16797.580078125
30044.04296875,16753.634765625
29951.81640625,16706.677734375
29859.412109375,16663.48828125
29777.064453125,16611.962890625
29686.28515625,16582.814453125
29598.11328125,16527.08984375
29506.59765625,16483.0859375
29424.16796875,16431.720703125
29428.515625,16336.287109375
29526.2265625,16354.62109375
29617.306640625,16404.35546875
29699.904296875,16469.443359375
29791.52734375,16519.748046875
29884.1328125,16568.29296875
29968.375,16620.9375
30069.546875,16649.56640625
30097.509765625,16603.421875
30022.826171875,16547.6484375
29945.04296875,16478.28125
29864.607421875,16417.6875
29780.630859375,16360.03125
29690.26953125,16306.6181640625
29607.345703125,16246.94921875
29524.337890625,16182.4951171875
29440.607421875,16118.8466796875
29361.095703125,16050.4375
29288.283203125,15984.7216796875
29212.5859375,15915.46875
29127.138671875,15862.7890625
29065.69140625,15782.4501953125
29113.46875,15703.26953125
29214.16796875,15685.1201171875
29303.818359375,15739.9169921875
29393.931640625,15793.9443359375
29466.232421875,15859.92578125
29556.955078125,15912.84375
29646.689453125,15967.0458984375
29734.263671875,16019.1318359375
29823.470703125,16073.9873046875
29918.06640625,16119.802734375
30010.31640625,16165.2001953125
30103.841796875,16211.779296875
30191.296875,16266.0263671875
30296.123046875,16266.8994140625
30236.69140625,16200.6064453125
30148.85546875,16147.7314453125
30062.396484375,16093.908203125
29979.416015625,16033.6484375
29895.017578125,15974.00390625
29815.068359375,15917.2705078125
29732.63671875,15859.880859375
29644.04296875,15812.3173828125
29575.255859375,15736.421875
29590.15234375,15650.896484375
29693.767578125,15637.7392578125
29791.333984375,15674.71875
29887.712890625,15716.9423828125
29976.876953125,15771.677734375
30068.068359375,15815.3466796875
30154.890625,15867.80859375
30254.716796875,15899.7822265625
30353.85546875,15933.3251953125
30325.962890625,15876.609375
30307.720703125,15782.880859375
30390.99609375,15729.0576171875
30491.451171875,15758.0322265625
30580.49609375,15811.0908203125
30672.982421875,15858.578125
30760.265625,15915.958984375
30851.88671875,15967.625
30945.150390625,16010.4453125
31026.90234375,16073.142578125
31062.3828125,15997.8056640625
30973.724609375,15943.982421875
30895.595703125,15873.5107421875
30825.099609375,15801.83984375
30798.126953125,15719.98828125
30869.662109375,15649.9736328125
30972.236328125,15657.2265625
31063.275390625,15709.876953125
31149.216796875,15765.9638671875
31244.1640625,15803.9873046875
31301.2265625,15871.072265625
31399.080078125,15905.0546875
31468.44140625,15971.095703125
31561.880859375,16009.5048828125
31663.927734375,16030.2724609375
31753.048828125,16084.888671875
31851.6328125,16120.470703125
31925.919921875,16190.5185546875
32031.072265625,16191.6552734375
32013.470703125,16149.95703125
31939.333984375,16077.5126953125
31840.482421875,16043.271484375
31762.77734375,15982.2216796875
31682.236328125,15928.2109375
31599.478515625,15863.822265625
31510.544921875,15814.2529296875
31418.99609375,15765.0234375
31345.771484375,15692.1240234375
31290.0078125,15625.35546875
31203.015625,15571.734375
31122.755859375,15505.8095703125
31056.74609375,15428.119140625
31067.078125,15329.0830078125
31163.353515625,15303.46875
31261.14453125,15340.5400390625
31352.279296875,15392.6298828125
31438.91796875,15449.58984375
31523.181640625,15497.3427734375
31616.455078125,15542.84375
31711.7265625,15584.7646484375
31812.287109375,15601.1015625
31771.701171875,15508.8583984375
31679.875,15458.9091796875
31609.484375,15391.2841796875
31525.64453125,15330.353515625
31438.326171875,15275.1962890625
31362.568359375,15204.408203125
31279.447265625,15140.078125
31203.109375,15074.9892578125
31118.271484375,15013.3544921875
31041.984375,14940.8955078125
30973.755859375,14860.8984375
30962.34765625,14765.654296875
31041.12890625,14723.5576171875
31138.943359375,14748.3115234375
31225.408203125,14800.58203125
31316.576171875,14845.412109375
31408.021484375,14897.0205078125
31487.5390625,14957.0625
31581.88671875,14994.2734375
31675.421875,15038.2099609375
31728.166015625,15125.0107421875
31775.087890625,15152.345703125
31676.453125,15122.2841796875
31599.2109375,15074.6875
31508.40625,15025.11328125
31415.31640625,14983.44921875
31334.9453125,14936.6474609375
31239.451171875,14905.501953125
31267.28125,14983.35546875
31351.255859375,15045.4189453125
31428.140625,15117.2587890625
31506.009765625,15188.0244140625
31587.15234375,15254.9794921875
31677.337890625,15309.0322265625
31745.369140625,15381.109375
31830.8984375,15441.7783203125
31909.478515625,15511.6982421875
31984.3125,15582.33203125
32058.48046875,15656.984375
32121.587890625,15740.154296875
32126.6953125,15811.142578125
32030.24609375,15823.302734375
31930.646484375,15790.6220703125
31843.998046875,15743.9013671875
31747.892578125,15702.3857421875
31657.380859375,15650.2626953125
31574.45703125,15594.72265625
31476.75,15563.419921875
31382.6875,15523.7666015625
31350.8359375,15538.3037109375
31431.56640625,15605.8037109375
31512.037109375,15673.576171875
31590.404296875,15743.7509765625
31676.115234375,15802.6875
31761.86328125,15862.578125
31845.837890625,15921.4208984375
31936.890625,15972.44921875
32016.849609375,16040.3291015625
32101.3515625,16095.296875
32188.7890625,16152.1650390625
32276.09765625,16210.5830078125
32346.98828125,16287.3583984375
32367.75,16351.9326171875
32269.810546875,16377.3662109375
32170.767578125,16345.23828125
32077.220703125,16307.908203125
31983.7265625,16263.21875
31893.498046875,16212.001953125
31797.734375,16174.458984375
31699.275390625,16140.986328125
31611.634765625,16085.7861328125
31510.783203125,16055.95703125
31420.693359375,16004.7001953125
31327.3515625,15959.1806640625
31232.5546875,15917.0146484375
31135.537109375,15880.0263671875
31182.23046875,15946.47265625
31269.5234375,16005.078125
31350.236328125,16072.17578125
31434.681640625,16129.2529296875
31510.59765625,16198.9599609375
31596.2734375,16258.7939453125
31675.73828125,16319.73828125
31671.830078125,16402.9365234375
31591.0703125,16391.8935546875
31519.982421875,16339.8232421875
31421.890625,16311.0068359375
31327.126953125,16275.669921875
31228.21484375,16239.818359375
31134.474609375,16196.0625
31045.650390625,16150.5087890625
30951.494140625,16142.8291015625
31033.2734375,16204.4765625
31109.93359375,16273.2412109375
31082.21875,16351.5771484375
30980.880859375,16328.65625
30882.912109375,16291.939453125
30793.92578125,16239.046875
30698.798828125,16200.9111328125
30614.013671875,16151.3623046875
30516.529296875,16111.841796875
30418.646484375,16073.2412109375
30320.412109375,16035.705078125
30234.21875,15986.279296875
30135.623046875,15951.9482421875
30041.298828125,15930.53515625
30106.349609375,15993.876953125
30200.53515625,16040.486328125
30280.642578125,16108.3388671875
30364.484375,16170.775390625
30441.478515625,16242.5166015625
30529.30859375,16299.34765625
30613.755859375,16361.5498046875
30621.876953125,16454.861328125
30525.72265625,16473.08203125
30422.302734375,16454.275390625
30341.884765625,16403.4130859375
30241.02734375,16373.4755859375
30149.22265625,16324.869140625
30064.03125,16269.7451171875
29966.70703125,16229.8662109375
29878.25,16186.6591796875
29790.630859375,16131.005859375
29702.66015625,16086.369140625
29609.04296875,16042.849609375
29519.892578125,15988.234375
29457.05859375,15955.732421875
29382.8984375,15884.486328125
29356.12109375,15916.478515625
29417.0546875,16001.1123046875
29489.734375,16067.640625
29577.4921875,16122.76171875
29658.271484375,16190.0478515625
29737.40234375,16259.2705078125
29827.744140625,16312.875
29916.12109375,16368.650390625
30000.787109375,16427.484375
30069.037109375,16498.31640625
30159.33203125,16551.57421875
30248.080078125,16607.720703125
30318.19140625,16683.751953125
30367.712890625,16769.080078125
30285.669921875,16824.783203125
31062.416015625,16149.5419921875
31012.115234375,15814.2861328125
31625.677734375,15060.4892578125
34369,16640
34385.28125,16548.580078125
34424.04296875,16452.72265625
34466.4375,16358.447265625
34525.4921875,16272.6943359375
34591.484375,16191.8173828125
34653.8671875,16108.11328125
34732.421875,16039.7607421875
34776.65625,15992.451171875
34867.31640625,15940.8173828125
34956.3828125,15886.6396484375
35045.015625,15832.162109375
35136.90625,15789.15234375
35231.30859375,15746.234375
35305.140625,15727.1650390625
35353.83984375,15750.3603515625
35256.13671875,15786.8447265625
35165.35546875,15832.8076171875
35074.4140625,15881.4775390625
34993.1875,15939.0302734375
34910.24609375,16001.87890625
34828.40234375,16066.736328125
34755.29296875,16141.3154296875
34684.3046875,16217.974609375
34609.82421875,16287.4443359375
34541.3515625,16337.9892578125
34540.50390625,16424.275390625
34491.19140625,16516.169921875
34455.96484375,16608.607421875
20603,16394
20624.28515625,16300.4609375
20688.236328125,16216.4892578125
20760.3515625,16139.466796875
20813.2734375,16049.9716796875
20889.32421875,16017.1748046875
20869.177734375,16112.2900390625
20827.650390625,16200.93359375
20762.66015625,16283.4951171875
20690.169921875,16360.5048828125
10403,16006
10342.1728515625,15941.705078125
10288.5986328125,15901.357421875
10222.7578125,15820.955078125
10158.9736328125,15741.3583984375
10118.4296875,15660.49609375
10055.833984375,15596.3974609375
9979.435546875,15521.8515625
9958.55859375,15433.283203125
10037.42578125,15443.59765625
10101.2548828125,15518.40625
10153.197265625,15601.8876953125
10217.248046875,15686.3173828125
10282.2568359375,15770.9736328125
10342.91015625,15858.8447265625
10392.2744140625,15950.953125
16130,15820
16025.96484375,15805.2607421875
15922.703125,15785.99609375
15838.501953125,15730.310546875
15749.7333984375,15679.6201171875
15690.2548828125,15594.6357421875
15617.2080078125,15519.1533203125
15559.6904296875,15434.4716796875
15511.1005859375,15353.0869140625
15471.8486328125,15262.75390625
15426.486328125,15176.494140625
15392.7041015625,15078.5
15343.181640625,14989.0234375
15298.78515625,14893.9794921875
15253.7509765625,14801.7919921875
15206.728515625,14710.6796875
15208.5966796875,14617.8671875
15210.87109375,14512.8974609375
15202.4736328125,14408.2001953125
15183.5615234375,14304.8916015625
15204.794921875,14209.611328125
15203.1162109375,14121.830078125
15283.68359375,14057.572265625
15370.119140625,13999.0302734375
15465.1904296875,13957.509765625
15564.5927734375,13928.7001953125
15657.2880859375,13884.5224609375
15759.693359375,13863.4765625
15863.60546875,13847.931640625
15968.3837890625,13840.4423828125
16073.4140625,13837.4951171875
16178.484375,13836.759765625
16283.546875,13838.177734375
16388.470703125,13843.470703125
16483.0625,13882.4794921875
16582.587890625,13916.0771484375
16671.283203125,13968.724609375
16752.8046875,14034.8603515625
16826.61328125,14102.34375
16904.185546875,14173.1923828125
16986.041015625,14238.330078125
17045.185546875,14323.8125
17117.384765625,14399.0693359375
17168.1875,14490.3583984375
17229.70703125,14574.9541015625
17265.212890625,14673.671875
17282.607421875,14777.119140625
17271.248046875,14881.2001953125
17229.65625,14976.171875
17209.359375,15055.6953125
17244.96875,15148.8720703125
17193.470703125,15239.44921875
17131.203125,15308.3955078125
17065.541015625,15390.296875
16989.787109375,15462.9541015625
16920.458984375,15533.5419921875
16834.3046875,15593.5927734375
16760.541015625,15668.0400390625
16667.34765625,15715.2392578125
16567.61328125,15747.6748046875
16471.44921875,15787.5869140625
16369.4599609375,15809.7880859375
16269.51171875,15827.8515625
16164.6142578125,15823.951171875
16488.666015625,15639.2529296875
16587.966796875,15605.9189453125
16679.462890625,15556.169921875
16763.2265625,15495.4453125
16842.75,15426.8623046875
16910.5,15346.8125
16981.0859375,15268.9921875
17044.021484375,15185.142578125
17097.767578125,15094.9072265625
17115.826171875,14992.2021484375
17147.3671875,14892.638671875
17149.177734375,14789.00390625
17126.12109375,14686.6220703125
17078.923828125,14593.2529296875
17016.94140625,14509.9296875
16960.568359375,14422.697265625
16888.560546875,14346.234375
16803.451171875,14306.994140625
16741.111328125,14390.25390625
16695.671875,14481.283203125
16622.8125,14556.9404296875
16558.888671875,14635.798828125
16481.37890625,14704.8603515625
16412.27734375,14783.884765625
16334.1982421875,14854.1875
16258.7763671875,14927.3095703125
16176.8720703125,14992.2880859375
16082.908203125,15039.2216796875
15981.3681640625,15055.4951171875
15896.9287109375,14993.35546875
15859.2138671875,14897.162109375
15814.2353515625,14803.62890625
15761.763671875,14719.7548828125
15717.0322265625,14632.2177734375
15684.8134765625,14532.7021484375
15652.0634765625,14433.70703125
15631.158203125,14333.1396484375
15608.8916015625,14230.7626953125
15587.9970703125,14128.732421875
15557.8447265625,14060.736328125
15460.388671875,14098.234375
15375.45703125,14141.8095703125
15288.2578125,14194.3837890625
15305.3388671875,14287.861328125
15330.19921875,14387.2021484375
15353.1025390625,14487.6005859375
15361.1845703125,14589.4130859375
15381.634765625,14682.6669921875
15407.263671875,14784.5634765625
15431.5947265625,14886.7783203125
15475.599609375,14980.3466796875
15526.1865234375,15070.388671875
15562.47265625,15167.4326171875
15597.8857421875,15266.24609375
15658.7265625,15347.7275390625
15728.2998046875,15426.3642578125
15797.6630859375,15505.19921875
15871.587890625,15578.15625
15946.5732421875,15645.26953125
16045.5078125,15678.5546875
16150.298828125,15685.7587890625
16254.677734375,15691.6005859375
16357.0908203125,15668.2626953125
16140.29296875,14859.6865234375
16220.9345703125,14792.9560546875
16297.3330078125,14720.8623046875
16286.9306640625,14669.341796875
16240.6337890625,14584.447265625
16189.029296875,14495.2861328125
16143.1376953125,14401.7109375
16091.3662109375,14313.8212890625
16037.1962890625,14225.0224609375
15983.7412109375,14141.6025390625
15926.4404296875,14054.9013671875
15847.791015625,13991.4365234375
15744.8828125,14008.060546875
15727.5712890625,14087.8525390625
15737.99609375,14190.203125
15755.7021484375,14293.736328125
15759.8056640625,14398.515625
15799.9970703125,14489.744140625
15806.0966796875,14587.16796875
15857.123046875,14662.2998046875
15915.52734375,14749.6015625
15964.173828125,14840.8779296875
16044.443359375,14898.458984375
16407.859375,14565.220703125
16399.4912109375,14610.1533203125
16458.357421875,14504.552734375
16490.43359375,14533.365234375
16461.34375,14060
16165.0244140625,13988.46875
16073.701171875,14002.111328125
34330,15800
34226.83984375,15791.41015625
34123.05859375,15784.1552734375
34020.6328125,15760.560546875
33939.24609375,15731.099609375
33853.2734375,15714.4775390625
33755.35546875,15678.1298828125
33658.828125,15636.1884765625
33570.6875,15583.2392578125
33480.50390625,15531.1513671875
33473.87109375,15465.3681640625
33576.52734375,15471.7392578125
33669.66015625,15519.205078125
33761.86328125,15559.60546875
33856.88671875,15602.6845703125
33957.69921875,15632.3740234375
34059.07421875,15657.677734375
34161.34375,15680.0146484375
34257.296875,15701.7900390625
34361.93359375,15690.4521484375
34381.328125,15637.9345703125
34300.2890625,15579.4091796875
34252.1640625,15554.0849609375
34162.1796875,15505.1904296875
34068.6796875,15458.2607421875
33977.77734375,15405.47265625
33891.67578125,15355.4326171875
33803.39453125,15306.6708984375
33736.8125,15264.615234375
33638.78515625,15227.7939453125
33548.4609375,15177.9892578125
33458.98828125,15130.1572265625
33371.95703125,15073.322265625
33400,14981.533203125
33495.72265625,14952.34765625
33594.1015625,14987.451171875
33694.26953125,15017.494140625
33795.265625,15046.6552734375
33894.49609375,15081.2275390625
33995.9765625,15107.3134765625
34096.58203125,15136.1748046875
34155.3828125,15108.2802734375
34067.29296875,15051.52734375
33979.3828125,14997.4375
33892.6484375,14940.08984375
33798.04296875,14894.8662109375
33710.55078125,14836.908203125
33635.20703125,14774.84375
33540.6875,14740.490234375
33456.85546875,14691.4326171875
33370.984375,14638.7412109375
33284.00390625,14579.8154296875
33193.78515625,14526.095703125
33129.66796875,14458.0732421875
33156.25390625,14383.443359375
33252.9765625,14349.3134765625
33356.84765625,14360.8837890625
33446.3984375,14415.3857421875
33542.41015625,14453.064453125
33616.234375,14489.970703125
33714.39453125,14526.5654296875
33813.9609375,14560.458984375
33910.375,14598.7197265625
34004.0703125,14639.412109375
34007.6640625,14609.951171875
33922.6015625,14555.3369140625
33835.15234375,14496.9697265625
33748.27734375,14443.853515625
33664.24609375,14391.5029296875
33585.87109375,14330.2021484375
33498.54296875,14280.787109375
33408.6875,14226.466796875
33342.41796875,14157.458984375
33258.09375,14108.7392578125
33178.62109375,14062.021484375
33095.1953125,14003.8623046875
33010.3046875,13960.0478515625
32927.42578125,13897.80859375
32851.19921875,13830.337890625
32773.21875,13769.35546875
32700.33984375,13703.23828125
32616.025390625,13640.7470703125
32541.076171875,13566.919921875
32513.091796875,13478.94140625
32582.09765625,13423.9912109375
32686.453125,13435.498046875
32785.41015625,13470.771484375
32871.1640625,13530.720703125
32964.96875,13575.669921875
33060.4296875,13618.9091796875
33146.05078125,13678.1884765625
33242.2109375,13717.7421875
33315.46875,13782.1904296875
33415.46875,13813.2001953125
33510.22265625,13855.4248046875
33606.27734375,13895.033203125
33666.66796875,13868.4248046875
33582.8125,13823.7392578125
33508.83203125,13756.404296875
33415.4609375,13711.431640625
33324.5078125,13666.466796875
33256.640625,13622.052734375
33165.3203125,13585.9482421875
33076.76953125,13535.0302734375
32988.5625,13478.4697265625
32900.58203125,13423.5283203125
32821.08203125,13354.89453125
32738.333984375,13294.4677734375
32654.625,13240.3896484375
32565.236328125,13190.470703125
32489.173828125,13138.373046875
32408.283203125,13078.3857421875
32348.1875,13025.5908203125
32306.4140625,12981.8701171875
32232.90625,12926.5615234375
32156.697265625,12860.517578125
32084.365234375,12795.4140625
32044.69921875,12703.3623046875
32114.748046875,12647.88671875
32215.693359375,12675.46875
32311.095703125,12718.67578125
32397.9609375,12771.345703125
32491.455078125,12817.169921875
32565.064453125,12889.4853515625
32656.8125,12932.4599609375
32735.173828125,12967.90234375
32826.359375,13010.82421875
32924.6171875,13047.66796875
33008.546875,13108.814453125
33107.4296875,13144.578125
33197.4296875,13186.169921875
33295.46484375,13221.3310546875
33384.90625,13274.7607421875
33485.984375,13301.439453125
33585.18359375,13335.625
33636.84765625,13396.1943359375
33603.66015625,13408.38671875
33499.70703125,13410.3056640625
33409.69140625,13376.037109375
33353.66015625,13326.732421875
33258.0859375,13300.154296875
33161.5703125,13260.7373046875
33072.76953125,13228.7548828125
32986.546875,13186.3642578125
32899.51953125,13132.7060546875
32804.90234375,13089.5947265625
32709.6484375,13045.830078125
32619.951171875,12997.8212890625
32537.12890625,12936.9833984375
32443.1328125,12899.857421875
32355.1484375,12883.3564453125
32416.453125,12958.3564453125
32486.388671875,13034.365234375
32571.501953125,13086.185546875
32656.9140625,13143.87890625
32740.7578125,13193.8662109375
32837.81640625,13227.544921875
32898.74609375,13292.634765625
32981.828125,13351.9130859375
33077.01171875,13396.80859375
33165.8046875,13452.9794921875
33255.55859375,13507.7939453125
33345.109375,13555.30859375
33429.43359375,13616.2880859375
33518.52734375,13664.041015625
33608.2109375,13718.6201171875
33692.2265625,13780.9755859375
33781.43359375,13833.49609375
33869.27734375,13886.107421875
33952.1875,13949.5439453125
34028.96875,14008.5693359375
34120.640625,14057.2841796875
34175.03125,14132.373046875
34129.99609375,14201.078125
34033.29296875,14188.3212890625
33937.484375,14145.328125
33869.5,14090.9697265625
33767.89453125,14071.123046875
33671.47265625,14032.5087890625
33580.0234375,13985.0791015625
33491.8359375,13930.283203125
33391.7890625,13898.537109375
33299.875,13848.41015625
33209.03125,13805.916015625
33110.66015625,13770.724609375
33025.21484375,13720.0048828125
32942.52734375,13669.0126953125
32847.671875,13630.1435546875
32750.630859375,13592.376953125
32785.224609375,13656.8837890625
32870.19921875,13710.4453125
32952.14453125,13774.9736328125
33034.25390625,13839.9375
33122.375,13891.802734375
33206.734375,13952.7529296875
33285.83203125,14021.8359375
33374.1484375,14078.71875
33459.60546875,14139.8955078125
33521.84375,14186.0830078125
33602.62109375,14244.3232421875
33687.30078125,14302.1640625
33779.51953125,14351.8623046875
33864.21875,14409.341796875
33955.453125,14456.2939453125
34045.88671875,14508.1796875
34131.0390625,14569.970703125
34216.1875,14628.5888671875
34302.69921875,14687.998046875
34393.25390625,14741.2978515625
34405.3828125,14832.4921875
34304.60546875,14848.775390625
34204.60546875,14823.2919921875
34110.44140625,14780.419921875
34011.2265625,14745.6826171875
33928.23828125,14709.3935546875
33826.86328125,14681.9248046875
33726.06640625,14653.185546875
33634.31640625,14602.501953125
33564.62890625,14609.18359375
33652.48046875,14666.2763671875
33741.8203125,14718.1396484375
33821.1640625,14775.58984375
33910.66796875,14830.8212890625
34006.984375,14872.859375
34093.30859375,14932.7099609375
34184.74609375,14984.466796875
34250.515625,15059.2265625
34343.84765625,15089.935546875
34411.953125,15164.349609375
34399.2890625,15239.7060546875
34300.69921875,15257.23828125
34196.5,15261.068359375
34092.30859375,15246.2177734375
33988.9609375,15226.41015625
33894.67578125,15193.97265625
33910.8125,15248.853515625
34007.36328125,15290.255859375
34099.171875,15335.8154296875
34189.34765625,15389.896484375
34281.26171875,15441.1572265625
34371.65234375,15494.3173828125
34457.14453125,15555.578125
34535.66015625,15625.6376953125
34573.375,15715.5859375
34502.73046875,15786.69921875
34399.1328125,15803.2470703125
33750.81640625,13935.35546875
33686.83984375,13935.33203125
32543.34375,13099.390625
32522.083984375,13120.5693359375
12768,15755
12663.7451171875,15741.14453125
12559.3701171875,15726.8056640625
12464.1572265625,15686.8623046875
12400.083984375,15609.1064453125
12334.1865234375,15530.521484375
12301.9228515625,15433.625
12250.4033203125,15342.388671875
12222.2197265625,15241.005859375
12196.009765625,15142.3291015625
12185.95703125,15039.3876953125
12186.521484375,14933.908203125
12188.232421875,14828.439453125
12201.57421875,14724.322265625
12214.7880859375,14619.6728515625
12224.822265625,14518.650390625
12269.462890625,14427.791015625
12295.6552734375,14334.6318359375
12348.365234375,14247.4150390625
12412.3603515625,14163.68359375
12481.1748046875,14083.7607421875
12556.841796875,14010.9052734375
12642.4794921875,13950.5751953125
12730.421875,13898.1943359375
12826.2734375,13855.732421875
12928.94921875,13843.41015625
13034.015625,13851.802734375
13134.2568359375,13883.0380859375
13224.015625,13935.7529296875
13306.5087890625,14001.2587890625
13372.0146484375,14082.4189453125
13431.0849609375,14169.5654296875
13505.1865234375,14238.52734375
13541.904296875,14324.1171875
13548.1943359375,14422.1796875
13553.3271484375,14527.306640625
13555.90625,14627.1083984375
13553.708984375,14727.9892578125
13513.15234375,14809.6826171875
13524.7783203125,14909.38671875
13480.93359375,14999.5810546875
13445.2685546875,15085.916015625
13404.59375,15176.5517578125
13353.802734375,15264.5078125
13314.3359375,15354.5078125
13268.4423828125,15417.341796875
13213.6875,15501.2919921875
13140.447265625,15557.1416015625
13091.5078125,15613.8271484375
13005.765625,15674.8994140625
12906.9970703125,15708.330078125
12810.736328125,15751.41015625
12924.5537109375,15569.59765625
13021.4990234375,15529.8720703125
13088.3798828125,15451.7099609375
13148.314453125,15365.26953125
13206.9111328125,15278.7724609375
13247.578125,15182.28125
13310.3857421875,15097.8935546875
13357.9521484375,15003.822265625
13399.8212890625,14909.025390625
13404.759765625,14808.9443359375
13412.8505859375,14703.833984375
13418.673828125,14602.4296875
13425.9541015625,14497.2470703125
13395.50390625,14405.794921875
13360.615234375,14310.90625
13298.0673828125,14356.7744140625
13214.3916015625,14408.625
13195.259765625,14485.806640625
13134.251953125,14568.4365234375
13097.4091796875,14658.5771484375
13086.7568359375,14759.5390625
13064.52734375,14848.4521484375
13063.3486328125,14953.7939453125
12999.0771484375,15030.666015625
12909.1533203125,15009.87109375
12853.0771484375,14922.994140625
12798.4208984375,14832.81640625
12747.7421875,14741.298828125
12692.544921875,14652.0380859375
12651.4814453125,14557.8056640625
12616.7236328125,14462.984375
12566.3623046875,14375.474609375
12501.2099609375,14301.8310546875
12440.9296875,14381.7890625
12389.4482421875,14454.181640625
12366.7138671875,14553.25390625
12339.47265625,14653.73828125
12335.443359375,14753.2998046875
12329.404296875,14858.6015625
12327.087890625,14964.0537109375
12338.5400390625,15066.6806640625
12341.97265625,15172.025390625
12374.0302734375,15271.6416015625
12419.0888671875,15362.6630859375
12461.375,15457.7666015625
12524.3115234375,15539.552734375
12602.3876953125,15609.5634765625
12706.96875,15614.751953125
12812.0888671875,15606.5791015625
12965.1044921875,14712.9375
12980.0390625,14608.53125
13012.4814453125,14514.4931640625
13076.390625,14430.8974609375
13022.283203125,14393.517578125
12946.00390625,14452.9990234375
12860.55859375,14401.8466796875
12805.8251953125,14313.9013671875
12736.2841796875,14234.6103515625
12679.7138671875,14268.8642578125
12707.80859375,14370.1689453125
12756.0888671875,14463.54296875
12802.693359375,14557.328125
12839.994140625,14655.623046875
12884.34375,14746.638671875
12946.30078125,14766.6591796875
13196.3720703125,14272.4189453125
13115.064453125,14226.376953125
13106.896484375,14298.1865234375
35377,15713
35489.3203125,15690.884765625
21033,15632
21042.37890625,15528.263671875
21124.33203125,15459.1259765625
21211.48046875,15394.1923828125
21290.349609375,15324.2548828125
21364.9296875,15248.93359375
21421.58984375,15297.5771484375
21343.724609375,15371.4912109375
21293.537109375,15465.458984375
21209.771484375,15529.3447265625
21132.712890625,15605.849609375
18028,15453
18048.216796875,15371.107421875
18126.771484375,15301.5224609375
18202.564453125,15228.916015625
18278.466796875,15156.4248046875
18360.271484375,15091.12890625
18463.609375,15087.9267578125
18551.744140625,15035.3681640625
18631.1640625,14967.1923828125
18727.423828125,14996.8828125
18781.240234375,15083.5107421875
18870.73046875,15035.1787109375
18941.412109375,14962.38671875
19034.94140625,14927.9794921875
19101.826171875,15002.6533203125
19148.94921875,15088.6806640625
19234.646484375,15040.0068359375
19313.349609375,14971.9765625
19410.390625,14964.34375
19484.8125,15033.6025390625
19560.8359375,14980.12109375
19621.162109375,14894.46875
19713.779296875,14852.64453125
19780.0625,14927.1552734375
19775.029296875,15017.21875
19860.224609375,14974.421875
19915.650390625,14885.37890625
19984.974609375,14808.666015625
20078.4921875,14802.001953125
20182.037109375,14817.5322265625
20248.666015625,14738.771484375
20339.556640625,14687.8388671875
20439.328125,14697.8740234375
20464.7421875,14795.8671875
20552.939453125,14818.1416015625
20646.115234375,14776.9560546875
20748.18359375,14776.7412109375
20828.693359375,14843.5654296875
20919.986328125,14827.068359375
20996.01953125,14755.005859375
21084.259765625,14700.642578125
21184.935546875,14687.2783203125
21252.087890625,14731.8837890625
21335.33984375,14668.67578125
21432.861328125,14632.2412109375
21520.646484375,14580.107421875
21599.9609375,14524.07421875
21695.84765625,14482.6416015625
21784.57421875,14435.498046875
21873.640625,14390.708984375
21929.017578125,14456.23828125
21896.126953125,14537.06640625
21899.30859375,14638.158203125
21904.02734375,14742.6630859375
21829.0546875,14796.5283203125
21765.45703125,14733.197265625
21681.17578125,14735.84765625
21635.3671875,14828.59375
21589.498046875,14921.9638671875
21628.609375,15009.736328125
21605.236328125,15063.6748046875
21518.736328125,15120.4697265625
21426.056640625,15151.1787109375
21399.572265625,15062.7587890625
21426.02734375,14961.599609375
21441.53125,14857.7978515625
21446.298828125,14773.4775390625
21359.548828125,14830.1953125
21282.32421875,14901.203125
21223.55078125,14987.37890625
21178.568359375,15081.9765625
21138.94140625,15177.6630859375
21040.2890625,15187.431640625
21009.568359375,15107.5771484375
21036.40234375,15006.1708984375
21055.509765625,14903.3603515625
20984.12890625,14929.814453125
20909.39453125,15003.5087890625
20836.548828125,15079.0302734375
20763.8359375,15146.640625
20686.15234375,15093.5126953125
20706.25,14991.8037109375
20648.314453125,14926.8515625
20572.6640625,14987.658203125
20513.119140625,15070.8076171875
20443.732421875,15144.00390625
20340.77734375,15140.5966796875
20349.853515625,15039.306640625
20353.904296875,14934.435546875
20303.46484375,14879.298828125
20248.560546875,14968.046875
20218.80859375,15058.2275390625
20174.70703125,15153.2216796875
20082.328125,15177.9287109375
20041.927734375,15093.9375
20018.330078125,15001.259765625
19933.42578125,15057.07421875
19861.46484375,15127.994140625
19764.759765625,15163.7138671875
19677.82421875,15111.23046875
19605.96484375,15174.3603515625
19526.71484375,15242.4365234375
19429.7421875,15240.9169921875
19382.205078125,15154.74609375
19288.5078125,15170.6787109375
19260.912109375,15232.947265625
19178.375,15297.1689453125
19089.302734375,15260.994140625
19052.474609375,15169.982421875
19025.201171875,15072.484375
18949.40234375,15108.5087890625
18893.779296875,15185.478515625
18848.990234375,15279.6982421875
18756.169921875,15293.498046875
18694.525390625,15211.2685546875
18627.4765625,15144.9521484375
18551.041015625,15210.623046875
18467.44140625,15274.041015625
18368.85546875,15289.2763671875
18272.513671875,15303.0576171875
18207.455078125,15384.509765625
18128.98828125,15450.8134765625
19199.392578125,15117.7177734375
35184,15311
35188.21875,15234.720703125
35258.16015625,15157.69140625
35329.359375,15082.3330078125
35383.8359375,14999.6240234375
35446.9375,14916.9443359375
35516.578125,14839.65625
35578.95703125,14756.576171875
35639.109375,14671.833984375
35705.33984375,14591.587890625
35778.69921875,14517.9384765625
35847.765625,14440.265625
35932.4453125,14381.8408203125
36014.1875,14317.671875
36094.66796875,14256.03125
36176.73046875,14192.068359375
36261.0703125,14131.1484375
36352.67578125,14082.0185546875
36446.7109375,14037.4765625
36541.44140625,13994.927734375
36630.765625,13941.6123046875
36723.64453125,13896.244140625
36690.46484375,13948.02734375
36602.37890625,14002.5615234375
36524.2421875,14052.697265625
36433.6640625,14101.48828125
36348.05078125,14154.9326171875
36259.94921875,14207.67578125
36185.42578125,14271.9814453125
36097.3671875,14278.3154296875
36093.8984375,14327.4736328125
36020.421875,14399.017578125
35939.9921875,14464.8330078125
35863.2109375,14534.978515625
35793.859375,14601.7744140625
35739.14453125,14687.1533203125
35657.1171875,14728.634765625
35662.9453125,14772.8798828125
35596.9765625,14853.08203125
35543.67578125,14937.7900390625
35465.578125,15000.3046875
35427.859375,15092.74609375
35361.40625,15171.3251953125
35305.25390625,15253.1484375
35226.6484375,15318.3388671875
31980,15228
31900.041015625,15188.2373046875
31970.81640625,15130.0361328125
31903.62109375,15060.212890625
31833.935546875,14982.2646484375
31751.98828125,14920.2919921875
31673.796875,14850.7197265625
31592.318359375,14786.0947265625
31522.83203125,14711.626953125
31455.951171875,14642.3037109375
31385.9609375,14604.6416015625
31306.314453125,14535.779296875
31225.330078125,14469.8251953125
31152.740234375,14402.21875
31082.66796875,14329.69140625
31021.763671875,14278.9365234375
30951.072265625,14209.61328125
30889.078125,14127.8896484375
30883.224609375,14037.4716796875
30967.80078125,13985.48828125
31068.181640625,14016.740234375
31158.484375,14069.6494140625
31241.958984375,14133.4326171875
31329.615234375,14185.4375
31417.73046875,14242.11328125
31402.24609375,14306.8125
31313.92578125,14255.431640625
31227.5,14208.072265625
31142.53515625,14163.6455078125
31044.568359375,14125.9970703125
31070.55078125,14204.37109375
31155.9296875,14262.9345703125
31237.98046875,14328.50390625
31294.443359375,14408.900390625
31377.05859375,14474.2470703125
31441.533203125,14550.0224609375
31530.501953125,14605.451171875
31609.509765625,14675.0986328125
31694.919921875,14736.4814453125
31772.1171875,14808.1484375
31847.220703125,14882.0244140625
31918.169921875,14959.1904296875
31981.8828125,15029.2490234375
32060.490234375,15096.8544921875
32129,15176.525390625
32082.50390625,15248.66796875
9913,15213
9840.830078125,15144.1806640625
9779.2666015625,15064.2822265625
9706.30078125,14992.689453125
9642.4033203125,14913.0703125
9586.06640625,14828.5283203125
9542.359375,14746.0107421875
9622.6650390625,14718.921875
9689.9541015625,14793.6806640625
9747.9794921875,14877.4072265625
9822.2958984375,14946.7734375
9880.6875,15029.74609375
9938.251953125,15092.875
9998.84765625,15138.10546875
9980.392578125,15227.076171875
35060,15099
35046.55078125,15002.3203125
35086.296875,14912.3935546875
35072.9296875,14829.568359375
35073.21484375,14729.9951171875
35155.85546875,14716.3095703125
35150.671875,14821.9453125
35144.52734375,14919.12890625
35122.82421875,14993.8251953125
35104.09765625,15079.22265625
11172,15082
11118.9677734375,15009.3359375
11048.3896484375,14931.7197265625
10972.92578125,14858.689453125
10898.611328125,14852.2783203125
10819.2265625,14908.73828125
10732.376953125,14853.3505859375
10670.310546875,14785.671875
10600.6943359375,14707.556640625
10506.357421875,14708.74609375
10405.546875,14720.134765625
10351.333984375,14631.1884765625
10290.642578125,14546.1796875
10217.169921875,14588.15625
10136.181640625,14623.125
10080.65234375,14580.595703125
10019.587890625,14536.7333984375
9921.966796875,14563.494140625
9857.0947265625,14496.20703125
9830.9775390625,14395.5126953125
9786.41015625,14301.5458984375
9725.4619140625,14355.9208984375
9631.2001953125,14376.3173828125
9580.4833984375,14289.95703125
9529.5595703125,14199.357421875
9476.2783203125,14108.9365234375
9427.427734375,14023.1728515625
9330.98046875,14016.1416015625
9230.0537109375,14021.41796875
9148.318359375,13957.8662109375
9080.4970703125,13877.8388671875
9031.849609375,13791.80859375
8983.2099609375,13703.025390625
8932.2978515625,13615.4970703125
8879.232421875,13530.783203125
8804.6923828125,13459.4453125
8799.974609375,13366.2841796875
8841.55078125,13307.037109375
8786.654296875,13218.7294921875
8720.2529296875,13159.01953125
8616.4892578125,13174.177734375
8535.177734375,13136.9208984375
8485.07421875,13050.7587890625
8430.1513671875,12971.306640625
8375.80078125,12887.5263671875
8320.7705078125,12811.453125
8367.8935546875,12795.9599609375
8451.99609375,12829.341796875
8522.1650390625,12904.0576171875
8577.875,12986.9638671875
8659.806640625,13045.0576171875
8732.0498046875,13107.984375
8825.4814453125,13125.1572265625
8876.26171875,13205.04296875
8933.06640625,13289.611328125
8989.4208984375,13376.6298828125
9055.9501953125,13457.1015625
9103.533203125,13545.7431640625
9158.0751953125,13525.7265625
9239.7119140625,13488.23828125
9308.5830078125,13562.29296875
9364.3740234375,13649.2265625
9397.27734375,13745.8486328125
9457.0986328125,13820.0517578125
9502.5068359375,13795.0380859375
9575.2421875,13732.4716796875
9668.63671875,13767.458984375
9709.6318359375,13856.06640625
9754.99609375,13929.662109375
9787.3662109375,14019.7001953125
9838.0458984375,14107.8466796875
9928.279296875,14089.5341796875
10014.9404296875,14111.4287109375
10063.2802734375,14204.4873046875
10109.48828125,14287.9765625
10210.7958984375,14261.951171875
10293.0068359375,14319.1181640625
10355.8896484375,14401.6162109375
10408.7890625,14489.58203125
10501.9404296875,14478.595703125
10603.1552734375,14494.712890625
10665.94921875,14577.15234375
10724.3974609375,14639.9765625
10797.271484375,14567.4697265625
10891.4638671875,14578.9765625
10960.12890625,14658.3037109375
11035.9931640625,14730.7041015625
11078.7216796875,14822.1337890625
11180.6357421875,14831.0947265625
11285.2724609375,14827.2099609375
11381.6064453125,14861.6748046875
11472.447265625,14911.80078125
11575.6025390625,14900.63671875
11625.6708984375,14979.8291015625
11545.904296875,15035.453125
11444.201171875,15035.6103515625
11353.86328125,15003.7275390625
11290.8759765625,15024.8681640625
11214.8125,15085.353515625
10249.62109375,14519.9921875
9736.4580078125,14238.0986328125
23443,15042
23352.080078125,14993.435546875
23259.94140625,14951.9072265625
23179.822265625,14901.541015625
23084.79296875,14865.2763671875
22993.22265625,14816.150390625
22901.66015625,14764.787109375
22803,14730.0859375
22717.279296875,14684.8271484375
22623.1953125,14638.93359375
22527.833984375,14598.5673828125
22433.85546875,14556.1845703125
22447.138671875,14479.4072265625
22539.66015625,14472.8037109375
22629.236328125,14526.033203125
22718.583984375,14578.240234375
22805.181640625,14635.8271484375
22903.09375,14674.109375
22992.498046875,14728.7255859375
23081.23828125,14781.921875
23178.177734375,14821.1513671875
23269.48046875,14872.9912109375
23355.232421875,14909.3623046875
23350.31640625,14844.193359375
23265.767578125,14781.72265625
23184.26171875,14715.30078125
23100.830078125,14652.4736328125
23019.072265625,14586.611328125
22943.091796875,14517.7919921875
22859.2109375,14460.765625
22775.18359375,14399.2890625
22732.568359375,14317.65234375
22809.125,14260.0078125
22889.140625,14301.62109375
22975.755859375,14356.14453125
23065.78125,14410.267578125
23161.275390625,14452.986328125
23259.32421875,14489.2119140625
23352.091796875,14534.6220703125
23440.587890625,14566.8740234375
23386.962890625,14499.5888671875
23297.794921875,14449.2900390625
23215.96875,14395.8505859375
23131.138671875,14334.109375
23041.494140625,14279.1689453125
22958.05859375,14215.564453125
22918.69921875,14133.0361328125
23002.755859375,14080.66015625
23106.220703125,14095.6767578125
23201.521484375,14140.443359375
23295.845703125,14187.2412109375
23393.80859375,14223.833984375
23451.271484375,14231.876953125
23382.283203125,14158.173828125
23297.642578125,14096.658203125
23215.9453125,14038.271484375
23134.306640625,13975.5048828125
23061.708984375,13915.1015625
23095.75390625,13826.7666015625
23199.474609375,13817.6826171875
23295.2421875,13856.3818359375
23384.068359375,13912.9072265625
23474.970703125,13965.9580078125
23556.041015625,14027.818359375
23646.087890625,14061.7880859375
23747.384765625,14089.4541015625
23736.142578125,14028.95703125
23653.1796875,13981.3564453125
23592.76953125,13915.25
23499.404296875,13869.078125
23435.72265625,13789.0576171875
23367.63671875,13719.1455078125
23274.6953125,13673.673828125
23194.34765625,13608.0771484375
23119.69921875,13534.5244140625
23147.0546875,13446.662109375
23244.611328125,13425.220703125
23345.4375,13455.15625
23437.80859375,13500.3525390625
23534.7890625,13541.3232421875
23632.462890625,13578.9052734375
23658.521484375,13534.3837890625
23572.728515625,13473.5947265625
23492.8984375,13404.974609375
23432.1484375,13345.3310546875
23355.212890625,13277.830078125
23301.87890625,13193.28125
23347.87890625,13104.060546875
23451.90625,13093.7001953125
23541.07421875,13141.7939453125
23638.83984375,13179.1953125
23728.095703125,13226.1953125
23787.560546875,13179.169921875
23742.630859375,13094.8291015625
23687.216796875,13006.22265625
23612.24609375,12953.74609375
23551.865234375,12871.181640625
23487.734375,12797.3408203125
23447.35546875,12701.5322265625
23506.146484375,12621.01953125
23610.400390625,12612.716796875
23714.990234375,12624.46484375
23784.65625,12583.30078125
23772.560546875,12478.93359375
23737.109375,12381.033203125
23687.123046875,12300.306640625
23635.4453125,12225.193359375
23575.486328125,12143.0830078125
23535.130859375,12057.7431640625
23471.435546875,11977.158203125
23419.455078125,11887.40625
23366.7421875,11798.0888671875
23334.43359375,11699.349609375
23281.736328125,11610.5498046875
23254.498046875,11509.265625
23318.232421875,11456.982421875
23374.48828125,11540.2978515625
23420.724609375,11615.296875
23472.203125,11707.08203125
23513.318359375,11803.86328125
23564.251953125,11887.0361328125
23612.333984375,11976.69921875
23665.095703125,12067.7626953125
23704.662109375,12163.1015625
23775.134765625,12237.5966796875
23818.955078125,12333.3134765625
23853.771484375,12427.6416015625
23887.80078125,12506.8046875
23892.1484375,12610.5966796875
23824.693359375,12689.2421875
23748.826171875,12702.24609375
23682.865234375,12725.5986328125
23624.07421875,12756.8828125
23691.5703125,12837.255859375
23755.728515625,12910.5244140625
23812.916015625,12995.8291015625
23864.015625,13084.884765625
23915.76171875,13173.5380859375
23935.1171875,13275.0703125
23861.8046875,13339.56640625
23761.591796875,13328.5869140625
23659.404296875,13305.2265625
23608.837890625,13332.658203125
23672.53125,13415.6298828125
23752.193359375,13479.5576171875
23828.615234375,13546.0283203125
23899.802734375,13620.1826171875
23955.875,13708.9453125
23887.16796875,13761.5634765625
23783.470703125,13756.1865234375
23696.193359375,13710.61328125
23601.990234375,13667.8271484375
23501.0546875,13647.17578125
23416.333984375,13618.23046875
23481.345703125,13696.1923828125
23560.849609375,13765.1650390625
23637.3046875,13829.5107421875
23720.388671875,13890.5185546875
23800.646484375,13956.9794921875
23882.43359375,14022.1240234375
23955.34375,14094.62109375
24015.986328125,14177.1171875
23983.376953125,14256.146484375
23878.787109375,14256.2255859375
23780.68359375,14219.3701171875
23692.38671875,14162.4765625
23598.23828125,14136.4833984375
23627.287109375,14211.4599609375
23702.0390625,14283.9052734375
23752.755859375,14374.0703125
23685.4765625,14429.22265625
23586.11328125,14399.8544921875
23482.2421875,14383.626953125
23467.904296875,14435.267578125
23546.931640625,14504.67578125
23621.875,14573.541015625
23615.73828125,14653.8232421875
23528.880859375,14673.775390625
23433.087890625,14653.671875
23334.125,14619.1640625
23240.052734375,14572.513671875
23214.89453125,14610.7412109375
23304.09765625,14666.64453125
23372.7578125,14740.2666015625
23455.63671875,14804.4873046875
23534.345703125,14874.42578125
23588.412109375,14962.4609375
23547.041015625,15035.740234375
30375,14741
30272.302734375,14722.458984375
30174.96875,14684.560546875
30079.92578125,14650.68359375
29977.548828125,14630.10546875
29884.37890625,14585.0361328125
29788.138671875,14549.20703125
29697.37890625,14502.2314453125
29604.306640625,14460.00390625
29519.146484375,14415.6884765625
29553.474609375,14325.9697265625
29650.95703125,14335.9638671875
29736.845703125,14389.8251953125
29820.353515625,14448.8525390625
29911.380859375,14497.734375
29999.865234375,14549.740234375
30100.201171875,14578.0283203125
30191.109375,14628.484375
30293.6171875,14648.822265625
30396.271484375,14668.931640625
30500.294921875,14679.6123046875
30476.712890625,14738.5205078125
9650,14694
9569.3212890625,14637.365234375
9497.8076171875,14562.2109375
9427.8837890625,14493.630859375
9350.4736328125,14425.9775390625
9265.2685546875,14371.0400390625
9195.861328125,14294.8564453125
9149.044921875,14208.666015625
9241.162109375,14231.0517578125
9324.779296875,14290.2841796875
9394.001953125,14362.8212890625
9478.556640625,14415.60546875
9560.4560546875,14479.0361328125
9639.4931640625,14545.9453125
9710.9345703125,14621.51171875
9717.2001953125,14695.3525390625
30180,14428
30093.626953125,14369.6123046875
30007.70703125,14316.9345703125
29915.265625,14266.369140625
29826.1484375,14221.2041015625
29737.484375,14165.1396484375
29758.947265625,14071.4677734375
29852.921875,14046.3154296875
29955.990234375,14068.15625
30043.044921875,14119.8359375
30141.78125,14153.7568359375
30230.12109375,14203.623046875
30330.046875,14211.185546875
30389.380859375,14182.33984375
30301.96484375,14125.3798828125
30221.15234375,14058.8212890625
30142.515625,13988.8466796875
30059.900390625,13925.4765625
29990.166015625,13855.3251953125
29908.62890625,13803.28515625
29839.349609375,13733.0166015625
29753.640625,13679.0107421875
29677.421875,13615.6865234375
29614.91015625,13545.236328125
29546.74609375,13466.4453125
29564.81640625,13375.5732421875
29665.517578125,13347.03125
29763.771484375,13383.97265625
29847.28515625,13446.064453125
29945.330078125,13478.46875
30038.703125,13527.244140625
30134.994140625,13561.0185546875
30222.734375,13611.240234375
30249.337890625,13574.1982421875
30173.91796875,13507.865234375
30093.88671875,13439.767578125
30023.14453125,13375.046875
29956.177734375,13305.140625
29883.41796875,13234.4638671875
29803.375,13168.619140625
29741.140625,13092.927734375
29667.501953125,13030.970703125
29589.662109375,12961.5625
29535.3046875,12916.6123046875
29476.291015625,12837.7890625
29394.30859375,12774.8876953125
29318.33984375,12701.873046875
29241.341796875,12629.9384765625
29177.548828125,12551.357421875
29094.255859375,12497.87109375
29012.755859375,12431.521484375
28936.21484375,12359.109375
28927.203125,12273.2783203125
29017.419921875,12236.8212890625
29111.150390625,12276.80859375
29185.662109375,12347.0400390625
29283.42578125,12384.8447265625
29363.341796875,12452.076171875
29450.591796875,12511.0546875
29541.224609375,12564.048828125
29624.138671875,12623.20703125
29718.373046875,12665.4365234375
29811.1640625,12712.3662109375
29875.421875,12682.525390625
29799.482421875,12618.4619140625
29721.373046875,12549.267578125
29644.201171875,12477.99609375
29562.345703125,12411.9482421875
29501.353515625,12331.2470703125
29414.666015625,12274.3974609375
29364.44140625,12189.66796875
29278.486328125,12130.0302734375
29230.798828125,12059.712890625
29160.46484375,11986.7822265625
29085.193359375,11915.81640625
29019.470703125,11836.3427734375
28971.341796875,11745.4248046875
29035.255859375,11674.8837890625
29140.234375,11669.5810546875
29240.216796875,11695.767578125
29310.767578125,11770.31640625
29402.7265625,11816.75
29480.048828125,11885.056640625
29570.392578125,11938.900390625
29648.72265625,12000.8232421875
29740.876953125,12049.169921875
29839.572265625,12080.9384765625
29926.078125,12138.8017578125
29941.0234375,12101.7294921875
29899.111328125,12055.4306640625
29813.806640625,11996.4931640625
29743.279296875,11921.03515625
29668.599609375,11853.544921875
29593.5859375,11789.51171875
29510.75,11724.4599609375
29435.013671875,11651.2294921875
29365.484375,11572.08203125
29306.73046875,11484.841796875
29331.75390625,11396.044921875
29428.232421875,11364.775390625
29530.966796875,11385.2978515625
29625.88671875,11430.8505859375
29716.509765625,11484.6259765625
29804.17578125,11542.9736328125
29877.38671875,11618.384765625
29971.115234375,11663.8564453125
30066.88671875,11702.9443359375
30143.822265625,11732.7177734375
30163.6171875,11680.3154296875
30094.58203125,11607.5908203125
30017.21875,11536.044921875
29941.40234375,11462.8544921875
29865.158203125,11390.1083984375
29788.14453125,11318.177734375
29709.435546875,11248.12109375
29649.189453125,11163.9130859375
29635.275390625,11063.1162109375
29716.796875,11002.83203125
29820.671875,11017.0791015625
29913.20703125,11064.7431640625
29999.640625,11124.986328125
30086.298828125,11184.8818359375
30170.099609375,11245.017578125
30239.90234375,11310.27734375
30240.447265625,11252.8369140625
30153.763671875,11193.669921875
30071.2109375,11129.3916015625
29983.56640625,11071.373046875
29900.52734375,11006.578125
29814.87890625,10945.220703125
29725.58203125,10889.8251953125
29636.736328125,10833.1689453125
29546.029296875,10780.1845703125
29443.40625,10763.62109375
29427.63671875,10680.6279296875
29523.81640625,10641.4150390625
29610.80078125,10675.0869140625
29701.994140625,10726.94921875
29793.64453125,10778.94921875
29879.142578125,10840.17578125
29965.474609375,10891.0439453125
30046.13671875,10954.0361328125
30129.15234375,11018.4404296875
30216.212890625,11077.462890625
30292.478515625,11147.607421875
30376.869140625,11209.203125
30450.001953125,11283.0771484375
30519.048828125,11352.9931640625
30497.080078125,11440.3212890625
30401.392578125,11446.556640625
30313.58203125,11405.7001953125
30212.591796875,11379.3974609375
30143.689453125,11317.357421875
30066.748046875,11282.1240234375
29968.740234375,11244.599609375
29884.59375,11215.7587890625
29948.8046875,11297.828125
30025.2578125,11368.6748046875
30095.25,11447.345703125
30165.826171875,11525.5751953125
30238.103515625,11598.541015625
30302.849609375,11677.6181640625
30336.994140625,11759.9052734375
30323.3984375,11831.3681640625
30234.818359375,11847.62109375
30134.029296875,11818.3466796875
30033.935546875,11787.9345703125
29944.9453125,11736.990234375
29869.5625,11689.091796875
29846.474609375,11650.138671875
29775.498046875,11649.025390625
29684.890625,11607.7578125
29595.19140625,11556.9560546875
29513.61328125,11539.205078125
29575.08203125,11611.9892578125
29651.40234375,11684.0615234375
29725.01171875,11751.0693359375
29804.57421875,11820.0859375
29882.2109375,11883.6796875
29955.837890625,11956.94921875
30030.609375,12029.578125
30114.4296875,12092.314453125
30168.921875,12180.2236328125
30165.84765625,12277.08203125
30075.798828125,12286.9130859375
29983.794921875,12239.9697265625
29880.732421875,12226.0068359375
29826.017578125,12178.1572265625
29744.349609375,12130.5341796875
29658.9140625,12088.25
29562.482421875,12046.68359375
29479.091796875,11988.4853515625
29394.390625,11931.1591796875
29300.34375,11886.720703125
29281.73046875,11926.0615234375
29347.3984375,12008.2548828125
29410.0546875,12089.107421875
29476.375,12167.158203125
29554.05859375,12238.0283203125
29630.06640625,12304.7265625
29708.7421875,12374.66796875
29784.072265625,12448.3623046875
29858.849609375,12522.6162109375
29933.060546875,12597.4375
30005.111328125,12673.7158203125
30045.099609375,12770.6435546875
29993.658203125,12829.658203125
29889.8203125,12816.3369140625
29792.3984375,12779.2021484375
29695.638671875,12738.0712890625
29597.474609375,12701.33984375
29501.576171875,12659.3046875
29411.8046875,12612.8759765625
29473.9453125,12694.333984375
29544.630859375,12772.4912109375
29620.529296875,12845.24609375
29685.080078125,12926.6650390625
29764.625,12995.611328125
29840.576171875,13068.6552734375
29917.98828125,13138.8291015625
29982.837890625,13221.6533203125
30069.51171875,13280.3076171875
30143.146484375,13351.130859375
30223.642578125,13418.419921875
30295.44921875,13494.904296875
30368.486328125,13565.3876953125
30404.400390625,13656.833984375
30321.30078125,13710.4521484375
30255.978515625,13694.97265625
30163.091796875,13659.3740234375
30062.685546875,13629.181640625
29982.009765625,13575.6748046875
29887.490234375,13545.90625
29787.169921875,13514.5341796875
29803.00390625,13565.126953125
29872.466796875,13643.3271484375
29943.841796875,13720.794921875
30029.82421875,13776.8818359375
30108.724609375,13844.6513671875
30192.435546875,13908.2470703125
30272.787109375,13974.310546875
30358.58203125,14035.3544921875
30437.91015625,14104.67578125
30508.56640625,14176.873046875
30545.140625,14242.4599609375
30517.515625,14326.0791015625
30414.224609375,14329.3701171875
30320.138671875,14313.091796875
30224.07421875,14281.02734375
30120.333984375,14263.3740234375
30161.759765625,14330.837890625
30228.154296875,14410.236328125
29364.494140625,12577.9765625
29331.029296875,12575.779296875
27595,14280
31788,14213
31711.646484375,14156.736328125
31629.12109375,14091.7197265625
31557.4765625,14023.0625
31475.517578125,13970.6162109375
31390.36328125,13909.474609375
31333.505859375,13843.4130859375
31248.736328125,13794.314453125
31166.41015625,13729.6201171875
31110.3515625,13642.0771484375
31055.49609375,13555.2353515625
31047.298828125,13455.3955078125
31142.16796875,13414.5869140625
31240.875,13446.0888671875
31329.921875,13502.529296875
31406.609375,13572.505859375
31402.74609375,13613.861328125
31314.029296875,13580.99609375
31213.142578125,13563.9013671875
31255.23828125,13630.4765625
31318.958984375,13700.6474609375
31401.66015625,13765.3828125
31469.552734375,13837.8759765625
31538.80078125,13901.2470703125
31611.607421875,13977.3232421875
31687.43359375,14046.150390625
31765.08984375,14106.4619140625
31850.794921875,14165.2880859375
31803.708984375,14215.3134765625
25280,14118
25226.61328125,14071.5078125
25294.41015625,14016.5390625
25228.359375,13959.6630859375
25140.76171875,13900.8505859375
25051.724609375,13846.2646484375
24965.373046875,13785.294921875
24886.70703125,13713.279296875
24798.998046875,13657.810546875
24765.375,13566.6875
24857.345703125,13521.83203125
24925.677734375,13580.515625
24985.99609375,13668.28125
25061.85546875,13733.6884765625
25146.296875,13798.0498046875
25230.240234375,13858.3662109375
25313.466796875,13919.6962890625
25375.26953125,14000.865234375
25377.486328125,14099.2333984375
21993,14058
22005.166015625,13976.9140625
22106.748046875,13931.255859375
22177.23046875,13967.3037109375
22099.587890625,14046.0029296875
8770,13955
8687.9736328125,13912.3642578125
8610.5869140625,13840.083984375
8553.2177734375,13769.591796875
8649.255859375,13744.60546875
8728.44921875,13811.5634765625
8799.158203125,13878.203125
8863.091796875,13942.23828125
11890,13820
11786.216796875,13790.5927734375
11687.51171875,13744.38671875
11588.060546875,13699.9453125
11484.35546875,13667.880859375
11494.8212890625,13583.3994140625
11592.2646484375,13579.9814453125
11693.7607421875,13619.5263671875
11792.59375,13665.427734375
11891.0517578125,13706.6611328125
11994.4365234375,13731.78125
11996.6240234375,13820.77734375
35393,13798
35380.01171875,13706.1806640625
35420.89453125,13667.36328125
35436.33203125,13755.435546875
17390,13749
17278.279296875,13743.34765625
17180.513671875,13703.568359375
17273.359375,13643.4072265625
17385.51953125,13638.478515625
17495.224609375,13659.0205078125
17500.275390625,13740.4892578125
14556,13673
14453.0263671875,13658.306640625
14348.4130859375,13656.1962890625
14243.7841796875,13654.9208984375
14139.28125,13650.078125
14038.525390625,13642.2236328125
13934.4755859375,13653.2822265625
13830.44140625,13664.509765625
13726.5615234375,13662.0966796875
13703.9609375,13585.7548828125
13750.162109375,13498.494140625
13793.33984375,13406.5576171875
13852.853515625,13323.6787109375
13921.2080078125,13244.6142578125
14002.3037109375,13182.0263671875
14080.859375,13115.6494140625
14094.966796875,13025.7763671875
14109.044921875,12922.3876953125
14142.0400390625,12823.6689453125
14188.1474609375,12729.7666015625
14244.42578125,12643.2646484375
14328.580078125,12613.931640625
14340.6298828125,12710.0478515625
14282.3330078125,12795.8046875
14252.17578125,12895.5048828125
14237.44140625,12994.5693359375
14250.0322265625,13091.7802734375
14317.6806640625,13158.3388671875
14359.1943359375,13248.1796875
14410.046875,13330.0947265625
14476.271484375,13409.0244140625
14559.0927734375,13470.7001953125
14630.326171875,13542.947265625
14668.890625,13628.197265625
14586.4775390625,13687.076171875
14358.33984375,13517.1904296875
19581,13647
19499.73828125,13583.03125
19412.1875,13529.9287109375
19404.1328125,13437.6591796875
19501.84765625,13411.8427734375
19590.072265625,13360.8134765625
19694.08984375,13354.912109375
19775.849609375,13291.8212890625
19848.19921875,13310.0068359375
19924.5546875,13332.9638671875
20022.89453125,13298.59765625
20106.888671875,13330.998046875
20191.255859375,13291.0400390625
20259.1484375,13219.3681640625
20360.123046875,13231.265625
20425.2578125,13296.9228515625
20505.072265625,13228.6923828125
20595.4765625,13176.6572265625
20664.591796875,13248.447265625
20717.0078125,13310.251953125
20771.8359375,13223.3349609375
20844.775390625,13147.05859375
20919.46484375,13113.38671875
21018.921875,13144.80859375
21105.60546875,13094.9931640625
21199.6328125,13059.3125
21271.52734375,13124.236328125
21346.19921875,13099.611328125
21413.48046875,13018.123046875
21482.091796875,12939.146484375
21575.0234375,12896.7646484375
21644.544921875,12917.2900390625
21703.994140625,12831.0576171875
21803.21875,12812.8037109375
21903.404296875,12818.607421875
21989.955078125,12760.189453125
22086.53125,12721.5263671875
22191.41015625,12710.00390625
22280.71484375,12677.322265625
22351.201171875,12610.861328125
22434.98046875,12665.0849609375
22399.197265625,12763.0869140625
22395.552734375,12832.720703125
22353.685546875,12923.4931640625
22307.892578125,13014.677734375
22282.70703125,13094.265625
22283.466796875,13173.68359375
22182.138671875,13202.2412109375
22083.064453125,13234.8671875
21990.03125,13190.447265625
21917.708984375,13228.12109375
21894.072265625,13328.7421875
21810.728515625,13371.2607421875
21756.888671875,13286.5068359375
21719.748046875,13190.6796875
21679.171875,13275.298828125
21603.46875,13338.7392578125
21536.90234375,13282.26953125
21523.8203125,13192.0009765625
21448.84375,13185.880859375
21386.5234375,13265.79296875
21320.00390625,13341.9599609375
21224.56640625,13318.2197265625
21166.642578125,13237.2021484375
21115.70703125,13283.66796875
21060.75,13370.259765625
20978.818359375,13432.0595703125
20898.92578125,13378.759765625
20824.2421875,13366.642578125
20762.080078125,13450.6923828125
20669.04296875,13488.0439453125
20598.392578125,13434.021484375
20524.6953125,13391.0771484375
20476.365234375,13472.966796875
20411.556640625,13552.4375
20314.98828125,13532.3623046875
20273.953125,13443.033203125
20202.697265625,13507.3876953125
20157.779296875,13595.6669921875
20068.9609375,13594.29296875
20046.455078125,13491.412109375
19989.814453125,13463.0419921875
19942.640625,13556.3642578125
19873.896484375,13629.6904296875
19774.787109375,13594.4970703125
19700.294921875,13639.7001953125
19604.6484375,13668.765625
21716.455078125,13176.7607421875
22196.166015625,13026.529296875
22164.5703125,12930.556640625
22124.1015625,13009.7578125
22113.099609375,13105.3232421875
35398,13633
35345.07421875,13554.3427734375
35347.50390625,13507.4482421875
35286.13671875,13470.830078125
35264.453125,13372.771484375
35271.23828125,13278.0654296875
35282.1875,13177.048828125
35344.3203125,13197.0380859375
35370.6484375,13286.5283203125
35395.01171875,13375.7802734375
35416.15625,13468.193359375
35434.79296875,13567.505859375
22126,13568
22018.236328125,13534.5234375
21915.77734375,13488.193359375
22008.27734375,13457.517578125
22119.513671875,13476.94140625
22209.814453125,13530.42578125
37262,13545
37290.8515625,13454.67578125
37334.609375,13359.8134765625
37404.68359375,13279.947265625
37478.9140625,13203.7509765625
37553.8359375,13128.2314453125
37634.08203125,13059.482421875
37720.578125,12998.302734375
37808.11328125,12939.5615234375
37891.74609375,12876.779296875
37975.1328125,12819.75
38054.28515625,12757.54296875
38127.4296875,12680.404296875
38196.0546875,12600.6005859375
38258.515625,12514.662109375
38308.9140625,12445.2998046875
38365.52734375,12355.251953125
38411.546875,12260.033203125
38448.79296875,12160.4326171875
38503.65625,12145.080078125
38475.5234375,12245.92578125
38451.9765625,12329.7333984375
38415.18359375,12421.5947265625
38358.8828125,12503.78125
38287.12109375,12581.896484375
38227.94140625,12663.294921875
38197.45703125,12724.962890625
38119.54296875,12790.1376953125
38046.1171875,12865.6484375
38006.3828125,12908.8818359375
37915.30859375,12960.0771484375
37832.5859375,13020.6953125
37748.48828125,13085.6982421875
37670.83984375,13150.0166015625
37598.16015625,13217.13671875
37510.53515625,13272.931640625
37458.90625,13360.9560546875
37414.71875,13445.111328125
37345.96875,13517.98046875
11498,13516
11485.1787109375,13436.9033203125
11576.3115234375,13411.9736328125
11676.0498046875,13422.4052734375
11742.62109375,13480.39453125
11691.5439453125,13523.06640625
11591.7119140625,13517.9052734375
17442,13508
17478.763671875,13426.6611328125
17585.078125,13394.16015625
17693.37109375,13369.5029296875
17754.421875,13440.75
17658.62109375,13477.6943359375
17550.791015625,13504.1806640625
25119,13507
25044.755859375,13436.921875
24963.39453125,13370.029296875
24903.638671875,13284.58984375
24821.2734375,13222.490234375
24766.408203125,13136.052734375
24717.900390625,13051.13671875
24789.248046875,12985.14453125
24878.74609375,13034.4140625
24934.681640625,13111.083984375
24960.849609375,13211.9619140625
25022.0703125,13296.654296875
25076.06640625,13387.099609375
25137.357421875,13466.7861328125
31524,13428
31485.869140625,13374.6796875
31394.712890625,13337.42578125
31324.748046875,13264.521484375
31247.49609375,13212.8427734375
31175.513671875,13145.2294921875
31090.318359375,13087.4189453125
31012.16015625,13019.9501953125
30943.01953125,12957.2880859375
30874.2265625,12902.25
30786.09375,12848.8740234375
30695.1796875,12802.0087890625
30712.0625,12726.875
30811.08203125,12724.4462890625
30891.384765625,12788.486328125
30972.73828125,12850.6640625
31055.07421875,12912.9384765625
31127.896484375,12985.44921875
31200.4140625,13051.2314453125
31282.845703125,13113.20703125
31353.275390625,13188.38671875
31427.7421875,13249.7607421875
31508.53125,13313.6611328125
31540.47265625,13386.4365234375
31554.7734375,13430.357421875
17444,13361
17446.404296875,13271.5224609375
17515.453125,13202.12890625
17589.904296875,13140.8564453125
17629.80859375,13202.8115234375
17610.453125,13273.5126953125
17542.40625,13344.6953125
10452,13274
10375.3583984375,13210.1025390625
10316.6884765625,13282.140625
10228.466796875,13287.4736328125
10140.65234375,13230.4111328125
10075.5029296875,13148.78515625
10008.9541015625,13101.1220703125
9965.2197265625,13170.744140625
9885.177734375,13158.361328125
9829.3935546875,13078.79296875
9778.6044921875,12994.15234375
9704.8701171875,12921.984375
9638.056640625,12846.294921875
9555.888671875,12883.8173828125
9478.9677734375,12840.3369140625
9422.93359375,12752.919921875
9366.6318359375,12665.03125
9282.7861328125,12663.16015625
9190.19921875,12652.55078125
9142.076171875,12563.466796875
9106.2978515625,12474.0390625
9059.9931640625,12383.384765625
8966.265625,12396.87109375
8880.2373046875,12343.25
8846.87890625,12245.6201171875
8793.0390625,12163.185546875
8753.1962890625,12087.6630859375
8693.4970703125,12155.6171875
8591.34765625,12140.3994140625
8550.7509765625,12052.892578125
8518.86328125,11963.53515625
8506.5380859375,11860.28125
8428.8330078125,11878.0888671875
8360.0068359375,11947.03515625
8279.98046875,12014.486328125
8181.642578125,12041.904296875
8197.46728515625,11959.2890625
8262.95703125,11883.279296875
8334.6689453125,11807.44921875
8423.3291015625,11753.9931640625
8481.8671875,11724.75390625
8528.2314453125,11641.97265625
8594.943359375,11698.7705078125
8692.01171875,11661.1953125
8771.2080078125,11720.9794921875
8789.0048828125,11823.0673828125
8833.365234375,11914.0146484375
8920.529296875,11919.5498046875
8996.1015625,11976.0126953125
9037.1162109375,12064.6396484375
9080.6875,12160.1044921875
9129.9716796875,12251.7197265625
9176.7607421875,12325.0078125
9259.6640625,12296.5966796875
9341.4560546875,12355.9912109375
9384.76953125,12447.119140625
9419.7890625,12535.744140625
9448.5517578125,12562.560546875
9508.328125,12572.3251953125
9601.64453125,12551.8837890625
9651.5302734375,12640.17578125
9710.2734375,12714.1396484375
9774.607421875,12795.3544921875
9809.177734375,12869.2646484375
9837.6708984375,12939.994140625
9936.5751953125,12909.0458984375
10036.228515625,12939.02734375
10115.5673828125,13007.1845703125
10187.93359375,13083.13671875
10257.2412109375,13085.2158203125
10354.90234375,13059.609375
10446.2109375,13110.9453125
10520.662109375,13179.162109375
10593.2451171875,13249.0693359375
10544.896484375,13319.75390625
11669,13268
11611.80859375,13184.216796875
11634.6728515625,13095.111328125
11722.2138671875,13100.23046875
11766.9716796875,13187.6826171875
11758.6171875,13269.4091796875
17390,13083
17398.91015625,13008.4208984375
17477.70703125,12940.7705078125
17573.51953125,12933.6904296875
17545.796875,13023.0537109375
17485.10546875,13088.732421875
33236,13083
33143.13671875,13039.19140625
33047.1171875,12998.298828125
32963.42578125,12935.3251953125
32876.80859375,12882.3212890625
32791.04296875,12824.6328125
32705.3671875,12777.47265625
32621.90234375,12721.9775390625
32538.580078125,12660.564453125
32440.640625,12624.65625
32370.853515625,12561.9541015625
32284.359375,12504.5361328125
32194.943359375,12452.0478515625
32107.380859375,12395.7998046875
32016.16796875,12344.1015625
31940.728515625,12292.09765625
31877.423828125,12231.1494140625
31788.142578125,12177.888671875
31712.01953125,12110.6787109375
31637.068359375,12044.240234375
31579.11328125,11961.625
31613.51953125,11878.91015625
31713.609375,11855.837890625
31815.16796875,11881.6181640625
31909.359375,11926.6474609375
31991.0703125,11988.0224609375
32084.68359375,12033.9287109375
32179.787109375,12078.2373046875
32272.498046875,12127.1396484375
32354.982421875,12180.82421875
32450.30859375,12222.8857421875
32540.908203125,12275.02734375
32636.486328125,12316.9375
32703.259765625,12357.4404296875
32798.51953125,12397.5634765625
32898,12430.599609375
32995.7109375,12465.0048828125
33000.15234375,12419.7802734375
32930.2421875,12353.6005859375
32841.56640625,12298.3173828125
32763.95703125,12239.9384765625
32686.89453125,12176.1689453125
32599.859375,12122.2841796875
32518.8203125,12063.197265625
32447.216796875,12002.62890625
32366.34765625,11942.953125
32289.896484375,11888.388671875
32210.55078125,11833.1748046875
32134.09765625,11777.447265625
32049.72265625,11722.6201171875
31982.580078125,11650.1328125
31938.4921875,11562.6513671875
31993.2578125,11487.6123046875
32096.58984375,11479.1669921875
32195.638671875,11513.48828125
32287.52734375,11563.3447265625
32380.513671875,11610.09375
32469.654296875,11663.80859375
32566.46875,11704.1953125
32663.427734375,11743.21875
32760.49609375,11780.4755859375
32850.66015625,11832.4072265625
32879.1328125,11811.732421875
32794.390625,11750.2880859375
32712.986328125,11685.2216796875
32638.255859375,11614.140625
32552.91796875,11558.091796875
32469.93359375,11493.9814453125
32395.41796875,11425.6162109375
32339.431640625,11338.8828125
32360.080078125,11238.4130859375
32444.0078125,11186.8271484375
32546.99609375,11195.490234375
32635.44140625,11248.14453125
32735.115234375,11261.951171875
32828.8046875,11298.1904296875
32902.2421875,11272.728515625
32828.89453125,11202.939453125
32751.880859375,11135.388671875
32664.1875,11079.21875
32589.953125,11012.376953125
32532.30078125,10953.42578125
32453.39453125,10894.2431640625
32388.900390625,10819.875
32316.68359375,10748.966796875
32396.875,10754.2021484375
32484.5390625,10810.0009765625
32570.33203125,10868.1572265625
32657.68359375,10924.501953125
32740.5859375,10988.4716796875
32817.19140625,11058.9677734375
32901.2109375,11117.5595703125
32979.484375,11184.7744140625
33054.5703125,11258.0546875
33084.9296875,11350.6826171875
33006.0390625,11416.1044921875
32901.85546875,11424.865234375
32801.58984375,11401.109375
32702.611328125,11371.939453125
32608.658203125,11331.201171875
32507.724609375,11310.2431640625
32540.51171875,11377.1552734375
32612.099609375,11442.2158203125
32692.751953125,11509.240234375
32766.318359375,11579.9599609375
32851.625,11637.4365234375
32933.45703125,11703.009765625
33015.484375,11768.4169921875
33095.234375,11836.57421875
33171.265625,11908.857421875
33177.09375,11991.2080078125
33080.359375,12015.2392578125
32981.3046875,11984.0859375
32882.1015625,11951.6640625
32786.375,11910.00390625
32693.67578125,11867.767578125
32602.22265625,11831.1962890625
32512.9765625,11790.3037109375
32422.283203125,11739.7529296875
32325.845703125,11705.2412109375
32249.763671875,11709.6103515625
32324.4140625,11778.2607421875
32409.80859375,11835.8017578125
32489.572265625,11903.6669921875
32573.611328125,11962.7939453125
32661.876953125,12019.1904296875
32743.130859375,12083.7841796875
32827.2109375,12141.548828125
32908.55078125,12207.7216796875
32989.6328125,12273.50390625
33061.8515625,12349.6142578125
33118.20703125,12381.54296875
33163.92578125,12461.853515625
33171.23046875,12558.7783203125
33079.109375,12603.9853515625
32978.49609375,12578.4140625
32880.82421875,12540.11328125
32783.21875,12501.619140625
32692.0078125,12453.2255859375
32597.255859375,12413.2998046875
32502.935546875,12367.4521484375
32410.220703125,12319.8837890625
32335.876953125,12275.2197265625
32242.009765625,12232.3740234375
32147.109375,12189.9052734375
32111.703125,12155.0400390625
32018.490234375,12114.3935546875
31924.93359375,12068.7470703125
31885.857421875,12093.9970703125
31960.123046875,12166.0810546875
32035.28125,12213.3720703125
32118.248046875,12269.9501953125
32205.61328125,12327.75390625
32289.28515625,12391.033203125
32372.8203125,12454.3271484375
32459.599609375,12509.435546875
32551.39453125,12559.984375
32636.697265625,12621.0185546875
32717.90234375,12687.443359375
32803.921875,12742.1962890625
32890.2890625,12800.1728515625
32972.91015625,12864.0947265625
33064.046875,12914.8056640625
33147.95703125,12977.65625
33232.03515625,13039.9462890625
33026.5390625,11965.203125
32934.015625,11856.701171875
24897,12929
24822.705078125,12859.9482421875
24746.71875,12784.6435546875
24684.74609375,12698.447265625
24627.130859375,12612.5224609375
24553.83984375,12551.5927734375
24559.00390625,12454.4990234375
24653.8671875,12447.3525390625
24691.9140625,12545.6064453125
24733.4140625,12629.8349609375
24813.0078125,12690.8330078125
24875.3671875,12777.228515625
24937.283203125,12857.599609375
24942.458984375,12945.7568359375
35283,12857
35280.72265625,12753.6455078125
35282.64453125,12659.7041015625
35266.07421875,12563.603515625
35270.0390625,12471.6689453125
35261.87890625,12367.6328125
35293.09375,12281.67578125
35327.05078125,12359.66796875
35344.8203125,12452.2744140625
35378.82421875,12546.791015625
35403.9375,12646.2197265625
35378.7421875,12746.0263671875
35362.7421875,12844.365234375
11775,12848
11678.08203125,12803.6962890625
11595.970703125,12735.67578125
11669.1689453125,12670.4375
11757.5849609375,12717.046875
11821.4716796875,12783.1435546875
11873.9921875,12833.0146484375
17224,12841
17259.546875,12744.9658203125
17343.91015625,12731.8974609375
17316.3359375,12814.2138671875
12105,12750
12079.2421875,12677.2568359375
12101.6904296875,12578.1220703125
12094.75,12475.61328125
12156.7265625,12437.9326171875
12198.787109375,12529.7490234375
12206.7451171875,12632.5068359375
12153.1044921875,12704.462890625
27973,12597
27892.232421875,12542.0390625
27805.78125,12488.71875
27722.439453125,12425.302734375
27646.08984375,12362.0927734375
27561.642578125,12300.4736328125
27481.61328125,12236.0712890625
27398.70703125,12192.5693359375
27312.255859375,12133.20703125
27229.326171875,12069.12109375
27140.4140625,12014.1318359375
27058.052734375,11956.4296875
26972.78515625,11897.7626953125
26898.2734375,11833.771484375
26810.44921875,11787.0087890625
26726.09765625,11726.234375
26651.626953125,11672.181640625
26570,11609.9873046875
26489.236328125,11546.9375
26404.3203125,11487.8955078125
26351.396484375,11448.677734375
26305.228515625,11366.4228515625
26219.677734375,11326.994140625
26176.416015625,11246.1572265625
26107.28515625,11179.2841796875
26142.759765625,11094.291015625
26242.84375,11110.7470703125
26335.505859375,11159.6328125
26374.1171875,11206.787109375
26449.99609375,11264.21875
26526.4765625,11332.6884765625
26618.884765625,11379.8955078125
26682.458984375,11449.228515625
26772.9921875,11481.21484375
26858.1953125,11540.6240234375
26949.78125,11587.759765625
27041.013671875,11639.3095703125
27123.486328125,11701.78125
27216.23828125,11750.384765625
27291.458984375,11819.4892578125
27386.599609375,11853.556640625
27475.08984375,11900.142578125
27566.994140625,11950.1171875
27655.9765625,12004.931640625
27707.224609375,11983.296875
27634.689453125,11907.5498046875
27560.125,11833.8427734375
27482.26171875,11788.5654296875
27429.369140625,11708.4423828125
27346.220703125,11645.2080078125
27274.30078125,11588.3662109375
27186.55859375,11532.7822265625
27111.06640625,11472.5029296875
27030.625,11405.23828125
26945.033203125,11344.7666015625
26878.705078125,11277.89453125
26797.18359375,11230.6259765625
26770.623046875,11137.0380859375
26860.201171875,11098.703125
26961.017578125,11120.427734375
27053.74609375,11168.5400390625
27140.56640625,11222.9169921875
27233.7265625,11268.41796875
27324.029296875,11321.4814453125
27303.296875,11381.3974609375
27204.869140625,11349.6640625
27216.23828125,11396.1884765625
27289.625,11464.3427734375
27370.736328125,11530.150390625
27450.923828125,11594.9228515625
27530.927734375,11662.341796875
27604.0078125,11737.4462890625
27682.126953125,11805.076171875
27746.654296875,11880.7919921875
27819.83984375,11930.4775390625
27876.15234375,12017.2509765625
27914.3359375,12112.439453125
27830.923828125,12155.607421875
27741.18359375,12123.4365234375
27681.9765625,12085.8115234375
27583.611328125,12052.9755859375
27508.337890625,11989.7333984375
27421.41015625,11946.326171875
27327.146484375,11902.15234375
27269.439453125,11854.9833984375
27202.45703125,11816.75390625
27109.29296875,11776.3935546875
27026.9140625,11713.015625
26946.833984375,11667.8251953125
26858.009765625,11614.2724609375
26766.8828125,11563.8681640625
26762.404296875,11589.5126953125
26839.34765625,11652.9052734375
26920.666015625,11717.5556640625
27007.677734375,11775.0654296875
27096.171875,11830.8984375
27183.025390625,11889.1708984375
27269.103515625,11948.43359375
27355.701171875,12005.7744140625
27438.279296875,12070.2060546875
27521.67578125,12133.619140625
27607.037109375,12192.7978515625
27684.736328125,12263.015625
27771.94140625,12319.9990234375
27856.4375,12380.9248046875
27936.302734375,12448.8056640625
28010.505859375,12518.2275390625
28037.08984375,12601.322265625
26676.3046875,11505.17578125
16824,12587
16868.8828125,12494.029296875
16955.892578125,12435.84765625
17018.880859375,12464.6962890625
16957.212890625,12546.39453125
16871.080078125,12598.876953125
14393,12576
14399.041015625,12489.2783203125
14490.5234375,12461.1796875
14553.193359375,12491.6640625
14599.9580078125,12399.6015625
14666.4306640625,12322.1728515625
14763.962890625,12332.4345703125
14749.9443359375,12425.1005859375
14687.3671875,12503.47265625
14592.14453125,12543.015625
14494.751953125,12580.314453125
22091,12521
22139.029296875,12461.0703125
22246.95703125,12439.9697265625
22357.31640625,12440.7548828125
22465.474609375,12458.494140625
22418.076171875,12526.435546875
22307.849609375,12532.7490234375
22197.517578125,12536.9765625
8170,12505
8128.8076171875,12428.3681640625
8090.33935546875,12347.56640625
8106.36474609375,12264.8349609375
8195.05908203125,12286.576171875
8255.0126953125,12359.84765625
8251.365234375,12433.8037109375
8259.94140625,12504.0673828125
12307,12470
12223.611328125,12415.341796875
12157.009765625,12347.9951171875
12231.1875,12294.490234375
12324.064453125,12329.8095703125
12402.2041015625,12392.27734375
12452.037109375,12469.30859375
12399.0947265625,12507.8271484375
12500,12387
12508.927734375,12292.8984375
12570.6435546875,12213.9462890625
12654.1357421875,12207.4443359375
12636.4443359375,12285.802734375
12591.6318359375,12372.3388671875
13023,12351
12932.2822265625,12313.6669921875
12839.6005859375,12275.388671875
12827.7734375,12189.447265625
12925.5263671875,12166.48046875
13006.3251953125,12214.3671875
13084.2744140625,12274.9169921875
13096.55859375,12364.53125
22325,12350
22247.66015625,12293.033203125
22345.068359375,12252.5732421875
22449.642578125,12294.9658203125
22436.25390625,12363.0986328125
14130,12350
14081.931640625,12300.1572265625
14154.7119140625,12245.369140625
14239.171875,12245.9296875
14219.3974609375,12332.1767578125
14938,12347
14856.478515625,12282.9794921875
14914.9208984375,12221.02734375
15010.177734375,12262.9599609375
15035.814453125,12339.9716796875
16399,12340
16336.1865234375,12256.72265625
16400.0205078125,12180.3466796875
16475.056640625,12247.7861328125
16496.3046875,12341.3095703125
14393,12320
14387.0576171875,12243.3330078125
14421.23828125,12140.974609375
14494.384765625,12195.9765625
14492.548828125,12306.76953125
13219,12323
13175.787109375,12256.0419921875
13234.8447265625,12160.654296875
13297.4697265625,12171.921875
13307.9716796875,12278.07421875
16139,12274
16176.662109375,12187.6611328125
16241.455078125,12109.36328125
16335.7490234375,12129.998046875
16315.7919921875,12205.462890625
16226.7265625,12261.1318359375
16640,12258
16659.5234375,12163.8740234375
16719.5390625,12239.3837890625
15849,12263
15768.7685546875,12199.716796875
15697.9677734375,12142.1337890625
15593.546875,12147.56640625
15570.30078125,12076.6806640625
15672.322265625,12047.4130859375
15746.0849609375,11988.2548828125
15831.0419921875,11982.6142578125
15847.60546875,12089.0634765625
15892.30078125,12186.4677734375
13719,12243
13672.5419921875,12185.9677734375
13756.818359375,12137.2705078125
13834.4638671875,12177.544921875
13775.66015625,12190.423828125
13920,12220
13880.5966796875,12153.7158203125
13969.8369140625,12108.8388671875
14066.5087890625,12123.6123046875
14006.6552734375,12199.1455078125
20305,12219
20234.2734375,12164.3486328125
20155.4921875,12116.3984375
20205.037109375,12024.474609375
20304.330078125,11993.1259765625
20378.900390625,11959.443359375
20432.146484375,11868.443359375
20525.212890625,11832.51171875
20596.314453125,11904.9697265625
20622.419921875,11911.5126953125
20678.50390625,11825.4716796875
20759.08203125,11772.1044921875
20837.021484375,11836.2666015625
20888.8671875,11750.087890625
20964.365234375,11685.61328125
21052.5234375,11732.4501953125
21081.5859375,11775.3056640625
21137.626953125,11686.84765625
21235.9296875,11680.189453125
21298.701171875,11757.953125
21332.771484375,11675.005859375
21363.935546875,11574.826171875
21437.888671875,11513.224609375
21533.658203125,11554.4716796875
21573.140625,11611.8544921875
21592.00390625,11532.5830078125
21686.203125,11509.001953125
21763.353515625,11536.0361328125
21810.572265625,11442.3359375
21888.10546875,11381.2880859375
21977.48046875,11431.7880859375
22056.228515625,11383.408203125
22155.931640625,11404.93359375
22214.6796875,11440.4013671875
22313.73046875,11421.8798828125
22370.154296875,11486.8447265625
22315.830078125,11577.1884765625
22282.517578125,11673.9150390625
22193.240234375,11720.0478515625
22113.109375,11669.0634765625
22036.6328125,11724.6435546875
21976.185546875,11770.369140625
21897.080078125,11707.978515625
21853.19140625,11796.5654296875
21804.13671875,11886.3232421875
21702.1796875,11895.810546875
21637.2578125,11921.7138671875
21547.798828125,11962.7783203125
21482.78125,11892.134765625
21427.375,11951.033203125
21366.951171875,12037.77734375
21278.404296875,12032.7294921875
21221.447265625,11944.2841796875
21155.30078125,11984.931640625
21101.775390625,12067.318359375
21009.4375,12057.08203125
20976.6328125,11966.6904296875
20911.0859375,12035.515625
20883.8984375,12135.6904296875
20789.712890625,12125.7548828125
20766.921875,12025.6650390625
20704.53515625,12054.810546875
20667.462890625,12151.7529296875
20587.28515625,12160.001953125
20524.865234375,12092.2216796875
20483.91015625,12035.80859375
20446.662109375,12129.3759765625
20404.048828125,12213.6904296875
15235,12193
15194.6064453125,12140.962890625
15281.7626953125,12090.255859375
15374.267578125,12129.9912109375
15339.8232421875,12197.5849609375
13555,12130
13457.1123046875,12104.92578125
13440.6220703125,12032.4580078125
13470.71875,11945.0849609375
13493.193359375,11887.9541015625
13529.744140625,11823.603515625
13613.0751953125,11865.5068359375
13712.41796875,11829.9423828125
13808.953125,11786.7255859375
13898.2490234375,11731.3505859375
13972.2197265625,11675.6591796875
14066.1767578125,11683.265625
14024.6728515625,11771.68359375
13959.1787109375,11795.3857421875
13902.1376953125,11873.96875
13805.3388671875,11905.76953125
13724.0244140625,11966.6884765625
13626.8876953125,12009.5439453125
13600.3798828125,12078.3017578125
24400,12112
24313.796875,12047.44921875
24230.12109375,11980.6943359375
24156.158203125,11912.3232421875
24053.287109375,11879.9716796875
24017.16796875,11799.7998046875
24098.5703125,11768.9052734375
24187.798828125,11828.9384765625
24261.75,11898.6669921875
24327.60546875,11977.439453125
24408.712890625,12038.884765625
10342,12060
10258.892578125,11995.810546875
10180.7705078125,11924.8388671875
10106.8349609375,11858.693359375
10035.65625,11869.580078125
10020.474609375,11959.357421875
9938.2294921875,11944.275390625
9884.8388671875,11860.1796875
9812.3037109375,11791.73046875
9769.755859375,11710.994140625
9713.2548828125,11642.541015625
9628.580078125,11605.3701171875
9537.375,11568.259765625
9492.6181640625,11474.84375
9448.228515625,11382.15625
9396.046875,11317.2275390625
9330.22265625,11257.2255859375
9245.6318359375,11267.4111328125
9166.4130859375,11218.359375
9109.0048828125,11131.419921875
9022.517578125,11077.5478515625
8921.6357421875,11062.927734375
8826.9833984375,11083.486328125
8742.8408203125,11051.4228515625
8794.55078125,10997.9716796875
8896.55859375,10984.2880859375
9001.8095703125,10980.435546875
9027.3798828125,10908.4365234375
9035.80078125,10823.28515625
9136.81640625,10814.3349609375
9161.001953125,10900.6279296875
9165.7041015625,11005.8701171875
9239.783203125,11035.693359375
9318.8076171875,10978.43359375
9391.3642578125,11044.1279296875
9452.5400390625,11129.3857421875
9502.3779296875,11222.3896484375
9536.8486328125,11310.9853515625
9594.1220703125,11392.9873046875
9688.80859375,11395.57421875
9759.0986328125,11474.236328125
9831.80078125,11550.7265625
9883.4765625,11633.650390625
9929.1787109375,11717.556640625
10031.3115234375,11704.8173828125
10128.6875,11739.85546875
10209.0029296875,11807.2470703125
10278.4365234375,11886.7333984375
10351.9814453125,11960.13671875
10416.501953125,12036.5341796875
22358,12050
22377.060546875,11952.3642578125
22470.439453125,11893.15625
22539.189453125,11957.30078125
22465.2421875,12036.6689453125
38596,12031
38572.34375,11938.916015625
38589.8359375,11836.1025390625
38623.0546875,11737.41796875
38650.81640625,11638.7158203125
38705.4140625,11557.9736328125
38739.19921875,11464.8828125
38774.69921875,11368.3203125
38814.58984375,11295.1201171875
38859.1328125,11204.77734375
38898.78515625,11119.1923828125
38958.1796875,11046.8896484375
39018.28125,10965.73828125
39084.92578125,10901.5634765625
39140.8203125,10888.400390625
39086.140625,10975.6201171875
39032.6484375,11058.8876953125
38982.06640625,11147.0009765625
38942.61328125,11238.8349609375
38886.4765625,11322.61328125
38855.63671875,11409.9775390625
38810.72265625,11499.953125
38769.8515625,11595.3466796875
38740.453125,11695.060546875
38721.375,11797.6005859375
38699.2578125,11899.513671875
38681.51171875,12000.421875
34864,11898
34792.37109375,11824.2138671875
34719.83203125,11756.0126953125
34645.34765625,11691.01953125
34576.1640625,11631.5234375
34473.65234375,11622.8876953125
34384,11583.6162109375
34281.65234375,11588.1845703125
34180.45703125,11576.8037109375
34080.8359375,11574.3740234375
33979.48828125,11556.6142578125
33972.26953125,11528.6337890625
33978.66015625,11485.1923828125
34077.0625,11460.7392578125
34179.0546875,11474.8740234375
34281.11328125,11486.8037109375
34378.109375,11520.330078125
34480.51953125,11530.2216796875
34581.8828125,11547.3154296875
34682.01171875,11570.095703125
34768.546875,11615.775390625
34808.51171875,11704.62109375
34879.796875,11779.0126953125
34923.12109375,11862.3349609375
35318,11642
35234.38671875,11581.44140625
35135.95703125,11546.7275390625
35058.24609375,11486.654296875
34958.9765625,11455.8857421875
34877.83203125,11406.7236328125
34775.76953125,11382.150390625
34685.8515625,11334.8408203125
34589.3515625,11295.2392578125
34492.828125,11257.9736328125
34398.24609375,11211.75
34299.078125,11176.521484375
34320.4296875,11270.4326171875
34226.0859375,11240.037109375
34169.26171875,11169.1533203125
34083.66796875,11108.3623046875
33999.0546875,11045.2802734375
33911.73046875,10986.087890625
33812.828125,10952.71484375
33796.49609375,10886.3935546875
33700.80078125,10925.154296875
33608.265625,10927.279296875
33509.3671875,10953.0244140625
33411.453125,10978.837890625
33311.4296875,10996.5791015625
33206.0234375,11000.498046875
33102.28515625,11016.072265625
33001.30078125,10996.1611328125
32915.640625,10970.7978515625
33005.6171875,10928.7314453125
33111.07421875,10925.1025390625
33215.72265625,10933.603515625
33316.7109375,10920.5166015625
33418.40625,10893.185546875
33523.84375,10890.54296875
33608.36328125,10861.5419921875
33713.265625,10851.37109375
33807.65234375,10817.9384765625
33897.81640625,10840.0732421875
33945.7578125,10907.341796875
34050.41015625,10904.39453125
34154.359375,10916.9033203125
34236.76171875,10974.876953125
34322.37890625,11035.9365234375
34417.52734375,11076.306640625
34502.2734375,11138.765625
34592.5234375,11189.24609375
34690.2109375,11228.0498046875
34785.64453125,11272.9716796875
34881.6171875,11313.2392578125
34978.140625,11355.8984375
35075.34765625,11396.9970703125
35161.9453125,11414.27734375
35137.171875,11320.646484375
35087.41796875,11231.1552734375
35034.7421875,11139.8330078125
35014.46484375,11087.388671875
34948.4375,11021.9404296875
34946.96484375,10930.533203125
35048.11328125,10927.3662109375
35125.51171875,10997.98046875
35196.9609375,11069.46484375
35287.3671875,11112.5927734375
35364.671875,11173.5234375
35461.359375,11215.7578125
35560.15625,11243.515625
35559.62890625,11158.37890625
35516.65234375,11095.177734375
35440.30859375,11026.1279296875
35397.109375,10937.4072265625
35455.49609375,10865.7919921875
35552.55078125,10905.16015625
35633.9453125,10971.3818359375
35701.3046875,11051.3994140625
35686.06640625,11152.251953125
35655.93359375,11250.00390625
35594.5546875,11321.0400390625
35490.1953125,11324.3984375
35400.14453125,11272.9951171875
35301.84765625,11243.0732421875
35206.171875,11240.666015625
35246.4453125,11323.60546875
35287.06640625,11408.1181640625
35349.2578125,11485.6875
35415.86328125,11558.966796875
35392.86328125,11654.162109375
35294.625,11570.8076171875
16895,11598
16835.41796875,11522.0126953125
16794.818359375,11433.939453125
16874.857421875,11405.7138671875
16944.103515625,11477.3896484375
16961.12890625,11565.9765625
37430,11589
37388.50390625,11493.408203125
37346.1171875,11400.66015625
37293.73828125,11317.25
37244.703125,11225.5732421875
37185.21484375,11140.1875
37125.546875,11054.98828125
37056.12109375,10981.9423828125
37002.73828125,10892.6455078125
36943.9140625,10813.3955078125
36873.828125,10743.34765625
36805.36328125,10668.255859375
36747.1484375,10700.251953125
36764.20703125,10796.087890625
36803.9609375,10888.3095703125
36836.12109375,10985.5517578125
36853.94140625,11087.38671875
36870.03125,11183.0087890625
36887.71484375,11272.9423828125
36925.56640625,11360.490234375
36887.6484375,11432.0048828125
36809.0390625,11392.681640625
36776.6796875,11295.9453125
36747.82421875,11198.974609375
36702.6953125,11185.9365234375
36606.51953125,11157.8515625
36535.15625,11085.66796875
36458.09375,11017.3076171875
36383.2890625,10946.21875
36313.12109375,10874.939453125
36276.90625,10918.4384765625
36305.62890625,11018.408203125
36339.05078125,11091.154296875
36375.6796875,11189.1767578125
36329.328125,11269.447265625
36249.09375,11217.8359375
36180.20703125,11144.40625
36111.41796875,11064.88671875
36030.7734375,11018.2138671875
36022.40625,11105.2724609375
35942.98046875,11087.3037109375
35870.19921875,11011.3671875
35821.91796875,10923.228515625
35845.5078125,10837.08203125
35949.01171875,10834.8232421875
36042.91796875,10870.7958984375
36073.55078125,10784.962890625
36054.49609375,10691.859375
36140.140625,10639.513671875
36236.125,10679.390625
36308.015625,10754.296875
36382.65625,10825.708984375
36457.96484375,10895.58203125
36529.34375,10969.9072265625
36603.40625,11044.0986328125
36679.31640625,11116.802734375
36720.8359375,11077.3837890625
36697.4453125,10985.173828125
36685.64453125,10901.1513671875
36655.89453125,10801.15234375
36644.46484375,10698.2060546875
36626.94921875,10608.173828125
36584.14453125,10519.59375
36537.65234375,10431.3876953125
36570.625,10349.3330078125
36651.51171875,10332.1923828125
36717.80859375,10408.2080078125
36787.37890625,10487.029296875
36849.81640625,10571.65234375
36912.6640625,10640.5498046875
36986.015625,10714.94921875
37042.9921875,10800.2431640625
37094.78515625,10876.1533203125
37164.21484375,10948.9931640625
37220.98046875,11028.0283203125
37290.0703125,11106.1103515625
37326.98046875,11099.43359375
37295.53515625,11002.6201171875
37314.23828125,10926.1337890625
37293.0390625,10905.25
37242.859375,10828.3115234375
37202.62109375,10733.8896484375
37162.26953125,10640.4599609375
37121.12890625,10545.8798828125
37123.5078125,10467.224609375
37058.82421875,10389.5517578125
37014.3359375,10295.0859375
36967.9609375,10202.88671875
36920.390625,10113.16015625
36857.375,10034.01953125
36787.87890625,9955.103515625
36728.359375,9869.900390625
36699.5625,9787.498046875
36786.54296875,9749.353515625
36853.34375,9827.8740234375
36924.4453125,9902.9873046875
36999.85546875,9974.611328125
37074.015625,10046.8125
37141.65234375,10124.62109375
37217.28125,10194.7470703125
37283.0234375,10274.8740234375
37364.03125,10340.603515625
37444.7890625,10407.9599609375
37527.9765625,10472.3359375
37565.9296875,10459.4365234375
37521.51171875,10364.4990234375
37477.38671875,10272.4921875
37423.05078125,10184.455078125
37371.3359375,10096.8701171875
37366.8125,10045.3349609375
37311.1328125,9972.2802734375
37269.63671875,9877.6220703125
37224.734375,9785.6552734375
37201.03515625,9689.3046875
37287.02734375,9648.9189453125
37371.10546875,9711.6796875
37432.05078125,9793.4560546875
37513.14453125,9857.4189453125
37568.80078125,9945.041015625
37644.89453125,10006.3154296875
37722.12890625,10047.5498046875
37677.75390625,9954.7001953125
37637.2890625,9859.1103515625
37580.375,9774.595703125
37547.15234375,9686.0263671875
37530.21484375,9587.5009765625
37629.7578125,9568.958984375
37683.70703125,9651.8857421875
37763.55859375,9719.8564453125
37835.390625,9791.0234375
37869.73046875,9797.8916015625
37808.94921875,9713.1376953125
37761.5234375,9619.2666015625
37715.95703125,9526.4970703125
37684.0859375,9432.7900390625
37692.83203125,9329.59765625
37780.4609375,9297.134765625
37861.8984375,9362.451171875
37930.03515625,9438.716796875
38005.73828125,9501.9765625
38074.8671875,9575.2744140625
38146.5703125,9649.115234375
38228.94921875,9696.544921875
38226.484375,9628.9453125
38149.859375,9558.1591796875
38099.98828125,9467.96875
38047.6484375,9379.6005859375
38005.2734375,9290.2021484375
37959.9296875,9226.6884765625
37922.8359375,9152.142578125
37871.26953125,9060.529296875
37822.37890625,8967.4375
37783.7890625,8872.12890625
37778.09375,8774.9755859375
37875.7890625,8750.2978515625
37949.11328125,8819.578125
38021.2421875,8896.0771484375
38083.4140625,8980.7587890625
38165.5859375,9041.3447265625
38246.11328125,9096.482421875
38338.13671875,9138.9814453125
38379.98828125,9117.880859375
38330.015625,9036.744140625
38271.94140625,8951.01171875
38206.9921875,8875.8369140625
38142.31640625,8800.8671875
38079.83203125,8719.0146484375
38052.26171875,8643.58984375
37993.87109375,8556.296875
37937.0390625,8471.212890625
37896.89453125,8397.98828125
37882.22265625,8294.951171875
37971.98046875,8262.5703125
38055.375,8317.3125
38074.7578125,8244.89453125
38058.3828125,8141.39453125
38050.23828125,8036.53759765625
38038.390625,7940.330078125
38085.90234375,7915.3544921875
38123.31640625,8007.40576171875
38123.0859375,8108.62109375
38218.10546875,8128.45947265625
38293.578125,8195.953125
38374.09765625,8250.2705078125
38429.1015625,8182.72705078125
38494.1484375,8258.9521484375
38509.9765625,8328.75
38546.25390625,8427.181640625
38611.23828125,8500.05859375
38638.1015625,8597.8984375
38604.5390625,8694.7451171875
38565.58984375,8738.244140625
38477.3125,8700.3076171875
38374.91796875,8676.56640625
38298.390625,8646.3427734375
38221.7265625,8635.03515625
38246.24609375,8719.638671875
38301.984375,8792.0537109375
38364.81640625,8876.2412109375
38416.421875,8964.58984375
38487.51953125,9040.0400390625
38533.51171875,9134.4677734375
38602.15625,9170.0712890625
38651.640625,9080.3857421875
38723.48828125,9005.23828125
38768.80078125,8933.2568359375
38864.09375,8892.7294921875
38849.93359375,8982.0927734375
38786.86328125,9046.21875
38748.890625,9143.9521484375
38699.4453125,9232.08984375
38636.109375,9315.8525390625
38641.19140625,9414.583984375
38680.73046875,9503.330078125
38708.87109375,9600.998046875
38740.16796875,9694.6552734375
38766.0390625,9796.349609375
38780.2734375,9900.48828125
38778.64453125,10000.263671875
38785.7578125,10050.583984375
38774.26953125,10149.3310546875
38776.60546875,10249.7490234375
38776.50390625,10348.9169921875
38765.921875,10453.1689453125
38742.78125,10549.173828125
38741.23046875,10653.7646484375
38728.1484375,10757.2236328125
38700.5703125,10856.3896484375
38634.37890625,10867.818359375
38616.0703125,10767.259765625
38642.99609375,10667.67578125
38658.72265625,10572.8994140625
38651.9140625,10478.9765625
38674.1640625,10378.8876953125
38674.81640625,10278.3515625
38683.18359375,10173.7158203125
38695.640625,10069.275390625
38705.4765625,9964.7685546875
38698.5,9866.03515625
38683.9140625,9784.287109375
38657.83203125,9715.9013671875
38636.015625,9615.1171875
38605.2109375,9517.19140625
38572.00390625,9423.77734375
38514.59375,9354.263671875
38431.05859375,9304.55859375
38334.03125,9267.716796875
38244.59765625,9227.203125
38159.3671875,9182.470703125
38071.140625,9125.7890625
38064.390625,9211.9248046875
38112.296875,9302.2626953125
38170.06640625,9387.8095703125
38218.57421875,9462.0732421875
38287.890625,9539.791015625
38322.65234375,9628.779296875
38354.5859375,9719.119140625
38355.20703125,9787.8125
38271.765625,9835.302734375
38181.296875,9787.19140625
38087.06640625,9744.7412109375
38027.7578125,9661.439453125
37936.421875,9613.904296875
37966.26171875,9684.619140625
37998.640625,9748.7919921875
38039.35546875,9832.59375
38057.875,9934.7080078125
38096.3671875,10014.1162109375
38010.06640625,10069.564453125
37925.421875,10022.263671875
37840.015625,10009.185546875
37875.66015625,10079.787109375
37930.9453125,10167.255859375
37920.1015625,10251.521484375
37874.796875,10256.7216796875
37832.265625,10264.1376953125
37753.58984375,10231.7001953125
37694.7578125,10150.2373046875
37611.71484375,10095.447265625
37533.25390625,10029.29296875
37491.8515625,10043.9384765625
37530.04296875,10141.7822265625
37572.04296875,10232.77734375
37638.27734375,10313.8046875
37681.48828125,10408.560546875
37726.36328125,10503.673828125
37748.25390625,10584.8271484375
37777.69140625,10655.00390625
37755.4296875,10735.9375
37677.80859375,10781.2041015625
37607.71484375,10707.6533203125
37549.984375,10620.6123046875
37462.55078125,10571.615234375
37386.0546875,10499.4140625
37310.6015625,10426.19921875
37249.72265625,10371.759765625
37174.28125,10308.640625
37143.74609375,10339.8017578125
37192.24609375,10429.1279296875
37232.41015625,10521.2880859375
37264.12890625,10613.1494140625
37321.765625,10690.7587890625
37341.125,10789.7880859375
37376.6640625,10885.8994140625
37404.83984375,10983.3359375
37449.76953125,11042.951171875
37479.125,11143.4013671875
37493.29296875,11246.490234375
37516.3359375,11332.546875
37531.53515625,11435.9384765625
37522.5390625,11527.8818359375
37466.48828125,11594.2744140625
37389.6875,11011.3095703125
37359.36328125,10994.2666015625
37611.01171875,10553.9111328125
37613.18359375,10560.8359375
38468.23828125,8518.0869140625
38415.8984375,8432.171875
38336.0859375,8363.7119140625
38260.69140625,8290.3779296875
38189.89453125,8214.943359375
38168.84375,8269.744140625
38175.69140625,8374.7001953125
38213.5546875,8468.52734375
38285.8125,8544.8125
38366.39453125,8588.9716796875
38389.94140625,8279.212890625
14200,11569
14265.140625,11485.5029296875
14328.9775390625,11400.916015625
14425.1845703125,11365.8046875
14438.3828125,11462.474609375
14364.2119140625,11508.5400390625
14289.6435546875,11577.9912109375
8312,11464
8371.80859375,11384.91796875
8459.4658203125,11338.0322265625
8553.2265625,11292.6728515625
8635.5615234375,11275.9794921875
8639.3974609375,11354.7568359375
8563.9091796875,11412.056640625
8469.869140625,11455.49609375
8373.7236328125,11493.8662109375
16222,11336
16194.2744140625,11272.1025390625
16280.7744140625,11259.498046875
16307.6669921875,11329.40625
14670,11320
14604.14453125,11267.8310546875
14691.3720703125,11206.1884765625
14782.9091796875,11207.0517578125
14770.865234375,11287.4599609375
15345,11174
15257.7138671875,11123.0908203125
15271.62890625,11047.146484375
15367.5146484375,11050.2822265625
15445.751953125,11113.3857421875
15429.3662109375,11205.43359375
15819,11192
15731.3505859375,11145.7373046875
15646.3876953125,11093.5458984375
15689.4853515625,11012.373046875
15778.728515625,11049.0712890625
15859.6923828125,11102.9580078125
15875.765625,11171.578125
15012,11168
14918.0771484375,11147.2841796875
14940.0185546875,11073.0771484375
15035.1171875,11051.6728515625
15109.076171875,11099.2880859375
15104.6220703125,11165.0263671875
27415,11110
27369.619140625,11079.9951171875
27288.341796875,11019.166015625
27212.18359375,10949.9228515625
27149.41796875,10867.716796875
27110.345703125,10781.638671875
27105.01171875,10678.431640625
27182.189453125,10643.400390625
27143.380859375,10559.505859375
27059,10500.697265625
27061.20703125,10437.2841796875
27128.611328125,10425.50390625
27212.505859375,10483.3720703125
27287.083984375,10549.591796875
27349.40625,10632
27335.974609375,10721.474609375
27266.080078125,10773.14453125
27288.423828125,10854.0712890625
27360.080078125,10920.001953125
27414.771484375,11005.2880859375
27459.67578125,11098.46875
21690,11008
21590.87890625,10973.619140625
21526.833984375,10896.7958984375
21579.41015625,10818.59765625
21676.8984375,10838.27734375
21701.4609375,10940.2353515625
21702,10733
21625.119140625,10662.1630859375
21578.818359375,10570.115234375
21543.802734375,10475.6943359375
21616.46484375,10425.2880859375
21695.0625,10492.4443359375
21735.603515625,10591.4619140625
21752.75390625,10681.373046875
9128,10715
9021.4111328125,10696.7333984375
8923.021484375,10680.2451171875
8824.2099609375,10655.52734375
8723.1396484375,10654.2470703125
8616.60546875,10661.1435546875
8552.6171875,10617.0615234375
8654.9638671875,10582.6640625
8740.6953125,10595.4150390625
8843.232421875,10588.1376953125
8945.1826171875,10614.7744140625
9041.693359375,10623.4853515625
9137.701171875,10654.8427734375
9228.15625,10697.8193359375
8970,10562
9007.134765625,10493.978515625
9100.3408203125,10449.5263671875
9190.970703125,10405.3916015625
9283.8720703125,10358.98828125
9373.1689453125,10310.61328125
9423.2880859375,10281.4443359375
9506.9970703125,10239.7421875
9510.9423828125,10305.1025390625
9451.28125,10377.814453125
9360.919921875,10428.8935546875
9285.2060546875,10466.9462890625
9201.966796875,10510.7421875
9119.357421875,10569.59375
9016.19140625,10576.3291015625
33021,10510
32922.703125,10472.2734375
32832.31640625,10427.6826171875
32738.787109375,10416.30859375
32646.650390625,10402.41015625
32568.048828125,10378.384765625
32466.701171875,10350.994140625
32369.837890625,10323.443359375
32264.265625,10312.82421875
32159.6953125,10294.5361328125
32056.232421875,10270.69921875
31964.400390625,10229.896484375
32051.28125,10197.1142578125
32154.2109375,10219.40625
32255.375,10245.4267578125
32359.599609375,10265.3671875
32465.0546875,10277.6953125
32566.7109375,10306.7509765625
32669.103515625,10334.638671875
32766.9921875,10371.0390625
32868.5078125,10401.435546875
32961.203125,10444.7900390625
33063.40234375,10461.400390625
33129.4765625,10515.619140625
33028.77734375,10515.4638671875
3101,10267
3007.774658203125,10251.8232421875
2929.771728515625,10183.3330078125
2964.00830078125,10099.958984375
3062.2177734375,10123.9716796875
3162.182373046875,10146.9140625
3259.994873046875,10141.978515625
3364.529296875,10130.015625
3468.819091796875,10116.0078125
3573.1875,10102.6640625
3678.160888671875,10095.736328125
3781.110595703125,10077.361328125
3885.859130859375,10069.4189453125
3990.380126953125,10058.2919921875
4095.2607421875,10050.0546875
4199.646484375,10055.998046875
4304.75537109375,10059.748046875
4409.974609375,10058.728515625
4515.19970703125,10059.2705078125
4620.42138671875,10060.27734375
4725.6376953125,10061.6923828125
4830.86328125,10061.9970703125
4936.08984375,10062
5041.31640625,10062
5146.54052734375,10061.5732421875
5251.76611328125,10061.9599609375
5356.98095703125,10060.71484375
5462.134765625,10056.8876953125
5567.22119140625,10051.46484375
5672.43310546875,10051.0361328125
5777.59814453125,10047.5791015625
5882.49365234375,10039.48828125
5983.013671875,10040.1875
6088.11767578125,10039.71484375
6193.3232421875,10038.8095703125
6298.27978515625,10031.4453125
6402.95068359375,10020.66015625
6507.7451171875,10018.427734375
6612.1083984375,10020.1298828125
6715.71533203125,10008.4091796875
6819.42333984375,9992.6572265625
6924.25390625,9984.0263671875
7028.78076171875,9972.919921875
7131.08349609375,9964.7353515625
7233.375,9944.9150390625
7338.17041015625,9935.4775390625
7443.19873046875,9929.0556640625
7548.30078125,9923.9638671875
7653.23388671875,9916.2099609375
7757.64501953125,9903.2294921875
7862.5576171875,9895.2568359375
7967.6015625,9889.279296875
8072.08740234375,9877.232421875
8177.07470703125,9870.1865234375
8279.9921875,9852.0009765625
8379.501953125,9858.990234375
8433.349609375,9835.76171875
8536.765625,9816.8955078125
8641.615234375,9808.0009765625
8746.279296875,9797.203125
8849.9150390625,9779.1513671875
8954.3896484375,9766.8994140625
9059.421875,9760.8720703125
9163.1171875,9743.732421875
9267.541015625,9730.79296875
9371.111328125,9717.6728515625
9471.951171875,9710.1337890625
9576.93359375,9703.0166015625
9681.5048828125,9691.6708984375
9786.4140625,9683.5830078125
9891.458984375,9677.4169921875
9996.5458984375,9672.01171875
10095.5654296875,9679.9375
10180.1416015625,9667.3037109375
10285.18359375,9661.7001953125
10368.8046875,9661.19140625
10469.8818359375,9637.96484375
10574.875,9631.0283203125
10679.96484375,9625.6748046875
10784.8623046875,9617.8232421875
10888.4365234375,9599.5390625
10992.87109375,9586.9716796875
11097.548828125,9576.75
11196.82421875,9552.91796875
11300.3603515625,9537.9052734375
11398.5986328125,9502.310546875
11445.8671875,9415.3564453125
11470.7216796875,9315.1953125
11495.52734375,9212.9541015625
11510.2666015625,9108.8193359375
11525.845703125,9004.814453125
11535.3828125,8909.029296875
11571.171875,8813.447265625
11600.412109375,8714.3193359375
11620.3349609375,8629.5302734375
11635.6259765625,8526.0400390625
11659.9892578125,8423.9111328125
11691.6875,8324.1318359375
11715.6845703125,8223.259765625
11725.0751953125,8118.52783203125
11754.17578125,8020.80712890625
11765.5087890625,7923.740234375
11783.9677734375,7820.15478515625
11811.853515625,7721.1572265625
11822.7724609375,7635.01953125
11829.888671875,7537.94189453125
11853.51171875,7435.44091796875
11870.9375,7331.6953125
11891.66796875,7228.6162109375
11920.650390625,7132.35302734375
11956.4892578125,7034.74169921875
11994.333984375,6936.87548828125
11995.638671875,6839.8515625
12025.466796875,6739.54736328125
12052.451171875,6638.20703125
12078.2158203125,6538.1279296875
12101.4755859375,6436.26708984375
12123.125,6333.76904296875
12137.6318359375,6229.74658203125
12153.466796875,6125.83203125
12185.845703125,6028.0498046875
12205.84375,5925.361328125
12225.1416015625,5824.52001953125
12253.0078125,5723.060546875
12273.171875,5619.81640625
12289.9423828125,5515.96142578125
12304.2568359375,5415.248046875
12315.0703125,5310.82421875
12319.0517578125,5205.75244140625
12351.7822265625,5108.63916015625
12374.59375,5006.75048828125
12391.396484375,4903.0048828125
12408.9326171875,4806.87158203125
12440.826171875,4707.12255859375
12455.76171875,4602.978515625
12475.43359375,4499.6123046875
12499.3984375,4397.1689453125
12517.5341796875,4293.65771484375
12532.2763671875,4190.146484375
12546.26171875,4112.2919921875
12576.375,4013.056396484375
12589.677734375,3909.955078125
12615.9765625,3808.218505859375
12637.173828125,3708.012939453125
12666.7265625,3620.81689453125
12683.7529296875,3516.992431640625
12728.009765625,3426.133544921875
12813.908203125,3454.115234375
12806.03125,3355.36865234375
12803.265625,3258.305419921875
12761.44140625,3174.05517578125
12657.8427734375,3180.753173828125
12553.283203125,3191.341796875
12451.0634765625,3215.082763671875
12377.986328125,3228.0107421875
12283.72265625,3269.752197265625
12195.7265625,3281.71533203125
12095.1484375,3288.1689453125
11990.509765625,3298.759033203125
11885.7744140625,3308.72705078125
11780.92578125,3304.907470703125
11678.01171875,3314.9541015625
11596.9375,3316.237548828125
11495.2509765625,3312.038330078125
11421.7041015625,3324.774169921875
11316.84765625,3333.119873046875
11211.7119140625,3337.482177734375
11106.78125,3345.194091796875
11002.42578125,3356.624755859375
10901.28515625,3368.36328125
10798.8818359375,3379.075439453125
10695.8125,3396.74462890625
10598.50390625,3405.869140625
10494.67578125,3421.708984375
10394.677734375,3439.49609375
10301.73828125,3438.927490234375
10197.1708984375,3450.2109375
10100.576171875,3468.532958984375
9997.5234375,3479.553955078125
9893.765625,3496.602294921875
9790.455078125,3509.86376953125
9685.3837890625,3515.284912109375
9583.3046875,3537.9326171875
9483.9375,3537.030029296875
9389.2470703125,3549.529296875
9310.8828125,3566.8095703125
9211.94921875,3577.96533203125
9114.5517578125,3600.609375
9014.4140625,3619.121826171875
8915.9111328125,3608.2412109375
8824.5478515625,3644.38525390625
8720.0400390625,3656.296142578125
8615.5107421875,3668.310791015625
8510.9814453125,3680.18359375
8406.0927734375,3688.57373046875
8304.912109375,3711.912353515625
8230.3828125,3780.3203125
8233.140625,3872.757080078125
8250.6083984375,3946.811279296875
8274.3857421875,4008.564453125
8378.814453125,3995.6337890625
8480.21875,3969.91015625
8583.5458984375,3950.1240234375
8676.451171875,3922.134033203125
8780.318359375,3914.960693359375
8866.6884765625,3963.776123046875
8863.755859375,4064.462158203125
8864.8642578125,4140.7109375
8855.90625,4235.8349609375
8856.6826171875,4340.75244140625
8901.83203125,4416.1474609375
8940.8173828125,4368.6875
9027.412109375,4311.5009765625
9091.8447265625,4230.80078125
9177.609375,4176.8974609375
9275.919921875,4154.45458984375
9377.1796875,4136.27001953125
9478.5849609375,4151.90673828125
9583.224609375,4162.7978515625
9683.333984375,4193.23583984375
9771.431640625,4232.3447265625
9813.1201171875,4163.4375
9804.318359375,4059.022705078125
9830.2978515625,3958.135986328125
9835.28125,3862.34619140625
9911.35546875,3807.38525390625
9987.486328125,3758.494873046875
10083.1025390625,3773.294921875
10184.4326171875,3789.876953125
10289.4609375,3785.05078125
10393.3798828125,3793.769775390625
10498.57421875,3791.469482421875
10603.6728515625,3792.847412109375
10702.4599609375,3779.090087890625
10807.4384765625,3784.535888671875
10910.8056640625,3776.411376953125
11013.46484375,3794.168701171875
11118.5751953125,3791.471435546875
11220.4833984375,3767.249755859375
11325.361328125,3761.11328125
11355.78125,3829.36376953125
11397.4677734375,3922.87841796875
11394.994140625,4025.735107421875
11383.10546875,4105.11376953125
11370.3505859375,4177.2939453125
11396.974609375,4271.38671875
11393.7802734375,4370.623046875
11390.30078125,4474.74951171875
11386.25,4579.41748046875
11384.822265625,4678.1943359375
11376.021484375,4781.3544921875
11365.87109375,4884.5185546875
11345.6640625,4981.15185546875
11362.048828125,5027.84326171875
11338.1552734375,5122.5615234375
11367.4775390625,5179.751953125
11372.4794921875,5283.17138671875
11375.3232421875,5336.1123046875
11438.943359375,5408.8603515625
11533.7255859375,5429.73681640625
11530.02734375,5514.22119140625
11473.29296875,5594.89453125
11461.294921875,5684.87109375
11411.630859375,5775.53271484375
11406.6015625,5878.39208984375
11415.0283203125,5983.2236328125
11418.91015625,6081.90625
11437.314453125,6185.35986328125
11458.7861328125,6287.86328125
11485.591796875,6386.21875
11521.46875,6484.279296875
11565.044921875,6578.36669921875
11590.9521484375,6680.263671875
11628.2568359375,6777.3564453125
11614.3671875,6877.7197265625
11525.318359375,6931.65478515625
11422.1865234375,6951.25634765625
11326.0498046875,6978.56298828125
11221.1572265625,6986.751953125
11116.0576171875,6991.93798828125
11011.6328125,7001.76220703125
10976.16015625,7095.34765625
10971.4931640625,7198.625
10945.8857421875,7294.8203125
10937.81640625,7388.671875
10949.4951171875,7470.1220703125
10949.265625,7557.7041015625
10955.30078125,7662.4912109375
10963.763671875,7761.58447265625
10953.7587890625,7861.103515625
10940.541015625,7956.78662109375
10914.5185546875,8023.84765625
10851.3193359375,8106.7685546875
10763.1142578125,8149.9248046875
10671.845703125,8156.8193359375
10578.4462890625,8198.41796875
10497.986328125,8211.4296875
10423.0126953125,8196.1572265625
10319.412109375,8187.9775390625
10221.7861328125,8160.81591796875
10135.701171875,8115.931640625
10173.45703125,8040.50439453125
10267.94921875,8082.734375
10366.0185546875,8083.00732421875
10471.2197265625,8083.21337890625
10576.2451171875,8077.01171875
10679.375,8057.2763671875
10777.38671875,8021.33349609375
10827.3515625,7931.220703125
10854.3896484375,7830.5712890625
10851.03125,7727.048828125
10849.3583984375,7621.8720703125
10858.013671875,7517.00830078125
10863.0205078125,7429.46728515625
10841.0341796875,7330.63720703125
10840.7314453125,7225.56103515625
10853.9873046875,7125.041015625
10862.8701171875,7020.287109375
10772.3154296875,6991.74072265625
10667.1015625,6990.85546875
10561.908203125,6988.701171875
10462.23828125,6962.2255859375
10361.6962890625,6977.04541015625
10256.7919921875,6969.54541015625
10161.662109375,6978.76123046875
10057.880859375,6980.92724609375
9957.685546875,6955.73095703125
9924.16015625,6881.544921875
9932.806640625,6776.72705078125
9956.3623046875,6674.93701171875
9962.8125,6571.921875
9913.6025390625,6496.21875
9816.484375,6477.142578125
9714.7646484375,6451.2744140625
9623.6337890625,6453.13525390625
9522.7822265625,6434.80126953125
9417.673828125,6435.85205078125
9327.919921875,6478.76416015625
9266.982421875,6552.9326171875
9240.7861328125,6601.9736328125
9214.794921875,6692.8623046875
9192.5703125,6787.4697265625
9157.5888671875,6879.1943359375
9123.505859375,6971.52392578125
9107.4638671875,7049.98828125
9063.97265625,7144.7333984375
9055.8408203125,7241.26025390625
9025.7421875,7337.47314453125
9007.2919921875,7431.27099609375
8970.759765625,7528.37255859375
8957.5126953125,7592.134765625
8936.0712890625,7684.5556640625
8888.8408203125,7776.56982421875
8823.123046875,7857.873046875
8767.4853515625,7921.5078125
8680.9130859375,7894.75537109375
8702.8525390625,7795.1787109375
8761.5947265625,7712.8896484375
8809.98046875,7619.4677734375
8849.23828125,7521.95703125
8882.376953125,7430.93603515625
8900.6748046875,7343.71630859375
8922.8193359375,7241.37939453125
8947.275390625,7139.134765625
8974.830078125,7037.64599609375
9012.6240234375,6939.654296875
9046.640625,6843.61376953125
8971.6083984375,6817.77392578125
8866.611328125,6824.166015625
8762.5341796875,6835.13671875
8657.5625,6828.3037109375
8552.3671875,6830.28369140625
8447.142578125,6830.4951171875
8341.9228515625,6829.541015625
8236.7080078125,6827.9296875
8131.8916015625,6831.07275390625
8040.0615234375,6816.88037109375
7938.29150390625,6842.701171875
7843.822265625,6885.15087890625
7807.068359375,6979.34423828125
7775.21826171875,7076.44775390625
7753.76416015625,7179.0361328125
7723.853515625,7279.13232421875
7713.19384765625,7378.01416015625
7802.103515625,7388.20361328125
7897.00634765625,7399.64599609375
7995.92431640625,7423.55859375
8072.73876953125,7440.51220703125
8159.06396484375,7471.5751953125
8247.037109375,7498.52587890625
8319.982421875,7568.63427734375
8366.1259765625,7658.27734375
8378.7177734375,7762.716796875
8380.69140625,7867.82958984375
8379.7001953125,7972.58203125
8358.4775390625,8074.08154296875
8315.48828125,8168.63330078125
8307.544921875,8234.2744140625
8399.158203125,8255.5732421875
8504.146484375,8262.0810546875
8601.990234375,8232.5234375
8645.6767578125,8141.787109375
8719.3974609375,8067.81689453125
8799.3408203125,7999.69921875
8885.84765625,7941.4638671875
8983.265625,7902.83740234375
9078.958984375,7859.14453125
9175.5966796875,7818.72119140625
9271.357421875,7779.3291015625
9365.3154296875,7754.21484375
9433.3056640625,7751.04736328125
9537.1318359375,7734.0322265625
9635.578125,7758.2099609375
9727.0595703125,7806.40576171875
9809.6806640625,7859.814453125
9871.3759765625,7919.9658203125
9952.330078125,7980.56103515625
9996.5908203125,8069.56787109375
10058.943359375,8150.8408203125
10099.0537109375,8238.431640625
10116.2119140625,8334.935546875
10135.404296875,8437.6416015625
10152.162109375,8537.150390625
10126.353515625,8637.212890625
10104.5791015625,8721.6767578125
10097.4755859375,8764.615234375
10063.796875,8846.0673828125
9999.21484375,8918.05859375
9932.6591796875,8992.21484375
9838.4775390625,9037.8505859375
9749.87890625,9081.0712890625
9673.37109375,9102.63671875
9583.33984375,9128.9892578125
9479.7822265625,9145.0732421875
9374.6513671875,9148.8857421875
9273.310546875,9136.1923828125
9178.173828125,9137.482421875
9073.4921875,9128.90625
8974.0185546875,9113.5947265625
8880.4130859375,9093.6455078125
8798.1142578125,9059.2060546875
8695.48046875,9037.0693359375
8625.4970703125,8999.0927734375
8543.5927734375,8936.763671875
8465.91796875,8866.3173828125
8446.9130859375,8768.8154296875
8521.3837890625,8724.7109375
8576.4462890625,8800.8154296875
8640.2548828125,8864.4443359375
8734.3134765625,8910.494140625
8830.5439453125,8953.0400390625
8924.6982421875,8995.2275390625
9025.09765625,9012.15234375
9128.908203125,9025.0625
9231.7705078125,9029.630859375
9336.9140625,9025.826171875
9426.7880859375,9038.662109375
9530.73828125,9023.224609375
9634.1396484375,9004.1572265625
9731.486328125,8964.982421875
9809.83203125,8952.4794921875
9866.3955078125,8891.94140625
9944.2333984375,8821.2890625
10013.0439453125,8744.7451171875
10025.8369140625,8642.9541015625
10026.861328125,8559.908203125
10025.42578125,8467.35546875
10004.228515625,8368.80078125
9969.865234375,8272.5927734375
9937.115234375,8177.501953125
9879.6103515625,8089.38232421875
9810.4833984375,8028.97900390625
9746.6044921875,7947.39794921875
9662.4951171875,7889.958984375
9584.64453125,7851.14599609375
9488.8427734375,7851.625
9384.4912109375,7864.7890625
9284.4072265625,7894.55615234375
9183.521484375,7914.37744140625
9095.857421875,7969.259765625
8997.4013671875,8001.67041015625
8952.3642578125,8034.3623046875
8867.53125,8095.31298828125
8796.2978515625,8145.017578125
8736.30859375,8222.8759765625
8689.7109375,8309.6015625
8685.0302734375,8410.0693359375
8715.33984375,8484.7431640625
8728.8193359375,8588.5966796875
8768.302734375,8685.6513671875
8818.5869140625,8775.0478515625
8879.0107421875,8858.955078125
8826.740234375,8892.693359375
8752.4892578125,8829.0654296875
8690.88671875,8750.3603515625
8649.5302734375,8671.03125
8607.1689453125,8575.01953125
8591.7470703125,8485.9716796875
8561.0234375,8387.4423828125
8492.7177734375,8358.6826171875
8387.578125,8359.8740234375
8289.447265625,8350.2158203125
8186.3369140625,8360.0400390625
8094.943359375,8398.7802734375
8015.9228515625,8460.9306640625
7943.0087890625,8480.5830078125
7843.46142578125,8512.880859375
7739.45068359375,8528.61328125
7634.57275390625,8536.8974609375
7529.44677734375,8535.302734375
7428.96728515625,8522.7021484375
7357.11962890625,8487.4072265625
7260.6611328125,8446.62890625
7179.27392578125,8380.1923828125
7092.65673828125,8321.044921875
7025.88916015625,8239.904296875
6992.26171875,8153.447265625
6975.10498046875,8051.5390625
6917.93603515625,7972.8125
6837.95263671875,8034.36083984375
6762.396484375,8080.01513671875
6676.93505859375,8133.837890625
6603.35302734375,8201.20556640625
6586.3779296875,8303.814453125
6565.65185546875,8406.705078125
6558.41552734375,8510.65234375
6543.3876953125,8608.0927734375
6540.0087890625,8679.4111328125
6545.04541015625,8749.0654296875
6493.58642578125,8833.8916015625
6524.2099609375,8911.8955078125
6485.99169921875,8983.0849609375
6504.5927734375,9077.892578125
6482.736328125,9175.2041015625
6415.7861328125,9235.953125
6310.84326171875,9240.5439453125
6206.28076171875,9229.90234375
6102.7529296875,9214.2099609375
6000.9248046875,9192.0771484375
5896.248046875,9182.318359375
5797.48876953125,9146.6181640625
5693.328125,9133.935546875
5615.974609375,9114.123046875
5513.95361328125,9090.396484375
5418.0380859375,9098.0966796875
5391.67626953125,9191.767578125
5351.10888671875,9288.7587890625
5307.884765625,9380.6611328125
5228.66259765625,9434.1494140625
5174.4853515625,9512.5029296875
5089.986328125,9570.65625
5016.5908203125,9599.0927734375
4916.35595703125,9630.2705078125
4818.9013671875,9651.669921875
4716.2939453125,9672.9404296875
4612.82177734375,9690.220703125
4507.60546875,9691.0732421875
4402.40771484375,9691.09375
4298.138671875,9679.14453125
4198.01904296875,9649.1435546875
4103.351318359375,9603.466796875
4016.251220703125,9548.521484375
3954.250732421875,9474.072265625
3910.358642578125,9426.142578125
3850.64306640625,9363.1845703125
3828.932861328125,9260.271484375
3814.369140625,9157.3193359375
3813.021240234375,9055.955078125
3846.376708984375,8957.4892578125
3888.050537109375,8870.80859375
3945.321044921875,8812.828125
4018.4111328125,8739.3662109375
4106.498291015625,8685.8759765625
4193.00927734375,8628.494140625
4288.82275390625,8585.07421875
4390.763671875,8560.4599609375
4491.80859375,8533.1728515625
4592.94970703125,8505.314453125
4697.85888671875,8497.8154296875
4801.71630859375,8507.7333984375
4862.54443359375,8504.7890625
4963.24853515625,8533.33203125
5066.96826171875,8540.0595703125
5106.6162109375,8450.5517578125
5130.6533203125,8371.404296875
5173.08740234375,8275.2314453125
5193.134765625,8191.13818359375
5141.8251953125,8138.51806640625
5048.05078125,8169.87744140625
4947.240234375,8199.35205078125
4848.86376953125,8223.1865234375
4748.76123046875,8255.3935546875
4647.81494140625,8283.775390625
4542.9609375,8287.9658203125
4441.75,8263.4921875
4397.52685546875,8179.52783203125
4425.4912109375,8080.171875
4447.91259765625,7980.28369140625
4474.3310546875,7878.529296875
4511.265625,7780.0625
4553.9912109375,7683.91357421875
4573.40185546875,7589.87255859375
4593.5029296875,7492.0625
4607.755859375,7399.88720703125
4618.92236328125,7299.900390625
4662.5048828125,7209.8369140625
4692.94775390625,7116.6572265625
4751.9599609375,7047.33251953125
4815.009765625,6969.2978515625
4916.19873046875,6943.59912109375
5020.92578125,6934.71728515625
5121.10205078125,6950.06884765625
5219.6015625,6980.11962890625
5324.18701171875,6990.3154296875
5429.39501953125,6992.080078125
5534.61962890625,6991.6865234375
5638.76953125,6982.849609375
5688.88818359375,6903.4228515625
5735.08642578125,6809.107421875
5793.92333984375,6722.4248046875
5862.6826171875,6646.90966796875
5939.435546875,6574.974609375
6022.06640625,6516.70458984375
6111.08642578125,6467.20068359375
6213.30810546875,6442.30908203125
6308.90673828125,6410.4345703125
6397.65576171875,6399.24072265625
6403.8486328125,6296.63134765625
6428.197265625,6208.171875
6325.86474609375,6188.87744140625
6230.40185546875,6200.01318359375
6127.1318359375,6219.77392578125
6022.76220703125,6232.07666015625
5924.09912109375,6235.23681640625
5818.98876953125,6230.39208984375
5716.7392578125,6213.7373046875
5619.0546875,6246.2646484375
5513.919921875,6247.30517578125
5409.8076171875,6258.83154296875
5325.06982421875,6295.53173828125
5250.08349609375,6243.02001953125
5191.86181640625,6166.9296875
5256.38623046875,6102.546875
5292.99072265625,6016.775390625
5332.765625,5931.6669921875
5374.578125,5848.4794921875
5391.84375,5748.810546875
5413.92529296875,5646.0126953125
5436.208984375,5543.650390625
5465.56005859375,5451.05712890625
5491.09326171875,5351.689453125
5515.77783203125,5249.46875
5555.02294921875,5166.92138671875
5494.77099609375,5124.9111328125
5434.8076171875,5055.27880859375
5386.044921875,4982.51123046875
5470.71435546875,4931.06298828125
5575.740234375,4926.2861328125
5679.1630859375,4937.55859375
5781.16357421875,4963.13330078125
5884.52783203125,4982.74169921875
5969.9990234375,5016.1015625
6049.0791015625,5009.90185546875
6152.62890625,5022.48095703125
6239.8798828125,4997.73828125
6249.72216796875,4915.900390625
6281.26318359375,4823.494140625
6313.6396484375,4724.97412109375
6343.20751953125,4626.5791015625
6364.5771484375,4537.9072265625
6396.28759765625,4445.71875
6408.3994140625,4341.28466796875
6428.89404296875,4245.29833984375
6433.52880859375,4153.0009765625
6476.50146484375,4065.900390625
6507.0595703125,3974.08251953125
6427.50830078125,3971.754150390625
6323.9169921875,3988.9111328125
6222.3798828125,4014.681884765625
6117.43994140625,4021.513671875
6014.4091796875,4040.965087890625
5910.6181640625,4032.125244140625
5820.97265625,4063.388427734375
5718.83203125,4075.114990234375
5614.23193359375,4086.207275390625
5509.96728515625,4100.0302734375
5410.380859375,4129.24462890625
5307.15234375,4141.0732421875
5227.34326171875,4200.150390625
5227.02978515625,4241.6806640625
5327.03564453125,4257.966796875
5428.66015625,4232.1455078125
5533.2548828125,4220.92626953125
5638.341796875,4221.9501953125
5743.52490234375,4219.53173828125
5848.64111328125,4214.69189453125
5951.10009765625,4229.62158203125
6054.837890625,4215.486328125
6159.56640625,4205.9384765625
6255.38720703125,4170.85986328125
6341.7822265625,4208.6435546875
6308.28369140625,4262.396484375
6235.0869140625,4317.79736328125
6139.33349609375,4307.88037109375
6037.40576171875,4326.751953125
5935.35791015625,4333.4296875
5843.10302734375,4337.35888671875
5738.34130859375,4329.9765625
5640.95703125,4359.01708984375
5535.8154296875,4362.44775390625
5433.63037109375,4382.392578125
5341.35546875,4421.154296875
5261.9794921875,4467.19189453125
5219.62890625,4563.412109375
5205.49658203125,4667.009765625
5190.025390625,4771.07666015625
5157.24755859375,4868.8525390625
5160.26123046875,4959.49267578125
5151.8349609375,5054.90478515625
5151.9462890625,5158.23876953125
5131.97412109375,5252.11865234375
5117.72998046875,5341.224609375
5078.3916015625,5433.00927734375
5160.27587890625,5463.5341796875
5253.58349609375,5465.9921875
5335.1513671875,5518.27294921875
5287.1396484375,5580.78076171875
5186.00341796875,5590.78125
5117.9921875,5596.45751953125
5022.41796875,5607.53564453125
4923.2919921875,5606.73486328125
4840.10595703125,5556.6591796875
4807.30419921875,5461.58447265625
4890.2392578125,5418.62158203125
4943.61328125,5337.10009765625
4965.48486328125,5243.72802734375
4983.22607421875,5140.654296875
5006.2998046875,5038.03759765625
5012.07177734375,4935.79736328125
5034.6513671875,4833.427734375
5053.81298828125,4730.38330078125
5062.65478515625,4626.37255859375
5096.10888671875,4527.1298828125
5038.37890625,4478.50390625
5029.2880859375,4578.31396484375
5004.693359375,4678.70263671875
4960.0009765625,4769.8046875
4945.22607421875,4847.8076171875
4912.95849609375,4939.53857421875
4896.82470703125,5040.26953125
4868.27197265625,5139.8154296875
4842.70849609375,5238.51806640625
4804.02099609375,5335.10595703125
4767.46142578125,5425.83984375
4720.1650390625,5514.73583984375
4706.39453125,5611.94775390625
4672.9443359375,5711.0087890625
4644.431640625,5812.275390625
4611.1787109375,5910.4951171875
4600.39697265625,6007.32421875
4579.77685546875,6109.06591796875
4560.9189453125,6209.521484375
4516.13818359375,6301.86279296875
4488.4765625,6388.69921875
4450.291015625,6486.15478515625
4405.27392578125,6578.16796875
4379.740234375,6673.68896484375
4348.5087890625,6769.72021484375
4329.29541015625,6855.77392578125
4296.64306640625,6948.423828125
4272.39697265625,7036.2080078125
4230.5693359375,7131.38232421875
4181.8720703125,7221.3212890625
4186.06298828125,7255.4775390625
4139.31005859375,7349.11328125
4103.811279296875,7445.37548828125
4086.457763671875,7543.26904296875
4064.716796875,7618.6494140625
4029.93212890625,7709.65283203125
3996.690185546875,7805.07373046875
3953.15478515625,7895.88427734375
3925.30419921875,7971.4501953125
3886.632080078125,8069.1787109375
3860.593017578125,8157.02685546875
3821.308837890625,8250.1728515625
3772.9638671875,8336.4404296875
3751.287841796875,8422.16015625
3733.332275390625,8523.0537109375
3706.7841796875,8614.453125
3668.281982421875,8683.0244140625
3625.260986328125,8775.21875
3623.832763671875,8872.376953125
3591.03271484375,8971.810546875
3565.787353515625,9073.935546875
3540.094482421875,9173.6123046875
3495.86083984375,9258.607421875
3480.783935546875,9345.8818359375
3430.0634765625,9436.734375
3381.29638671875,9528.919921875
3329.562255859375,9618.560546875
3283.820556640625,9700.2275390625
3236.170654296875,9793.564453125
3208.8212890625,9886.72265625
3164.318603515625,9977.224609375
3108.791748046875,10061.48046875
3013.02490234375,10042.0029296875
3026.469970703125,9938.6416015625
3064.6396484375,9840.9521484375
3109.89794921875,9754.775390625
3151.138427734375,9678.4072265625
3192.4609375,9582.3046875
3246.047119140625,9492.2890625
3290.370361328125,9404.1025390625
3339.72802734375,9312.2900390625
3384.824951171875,9224.6611328125
3423.451171875,9126.8134765625
3460.509033203125,9049.06640625
3475.59326171875,8945.28515625
3504.474853515625,8844.6962890625
3517.267333984375,8741.20703125
3545.052978515625,8646.20703125
3582.225341796875,8552.537109375
3627.650146484375,8469.810546875
3623.987060546875,8375.037109375
3663.526611328125,8277.552734375
3719.80517578125,8215.4365234375
3709.332275390625,8160.10791015625
3744.628662109375,8062.08349609375
3783.9775390625,7966.9833984375
3820.651611328125,7869.39501953125
3856.58251953125,7773.99560546875
3886.467529296875,7673.59521484375
3928.826171875,7579.640625
3952.151611328125,7477.4580078125
3983.688720703125,7384.05517578125
4031.0283203125,7291.517578125
4066.701904296875,7194.24560546875
4095.553955078125,7099.68212890625
4139.7373046875,7007.8505859375
4171.236328125,6915.80615234375
4199.9443359375,6814.6982421875
4237.12451171875,6718.03369140625
4250.4951171875,6613.984375
4291.90283203125,6517.44970703125
4334.8798828125,6421.54443359375
4362.5771484375,6321.55859375
4390.3427734375,6221.13818359375
4427.14599609375,6122.88525390625
4455.5712890625,6021.76953125
4477.0908203125,5919.2431640625
4514.33740234375,5822.88427734375
4525.17138671875,5723.76416015625
4543.56640625,5622.2578125
4570.79833984375,5527.90771484375
4602.84619140625,5430.2783203125
4647.08154296875,5342.443359375
4686.64111328125,5269.58447265625
4719.77392578125,5169.8330078125
4738.1240234375,5066.49755859375
4763.33154296875,4989.95068359375
4775.77099609375,4895.8671875
4808.4794921875,4796.0966796875
4831.33935546875,4694.74072265625
4874.27490234375,4598.69091796875
4891.7783203125,4495.11962890625
4922.6630859375,4395.216796875
4953.70458984375,4295.74169921875
4991.5869140625,4206.44580078125
5003.35009765625,4135.9423828125
5072.4140625,4088.40869140625
5166.97802734375,4049.609130859375
5260.65185546875,4014.444091796875
5358.33447265625,3976.1630859375
5461.16943359375,3959.5185546875
5554.1796875,3930.5673828125
5657.6484375,3914.16552734375
5762.6279296875,3907.041748046875
5867.69287109375,3901.3603515625
5971.6103515625,3887.16259765625
6076.38232421875,3877.826904296875
6180.19091796875,3863.136962890625
6282.216796875,3844.144775390625
6374.05419921875,3831.31005859375
6473.42822265625,3798.39306640625
6573.00634765625,3782.250732421875
6675.20751953125,3762.056640625
6780.29638671875,3757.02685546875
6884.26220703125,3742.96435546875
6987.67822265625,3724.634521484375
7090.99365234375,3709.7578125
7193.16650390625,3688.173828125
7297.0732421875,3671.630126953125
7399.130859375,3649.319580078125
7502.59326171875,3633.34814453125
7607.4326171875,3624.7529296875
7712.3291015625,3616.6494140625
7816.84130859375,3605.20703125
7922.001953125,3602.657470703125
8026.572265625,3591.244873046875
8131.39599609375,3583.14306640625
8234.69921875,3572.080322265625
8317.2236328125,3581.751953125
8405.833984375,3547.0185546875
8510.8798828125,3540.943603515625
8614.8759765625,3525.823974609375
8717.8798828125,3522.016357421875
8816.7822265625,3499.060302734375
8920.4462890625,3482.0478515625
9020.1337890625,3480.547119140625
9115.693359375,3462.814697265625
9219.9150390625,3448.834228515625
9323.9091796875,3435.10888671875
9427.201171875,3417.418701171875
9524.5185546875,3404.9970703125
9622.9306640625,3386.9892578125
9727.7412109375,3379.1259765625
9832.298828125,3367.498291015625
9931.888671875,3345.9404296875
10014.3505859375,3311.1103515625
9918.7509765625,3271.229248046875
9815.8583984375,3253.514404296875
9724.90234375,3206.6279296875
9620.1953125,3196.342041015625
9521.0732421875,3168.63916015625
9417.5595703125,3153.0029296875
9318.2578125,3119.396728515625
9221.9560546875,3082.370849609375
9121.375,3054.634521484375
9022.912109375,3033.6435546875
8921.453125,3006.12158203125
8823.9150390625,2988.574462890625
8719.2763671875,2978.804931640625
8619.1474609375,2947.381103515625
8521.3017578125,2932.552734375
8427.01953125,2909.6279296875
8321.8486328125,2906.3798828125
8232.4501953125,2885.369384765625
8129.951171875,2868.66845703125
8026.203125,2851.611083984375
7934.40185546875,2830.7548828125
7833.83544921875,2799.967041015625
7735.82177734375,2761.75830078125
7633.75830078125,2737.862060546875
7545.7109375,2698.654541015625
7461.7490234375,2687.815185546875
7397.869140625,2667.806640625
7296.53466796875,2642.73828125
7207.71435546875,2606.248046875
7124.4873046875,2577.656982421875
7023.41845703125,2550.495849609375
6923.8232421875,2516.76123046875
6826.3232421875,2481.793701171875
6789.76416015625,2442.4814453125
6765.48974609375,2433.517333984375
6667.4814453125,2418.25634765625
6567.24560546875,2388.09130859375
6466.98876953125,2356.472900390625
6367.16064453125,2323.23486328125
6269.42236328125,2284.760498046875
6179.2802734375,2249.63330078125
6081.21337890625,2217.375244140625
5981.73193359375,2183.328125
5885.52490234375,2151.826904296875
5792.4755859375,2124.253662109375
5702.73681640625,2074.364013671875
5610.98193359375,2064.51123046875
5537.76611328125,2014.5103759765625
5437.4267578125,1987.1124267578125
5346.16357421875,1982.673583984375
5250.79638671875,2026.775634765625
5164.42431640625,2075.34912109375
5068.84130859375,2119.34130859375
4976.27197265625,2156.086181640625
4897.955078125,2214.12158203125
4808.01611328125,2256.72998046875
4712.92626953125,2299.423828125
4644.59423828125,2368.94873046875
4569.4765625,2442.28564453125
4667.11572265625,2425.027587890625
4755.23095703125,2396.16259765625
4857.779296875,2404.30126953125
4932.826171875,2464.56884765625
5005.71240234375,2487.2578125
5010,2382.328125
5034.4150390625,2280.183837890625
5079.666015625,2190.977294921875
5169.9150390625,2144.29833984375
5274.6875,2153.270751953125
5379.89306640625,2155.136474609375
5483.6181640625,2165.550048828125
5587.00732421875,2182.783935546875
5688.681640625,2209.12109375
5789.2333984375,2230.5888671875
5889.01708984375,2258
5985.76171875,2290.43896484375
6077.17626953125,2340.173095703125
6168.01171875,2379.87158203125
6238.1103515625,2434.94677734375
6188.4638671875,2507.740478515625
6096.109375,2498.598388671875
6025.5869140625,2446.542724609375
5929.306640625,2407.927490234375
5865.76806640625,2458.529052734375
5830.9775390625,2525.81396484375
5816.0927734375,2618.273193359375
5821.3955078125,2696.122314453125
5740.08349609375,2743.5361328125
5717.9921875,2645.038330078125
5728.32373046875,2543.393798828125
5737.65087890625,2438.93896484375
5650.48876953125,2472.649169921875
5563.85400390625,2529.220703125
5464.904296875,2562.61376953125
5367.94580078125,2585.115966796875
5268.59423828125,2609.362548828125
5264.8076171875,2654.399658203125
5338.8974609375,2722.1201171875
5418.3017578125,2790.151611328125
5497.11962890625,2852.685302734375
5573.728515625,2885.69775390625
5617.31494140625,2972.716796875
5553.54931640625,3030.366943359375
5461.7236328125,3023.7001953125
5386.36669921875,3000.072265625
5393.8642578125,2931.09130859375
5320.6142578125,2858.481689453125
5244.00439453125,2799.0546875
5195.89306640625,2863.70947265625
5127.328125,2933.971435546875
5044.20654296875,2995.757080078125
4958.01025390625,2971.856689453125
4999.9755859375,2890.237060546875
5062.66259765625,2815.863525390625
5096.529296875,2745.008056640625
5051.201171875,2662.84375
4958.4619140625,2629.2451171875
4890.3955078125,2589.402587890625
4787.33251953125,2575.796875
4683.982421875,2594.390625
4614.53173828125,2657.579345703125
4650.08447265625,2749.43505859375
4587.41162109375,2823.02099609375
4503.64208984375,2771.606201171875
4437.0654296875,2695.120849609375
4463.11572265625,2594.890869140625
4471.01318359375,2510.42041015625
4385.1845703125,2566.864013671875
4299.11669921875,2619.5244140625
4207.37060546875,2661.224365234375
4120.5224609375,2720.34716796875
4038.18359375,2773.888671875
3947.872802734375,2825.04638671875
3857.970458984375,2879.497314453125
3766.208740234375,2927.78271484375
3671.757080078125,2974.123291015625
3573.569091796875,3011.776611328125
3474.080078125,3033.71875
3370.92138671875,3050.375732421875
3267.2685546875,3067.421142578125
3173.28955078125,3101.144775390625
3069.12548828125,3115.175537109375
2967.3291015625,3133.145751953125
2867.632080078125,3153.563720703125
2772.94287109375,3197.16015625
2678.54150390625,3233.252685546875
2598.19287109375,3276.443603515625
2498.984619140625,3309.01123046875
2401.925048828125,3347.9833984375
2305.5966796875,3390.166259765625
2211.163818359375,3436.05322265625
2116.125,3475.4130859375
2021.767822265625,3503.90185546875
1944.9854736328125,3556.7578125
1858.336669921875,3601.93310546875
1777.5260009765625,3659.956298828125
1747.1607666015625,3746.455078125
1830.1697998046875,3788.20751953125
1926.8944091796875,3824.277099609375
2026.98876953125,3856.66748046875
2129.06591796875,3882.055908203125
2231.8779296875,3892.05126953125
2322.713623046875,3899.42236328125
2426.034912109375,3900.909423828125
2526.349853515625,3880.33935546875
2552.4921875,3780.444580078125
2577.818359375,3680.566650390625
2601.813232421875,3597.338134765625
2685.242431640625,3550.924560546875
2790.22314453125,3557.1396484375
2874.012451171875,3615.328125
2964.15087890625,3666.512451171875
3053.578125,3712.7421875
3156.22314453125,3735.369384765625
3261.128662109375,3739.8681640625
3328.326904296875,3692.2568359375
3232.173095703125,3653.77001953125
3158.942138671875,3606.87548828125
3129.089599609375,3532.364013671875
3212.1171875,3479.902587890625
3316.99609375,3474.674072265625
3422.1806640625,3473.48828125
3521.5947265625,3493.181640625
3620.13427734375,3528.94873046875
3718.952880859375,3562.78076171875
3809.998779296875,3569.796875
3897.596923828125,3608.90185546875
4001.790771484375,3617.870361328125
4069.998046875,3674.267578125
4015.3251953125,3746.31298828125
3915.107177734375,3717.8486328125
3815.35107421875,3687.5048828125
3739.399169921875,3662.981689453125
3640.635986328125,3631.09765625
3537.275390625,3611.9521484375
3609.220947265625,3674.90283203125
3614.523681640625,3751.2705078125
3634.133544921875,3838.712890625
3732.381103515625,3872.92431640625
3803.271728515625,3945.695556640625
3794.1767578125,4039.31494140625
3806.88671875,4123.28662109375
3831.482421875,4201.74951171875
3828.45947265625,4284.81591796875
3932.840087890625,4297.8642578125
4037.59130859375,4307.8349609375
4137.6806640625,4334.73876953125
4234.0146484375,4332.43798828125
4332.36669921875,4368.02685546875
4435.60107421875,4387.8583984375
4538.15673828125,4409.43798828125
4642.859375,4414.37744140625
4738.4599609375,4371.3955078125
4806.95947265625,4417.49853515625
4762.0517578125,4503.47216796875
4661.50048828125,4529.76171875
4556.330078125,4529.013671875
4452.28857421875,4514.7763671875
4358.796875,4476.22607421875
4263.478515625,4443.4580078125
4166.78955078125,4406.78125
4061.91943359375,4398.57470703125
3961.268798828125,4392.15185546875
3860.446533203125,4387.2978515625
3756.84814453125,4395.80908203125
3660.67724609375,4383.33544921875
3558.542724609375,4378.435546875
3460.673095703125,4353.33642578125
3364.901123046875,4331.0478515625
3269.484619140625,4287.82275390625
3185.869384765625,4232.71875
3087.50439453125,4196.52392578125
2996.83984375,4153.07373046875
2897.052734375,4120.66064453125
2804.564697265625,4078.43115234375
2706.15869140625,4049.01318359375
2610.641845703125,4007.745361328125
2507.89013671875,4002.1416015625
2423.317138671875,3982.931884765625
2318.316650390625,3989.327880859375
2213.12109375,3988.49853515625
2114.937255859375,3983.00439453125
2012.3272705078125,3965.939453125
1916.20458984375,3931.95849609375
1819.1221923828125,3892.062255859375
1727.0205078125,3851.5244140625
1635.8193359375,3800.885498046875
1539.6727294921875,3766.3076171875
1457.53466796875,3725.588623046875
1526.490234375,3646.5458984375
1615.289794921875,3592.417724609375
1704.3018798828125,3536.412109375
1799.2589111328125,3491.232666015625
1894.0743408203125,3447.407470703125
1986.1556396484375,3398.618408203125
2085.734375,3364.7587890625
2178.249267578125,3322.490478515625
2273.848876953125,3278.542724609375
2368.06298828125,3231.898681640625
2468.073974609375,3199.947265625
2552.52197265625,3161.43359375
2646.973388671875,3116.453125
2746.00439453125,3081.15673828125
2848.0146484375,3055.436767578125
2951.00732421875,3035.837890625
3053.564697265625,3012.780029296875
3156.002685546875,2989.83984375
3258.358154296875,2967.566162109375
3363.069091796875,2959.84765625
3462.4375,2930.003173828125
3557.7509765625,2889.498291015625
3657.775146484375,2857.055908203125
3749.9638671875,2811.215087890625
3834.124267578125,2753.6396484375
3926.264892578125,2705.185546875
4003.361572265625,2639.478759765625
4092.5302734375,2593.4775390625
4177.76171875,2532.19921875
4276.19775390625,2498.5302734375
4361.44189453125,2443.114013671875
4426.31640625,2386.631103515625
4514.908203125,2331.8447265625
4597.505859375,2272.434814453125
4672.40283203125,2201.16455078125
4745.833984375,2143.448974609375
4837.390625,2094.105224609375
4923.14892578125,2038.94580078125
5016.52294921875,1995.244873046875
5109.6826171875,1948.33984375
5196.3154296875,1912.3409423828125
5276.14306640625,1856.3631591796875
5369.78271484375,1811.6822509765625
5472.80908203125,1822.0780029296875
5558.21142578125,1882.827392578125
5650.9013671875,1927.4989013671875
5744.9521484375,1957.71533203125
5838.0849609375,2001.8656005859375
5931.26611328125,2036.593505859375
6028.9326171875,2062.4488525390625
6111.5673828125,2089.69384765625
6209.0791015625,2121.12646484375
6282.771484375,2168.29931640625
6376.55078125,2200.095947265625
6474.92626953125,2235.077392578125
6574.9462890625,2267.532958984375
6677.3564453125,2291.53759765625
6774.83935546875,2326.715576171875
6873.55322265625,2361.283203125
6972.16845703125,2396.19970703125
7069.73291015625,2432.15771484375
7168.212890625,2468.604248046875
7267.2431640625,2491.880859375
7360.69140625,2537.187255859375
7446.29736328125,2554.7177734375
7546.07080078125,2588.089599609375
7641.8330078125,2622.230712890625
7741.783203125,2636.75927734375
7835.36669921875,2674.330322265625
7928.87744140625,2720.147216796875
8026.4287109375,2725.406005859375
8129.62060546875,2738.105712890625
8229.888671875,2756.435791015625
8329.30078125,2776.01220703125
8410.6025390625,2794.552490234375
8486.8427734375,2824.560302734375
8588.0595703125,2817.852294921875
8689.20703125,2844.862548828125
8790.79296875,2864.13525390625
8895.083984375,2877.9921875
8999.666015625,2889.585693359375
9100.779296875,2917.42236328125
9198.4912109375,2953.595947265625
9295.08984375,2980.080322265625
9397.771484375,3000.41845703125
9499.6767578125,3019.23583984375
9604.2412109375,3030.29248046875
9696.966796875,3064.08251953125
9797.8232421875,3092.98291015625
9884.2802734375,3142.26123046875
9983.779296875,3168.877685546875
10086.2900390625,3191.1494140625
10179.693359375,3232.625732421875
10259.041015625,3286.45263671875
10355.9375,3296.48876953125
10460.25,3283.19580078125
10564.6865234375,3275.2666015625
10668.59765625,3258.9599609375
10773.5205078125,3251.354736328125
10875.6279296875,3227.56982421875
10966.8408203125,3211.03662109375
11051.587890625,3214.07177734375
11149.6025390625,3216.661865234375
11229.0009765625,3206.081787109375
11329.751953125,3186.293701171875
11434.23828125,3192.859619140625
11535.1591796875,3178.23583984375
11639.8193359375,3167.74365234375
11739.1845703125,3177.2158203125
11843.4609375,3163.0986328125
11948.0859375,3151.98681640625
12052.9248046875,3146.57958984375
12153.6650390625,3117.165771484375
12256.9638671875,3097.622802734375
12360.177734375,3084.177001953125
12460.123046875,3055.19677734375
12559.9189453125,3034.95361328125
12663.607421875,3018.854736328125
12763.9404296875,3011.266357421875
12866.0126953125,3036.6875
12961.552734375,3077.48974609375
13028.9267578125,3080.052734375
13128.037109375,3092.4990234375
13228.9794921875,3118.8232421875
13322.7197265625,3131.860107421875
13419.30078125,3156.725830078125
13513.5791015625,3179.326416015625
13599.890625,3211.112548828125
13682.1455078125,3225.025634765625
13782.373046875,3255.619384765625
13884.8994140625,3279.24072265625
13986.6611328125,3305.853271484375
14082.212890625,3342.603759765625
14184.38671875,3367.22802734375
14285.7099609375,3394.539794921875
14386.6865234375,3424.004638671875
14488.07421875,3446.28076171875
14590.5791015625,3469.474853515625
14693.7119140625,3490.08203125
14792.224609375,3525.905029296875
14893.9453125,3552.435546875
14984.830078125,3594.00634765625
15086.35546875,3611.529296875
15180.1767578125,3645.32373046875
15279.26953125,3678.97265625
15381.07421875,3705.148193359375
15482.8623046875,3731.7236328125
15582.97265625,3763.72607421875
15670.35546875,3804.68017578125
15771.1142578125,3834.1767578125
15861.5390625,3880.74658203125
15954.6484375,3904.027099609375
16035.7001953125,3920.709716796875
16125.029296875,3972.392333984375
16202.9248046875,4010.9521484375
16291.4765625,4010.095947265625
16374.46875,4057.032958984375
16472.16796875,4079.111328125
16541.15234375,4115.4765625
16615.63671875,4185.91845703125
16677.705078125,4260.3056640625
16607.5625,4297.67236328125
16519.7578125,4241.47216796875
16420.0625,4210.0009765625
16349.1396484375,4283.2099609375
16320.2744140625,4378.64453125
16220.45703125,4357.31640625
16192.3505859375,4269.431640625
16288.0322265625,4271.1298828125
16273.5263671875,4247.015625
16168.365234375,4243.9658203125
16063.15234375,4241.412109375
15972.9453125,4219.80078125
15872.802734375,4236.38232421875
15775.615234375,4244.53466796875
15670.958984375,4234.978515625
15566.306640625,4241.24853515625
15543.8330078125,4275.52099609375
15638.076171875,4308.47265625
15732.2509765625,4351.33740234375
15766.5927734375,4434.65283203125
15665.546875,4440.4658203125
15573.0263671875,4400.201171875
15485.39453125,4367.7958984375
15390.408203125,4326.1904296875
15329.4033203125,4251.93994140625
15234.73828125,4280.94287109375
15129.8525390625,4281.67529296875
15024.736328125,4279.2822265625
14921.0419921875,4296.4873046875
14816.755859375,4301.37109375
14722.384765625,4310.12744140625
14619.869140625,4329.68115234375
14514.697265625,4333.44873046875
14409.484375,4334.7958984375
14304.322265625,4332.13037109375
14203.62890625,4322.77197265625
14106.5078125,4330.29638671875
14005.4619140625,4335.71435546875
13904.0107421875,4335.82275390625
13801.9189453125,4338.65087890625
13698.9091796875,4354.181640625
13611.9208984375,4361.42333984375
13513.16015625,4391.04931640625
13417.927734375,4433.6005859375
13383.966796875,4518.32958984375
13369.673828125,4619.2333984375
13396.0888671875,4694.34619140625
13404.1728515625,4791.35693359375
13437.4052734375,4886.783203125
13426.03515625,4982.38720703125
13456.146484375,5048.3759765625
13505.9853515625,5139.31298828125
13567.3671875,5224.4443359375
13585.9248046875,5312.73486328125
13498.3427734375,5299.55078125
13416.490234375,5239.22998046875
13361.9619140625,5151.5693359375
13312.5751953125,5058.6748046875
13276.1416015625,4960.4697265625
13242.4775390625,4862.69287109375
13201.3466796875,4765.939453125
13185.79296875,4664.18603515625
13108.9365234375,4608.537109375
13035.384765625,4546.33203125
13083.8740234375,4488.544921875
13188.6767578125,4496.62109375
13258.0966796875,4423.1171875
13198.353515625,4405.10498046875
13100.4755859375,4415.61083984375
13001.794921875,4444.6875
12899.0126953125,4467.31591796875
12863.017578125,4519.376953125
12815.0751953125,4602.64697265625
12715.8359375,4607.556640625
12625.8984375,4633.8466796875
12591.7021484375,4704.89794921875
12561.90234375,4803.65087890625
12586.4873046875,4867.470703125
12669.703125,4899.74853515625
12610.5166015625,4961.69189453125
12520.779296875,5001.09228515625
12496.61328125,5102.97216796875
12477.193359375,5204.89892578125
12443.3212890625,5299.4501953125
12454.826171875,5381.3427734375
12430.33203125,5483.53857421875
12424.72265625,5582.67626953125
12402.8984375,5684.16943359375
12376.4111328125,5781.2685546875
12352.1064453125,5864.33447265625
12332.1826171875,5964.52490234375
12310.6533203125,6066.6396484375
12289.302734375,6169.06689453125
12261.5400390625,6269.83935546875
12244.912109375,6373.38916015625
12226.7216796875,6476.685546875
12194.927734375,6547.9853515625
12194.20703125,6607.38232421875
12160.78125,6697.11767578125
12141.28515625,6800.205078125
12124.5693359375,6903.9228515625
12128.998046875,6996.228515625
12097.1953125,7092.7705078125
12056.8916015625,7187.6591796875
12036.8759765625,7285.943359375
12018.138671875,7363.3232421875
11991.68359375,7446.408203125
11979.9833984375,7550.67529296875
11948.8681640625,7650.23388671875
11937.591796875,7754.73095703125
11900.47265625,7841.4541015625
11893.79296875,7932.24609375
11906.6201171875,8010.93896484375
11878.51953125,8097.83642578125
11861.41015625,8195.873046875
11851.7216796875,8300.546875
11835.681640625,8399.9521484375
11806.7431640625,8499.734375
11766.470703125,8594.4140625
11736.0185546875,8691.607421875
11729.6875,8789.662109375
11703.884765625,8887.2978515625
11686.375,8976.5283203125
11662.546875,9077.427734375
11651.2548828125,9181.84375
11627.95703125,9281.794921875
11607.009765625,9380.3154296875
11586.7177734375,9475.15234375
11544.8984375,9564.451171875
11488.583984375,9649.8095703125
11386.25,9670.390625
11284.2314453125,9694.220703125
11181.8271484375,9711.833984375
11076.6650390625,9715.1474609375
10975.083984375,9733.6015625
10870.3916015625,9744.29296875
10787.5791015625,9746.0078125
10684.291015625,9761.076171875
10583.3125,9770.9755859375
10478.7119140625,9781.6279296875
10374.353515625,9789.1630859375
10269.1416015625,9790.5234375
10164.884765625,9803.8701171875
10059.95703125,9811.9296875
9955.453125,9821.5146484375
9851.3984375,9829.4404296875
9746.1943359375,9830.197265625
9641.6005859375,9840.9755859375
9536.6142578125,9847.8515625
9431.94140625,9858.44921875
9326.861328125,9863.3125
9224.93359375,9886.5107421875
9120.3515625,9897.875
9015.3369140625,9904.75390625
8910.39453125,9911.9443359375
8820.1103515625,9916.7431640625
8716.861328125,9936.5263671875
8626.294921875,9934.19140625
8534.6328125,9957.330078125
8435.609375,9966.8466796875
8342.37890625,9985.8408203125
8239.25,10004.880859375
8134.509765625,10004.0478515625
8040.1845703125,10018.0107421875
7935.76220703125,10029.048828125
7838.12255859375,10036.4736328125
7733.0595703125,10041.431640625
7628.853515625,10050.2646484375
7538.578125,10065.4775390625
7455.2744140625,10068.9921875
7362.70068359375,10070.9541015625
7258.130859375,10082.236328125
7153.41064453125,10092.291015625
7049.07861328125,10105.822265625
6956.20703125,10117.529296875
6851.5908203125,10126.8115234375
6748.14013671875,10139.291015625
6643.15380859375,10144.904296875
6597.2919921875,10155.5390625
6492.6884765625,10156.552734375
6396.12353515625,10160.1669921875
6324.99658203125,10147.9814453125
6239.20556640625,10164.1162109375
6134.18408203125,10170.6328125
6029.0146484375,10173.90234375
5923.94921875,10179.267578125
5832.61962890625,10190.462890625
5729.3583984375,10188.060546875
5624.154296875,10188.60546875
5519.08349609375,10183.6689453125
5418.9111328125,10197.634765625
5358.6552734375,10204.4072265625
5258.49462890625,10196.333984375
5154.5302734375,10207.0712890625
5049.3359375,10208.572265625
4947.2919921875,10197.3525390625
4844.548828125,10195.33203125
4744.84814453125,10201.6337890625
4639.712890625,10197.56640625
4534.51708984375,10194.4853515625
4429.3359375,10191.669921875
4324.13134765625,10188.984375
4218.97119140625,10185.8427734375
4114.756103515625,10172.7578125
4019.884521484375,10197.244140625
3934.6328125,10191.1015625
3835.500732421875,10206.337890625
3739.6376953125,10211.6005859375
3640.357666015625,10229.7890625
3536.38916015625,10245.3974609375
3431.874267578125,10257.1005859375
3328.63818359375,10266.6650390625
3261.93212890625,10277.16796875
3157.0517578125,10284.728515625
4589.43310546875,10130.1025390625
8811.431640625,9807.5908203125
10377.072265625,9753.6142578125
4787.904296875,9554.4677734375
4892.234375,9541.0400390625
4986.46142578125,9497.6298828125
5077.4677734375,9445.681640625
5163.6162109375,9388.7568359375
5186.94287109375,9337.1015625
5236.3388671875,9251.091796875
5281.587890625,9156.138671875
5298.0380859375,9064.8818359375
5295.193359375,8959.8037109375
5285.04296875,8862.5732421875
5266.62158203125,8805.9755859375
5201.419921875,8749.970703125
5146.46533203125,8778.17578125
5107.7001953125,8872.576171875
5066.55859375,8955.2646484375
4988.14453125,8924.240234375
5002.6298828125,8830.2470703125
5016.52490234375,8740.2060546875
5025.0546875,8666.13671875
4924.12646484375,8638.30078125
4832.2333984375,8606.025390625
4729.1533203125,8595.7119140625
4624.66162109375,8603.2763671875
4524.7919921875,8630.529296875
4431.93603515625,8651.92578125
4331.35693359375,8680.3740234375
4235.8623046875,8716.384765625
4145.19580078125,8757.087890625
4063.07421875,8818.3046875
4010.91748046875,8903.3623046875
3956.52734375,8981.1865234375
3944.400634765625,9085.5810546875
3944.8271484375,9179.1201171875
4025.249755859375,9224.2353515625
4045.657958984375,9298.1611328125
4106.661865234375,9366.623046875
4196.37890625,9414.5654296875
4251.00341796875,9492.73046875
4155.0673828125,9454.857421875
4099.20947265625,9424.939453125
4177.94677734375,9494.3525390625
4267.75244140625,9548.84375
4366.9326171875,9571.0390625
4470.9921875,9584.2958984375
4576.2060546875,9585.0185546875
4681.3134765625,9580.60546875
6184.19921875,9158.6640625
6372.009765625,9050.650390625
6401.70068359375,8952.8369140625
6407.35888671875,8851.65625
6431.77392578125,8751.537109375
6431.3681640625,8648.9228515625
6440.29638671875,8544.0712890625
6450.126953125,8439.3251953125
6463.43115234375,8334.9677734375
6459.49169921875,8230.748046875
6428.28662109375,8142.1962890625
6337.044921875,8091.15283203125
6292.6767578125,8011.251953125
6212.9140625,7995.04052734375
6109.708984375,7979.3427734375
6040.361328125,7947.04296875
5938.61767578125,7925.537109375
5836.97998046875,7911.4189453125
5743.05615234375,7881.95068359375
5665.17626953125,7870.27685546875
5567.69091796875,7840.4560546875
5486.3642578125,7835.169921875
5420.251953125,7906.13525390625
5356.48681640625,7984.37451171875
5336.0634765625,8078.45263671875
5310.087890625,8175.654296875
5299.44873046875,8257.8525390625
5261.4794921875,8355.2587890625
5213.98779296875,8447.2333984375
5196.63037109375,8547.876953125
5204.529296875,8628.78125
5301.08447265625,8662.333984375
5346.134765625,8726.544921875
5385.0576171875,8814.640625
5407.95703125,8916.501953125
5503.119140625,8958.69921875
5597.18115234375,8974.76171875
5695.4990234375,9009.173828125
5794.05615234375,9045.81640625
5897.88330078125,9062.84375
5991.83642578125,9101.5087890625
6096.36669921875,9111.3486328125
6197.6171875,9119.1689453125
6298.26513671875,9140.037109375
8685.2578125,8509.1904296875
7752.48828125,8419.7001953125
7854.751953125,8395.6171875
7952.6083984375,8359.3076171875
7984.7392578125,8291.7744140625
7895.7763671875,8241.990234375
7850.57958984375,8172.58544921875
7952.79248046875,8153.86962890625
8040.9033203125,8209.18115234375
8137.53564453125,8202.4599609375
8211.5087890625,8131.5009765625
8255.4228515625,8036.2998046875
8264.7490234375,7931.83056640625
8258.9853515625,7826.8681640625
8240.6396484375,7725.744140625
8198.5107421875,7632.30810546875
8130.94384765625,7572.064453125
8040.7919921875,7533.08935546875
7937.5654296875,7512.7734375
7833.3212890625,7498.60986328125
7729.279296875,7488.82470703125
7624.91064453125,7499.5419921875
7523.62548828125,7494.88427734375
7418.96435546875,7502.80810546875
7317.29248046875,7529.474609375
7226.15283203125,7578.26806640625
7149.87939453125,7640.00146484375
7098.515625,7725.93359375
7064.75634765625,7823.06005859375
7121.0380859375,7890.123046875
7136.87646484375,7958.50830078125
7127.705078125,8062.328125
7141.31298828125,8166.26025390625
7199.8388671875,8241.7431640625
7277.99853515625,8308.0166015625
7365,8365.69921875
7462.5146484375,8403.8271484375
7565.40478515625,8425.59765625
7670.17626953125,8434.9833984375
4728.2392578125,8139.9775390625
4831.79150390625,8121.419921875
4935.34033203125,8102.78564453125
5039.1591796875,8085.697265625
5143.994140625,8077.64501953125
5227.01025390625,8020.57568359375
5260.623046875,7923.18603515625
5322.119140625,7838.7421875
5391.12451171875,7765.26416015625
5491.70361328125,7741.1357421875
5596.259765625,7747.7529296875
5683.02734375,7760.55419921875
5784.8095703125,7783.60009765625
5796.2763671875,7743.3740234375
5727.13525390625,7664.1083984375
5672.0703125,7575.787109375
5634.49853515625,7480.138671875
5609.33056640625,7381.22265625
5590.99658203125,7294.234375
5591.05126953125,7189.04541015625
5594.17138671875,7088.59375
5491.65869140625,7096.79833984375
5411.17822265625,7087.46875
5306.31005859375,7079.97998046875
5218.7578125,7060.12548828125
5117.87255859375,7058.63525390625
5016.65087890625,7049.55908203125
4916.50830078125,7065.6396484375
4821.65673828125,7108.828125
4793.93701171875,7200.919921875
4771.1455078125,7303.02099609375
4737.54833984375,7400.57568359375
4705.0107421875,7498.31982421875
4687.79931640625,7590.3466796875
4674.00244140625,7692.29931640625
4648.69970703125,7786.52197265625
4596.53662109375,7874.7509765625
4575.89501953125,7973.75634765625
4553.92529296875,8075.17138671875
4574.26123046875,8152.93212890625
4677.93408203125,8159.46630859375
6642.79833984375,8031.72314453125
6731.8056640625,7980.1025390625
6814.38427734375,7916.759765625
6907.91455078125,7875.69970703125
6955.52490234375,7791.70166015625
6978.42529296875,7697.17822265625
7013.13818359375,7616.2578125
7091.458984375,7547.81982421875
7172.626953125,7486.06494140625
7235.97216796875,7407.388671875
7237.796875,7329.923828125
7228.03857421875,7242.16064453125
7163.404296875,7169.91845703125
7247.625,7132.25439453125
7272.9677734375,7033.53369140625
7242.34375,6934.11328125
7211.76513671875,6835.00048828125
7150.91845703125,6752.73095703125
7094.9375,6667.34423828125
7007.80908203125,6611.7861328125
6913.13916015625,6589.89794921875
6839.0107421875,6565.943359375
6779.91552734375,6546.67236328125
6678.48828125,6537.56396484375
6573.3251953125,6534.82080078125
6468.10009765625,6536.55419921875
6363.18359375,6543.916015625
6260.18017578125,6560.74951171875
6164.66650390625,6598.6611328125
6073.23095703125,6645.56787109375
5996.6923828125,6715.00537109375
5922.2275390625,6786.35400390625
5858.6240234375,6868.2490234375
5827.21875,6953.46826171875
5805.34912109375,7043.306640625
5753.7998046875,7120.09765625
5715.53662109375,7216.69677734375
5741.64404296875,7315.60400390625
5763.77880859375,7418.15185546875
5793.31103515625,7501.6953125
5845.9541015625,7590.81689453125
5899.99560546875,7679.3916015625
5977.8056640625,7744.38427734375
6074.6015625,7774.17041015625
6168.48828125,7787.2685546875
6197.63134765625,7882.1025390625
6297.47216796875,7911.9931640625
6390.4267578125,7911.8857421875
6483.46875,7875
6553.13671875,7933.39013671875
6576.26416015625,8030.083984375
6944.6552734375,7928.42822265625
5336.67138671875,7873.71044921875
4019.98291015625,7699.5869140625
10880.396484375,7691.068359375
4663.06005859375,7679.3876953125
7486.71484375,7388.9609375
7521.52587890625,7341.13720703125
7435.7470703125,7294.05224609375
7347.7958984375,7306.18310546875
7373.615234375,7404.68310546875
7598.07470703125,7208.77197265625
7624.6298828125,7108.4013671875
7647.505859375,7008.81787109375
7698.39208984375,6920.2666015625
7725.31982421875,6847.68896484375
7781.59716796875,6769.818359375
7874.17724609375,6727.43798828125
7973.3671875,6706.6572265625
8078.53564453125,6710.00927734375
8183.7548828125,6709.705078125
8288.62890625,6702.28564453125
8357.123046875,6634.19775390625
8409.732421875,6545.1884765625
8470.755859375,6460.10888671875
8529.251953125,6373.23876953125
8568.6279296875,6276.17822265625
8569.822265625,6171.07861328125
8543.2353515625,6075.6240234375
8511.9287109375,5984.78955078125
8465.8994140625,5899.1767578125
8407.33984375,5814.6171875
8357.8115234375,5748.1884765625
8278.04296875,5690.982421875
8194.21337890625,5632.38232421875
8112.69140625,5597.66796875
8015.86572265625,5567.36962890625
7920.95703125,5557.41455078125
7840.23583984375,5497.14111328125
7738.5576171875,5472.5068359375
7640.5029296875,5466.71240234375
7543.20703125,5486.69970703125
7451.92333984375,5524.0263671875
7353.13916015625,5558.05224609375
7317.92919921875,5649.6259765625
7294.68115234375,5730.6328125
7336.31787109375,5795.9345703125
7368.82763671875,5892.1494140625
7416.169921875,5985.162109375
7425.2646484375,6075.712890625
7350.21533203125,6136.21337890625
7287.421875,6115.052734375
7241.25341796875,6113.525390625
7144.4453125,6123.63623046875
7048.71630859375,6138.837890625
6945.0234375,6145.39013671875
6839.9482421875,6150.50390625
6737.47802734375,6171.59765625
6668.775390625,6226.375
6586.18017578125,6272.32666015625
6564.14599609375,6366.6875
6658.85986328125,6400.1787109375
6757.30126953125,6422.771484375
6857.89599609375,6433.15380859375
6958.90283203125,6460.52001953125
7051.3359375,6508.275390625
7145.7509765625,6542.974609375
7218.65625,6612.59619140625
7276.23876953125,6693.3759765625
7326.26953125,6781.0830078125
7355.44970703125,6857.43603515625
7380.54736328125,6934.5927734375
7405.69091796875,7036.10595703125
7394.5888671875,7137.58740234375
7433.61376953125,7206.4638671875
7529.84912109375,7236.40283203125
9040.560546875,7238.0107421875
11191.2822265625,6885.27783203125
11294.931640625,6867.19189453125
11398.5244140625,6848.73486328125
11494.482421875,6810.60791015625
11483.9404296875,6722.48779296875
11440.80078125,6626.9287109375
11403.2138671875,6528.64794921875
11372.3935546875,6442.677734375
11349.5361328125,6357.8212890625
11326.087890625,6255.33251953125
11306.8203125,6152.09130859375
11281.9033203125,6068.9892578125
11280.7646484375,5980.1005859375
11285.7890625,5877.8955078125
11289.8828125,5785.73583984375
11313.5048828125,5683.32373046875
11343.7978515625,5582.71435546875
11265.6376953125,5537.54638671875
11173.693359375,5490.4140625
11075.85546875,5465.5419921875
10972.48046875,5447.2861328125
10871.451171875,5429.78076171875
10767.2998046875,5415.53076171875
10666.46875,5391.03076171875
10637.7666015625,5382.58203125
10539.5615234375,5386.30419921875
10463.296875,5384.78955078125
10400.55078125,5408.10498046875
10346.158203125,5493.9638671875
10256.490234375,5472.095703125
10186.16796875,5432.42578125
10190.10546875,5528.89453125
10242.7939453125,5610.05908203125
10225.58984375,5708.14404296875
10193.7392578125,5807.77294921875
10156.0322265625,5905.72705078125
10125.6669921875,6003.71728515625
10118.75390625,6107.51953125
10115.111328125,6183.79931640625
10105.380859375,6288.15771484375
10066.728515625,6364.9267578125
10123.1123046875,6445.81298828125
10058.9189453125,6504.83203125
10052.38671875,6597.767578125
10047.95703125,6698.53173828125
10045.322265625,6803.55810546875
10081.310546875,6862.05908203125
10183.9228515625,6861.18994140625
10288.85546875,6856.4208984375
10393.4619140625,6866.65625
10496.4228515625,6863.81103515625
10582.576171875,6876.53125
10687.4775390625,6884.373046875
10792.578125,6889.83544921875
10897.6953125,6890.40380859375
11002.3759765625,6899.6630859375
11091.12109375,6894.3447265625
8832.0771484375,6716.74169921875
8935.03125,6717.26611328125
9039.23828125,6704.84326171875
9089.802734375,6631.45849609375
9121.9970703125,6531.5517578125
9172.759765625,6441.80029296875
9214.1435546875,6407.98583984375
9282.890625,6342.11279296875
9386.6064453125,6327.4384765625
9490.078125,6313.11572265625
9593.7490234375,6327.68359375
9693.1279296875,6355.1455078125
9795.6767578125,6378.04248046875
9896.5927734375,6405.7412109375
9979.453125,6365.9169921875
9999.4482421875,6263.75732421875
10001.9541015625,6167.14501953125
10013.9462890625,6062.99658203125
10019.65234375,5964.7080078125
10015.673828125,5859.6650390625
10048.080078125,5762.96142578125
10059.603515625,5658.78271484375
10071.330078125,5554.46484375
10067.3681640625,5450.41455078125
10077.349609375,5358.70654296875
10096.75,5263.05078125
10021.3759765625,5191.58056640625
9928.1796875,5145.5673828125
9828.8203125,5152.08642578125
9745.72265625,5141.64794921875
9657.56640625,5123.80419921875
9556.552734375,5107.50244140625
9457.236328125,5109.78955078125
9374.689453125,5109.23974609375
9270.4990234375,5116.78076171875
9170.6044921875,5142.3359375
9068.6708984375,5167.72119140625
8986.83203125,5186.63427734375
8903.2138671875,5241.94677734375
8820.12890625,5289.1982421875
8730.796875,5308.66552734375
8653.3349609375,5377.3232421875
8579.7578125,5452.53662109375
8509.0546875,5528.5986328125
8425.2236328125,5591.2265625
8425.30859375,5651.5673828125
8492.5341796875,5731.31005859375
8549.841796875,5811.46630859375
8590.404296875,5879.3291015625
8621.9609375,5970.25634765625
8669.5751953125,6064.0673828125
8699.9619140625,6161.25244140625
8702.533203125,6266.443359375
8673.3271484375,6361.2626953125
8621.5771484375,6447.92041015625
8569.5869140625,6534.4990234375
8511.67578125,6622.34228515625
8490.9990234375,6712.68212890625
8595.1142578125,6724.73193359375
8699.466796875,6734.8017578125
8803.6650390625,6721.87548828125
9990.41015625,6674.43603515625
4302.34130859375,6535.28466796875
6896.232421875,6462.00146484375
11377.4248046875,6350.603515625
4481.24365234375,6299.13427734375
6006.43505859375,6105.52587890625
6110.40283203125,6091.9970703125
6215.556640625,6090.53857421875
6320.7822265625,6090.6513671875
6426.00537109375,6089.65380859375
6531.212890625,6087.9990234375
6636.2880859375,6083.23193359375
6730.5625,6055.55078125
6833.6142578125,6047.46435546875
6934.6123046875,6032.01953125
7039.12939453125,6020.18505859375
7140.7880859375,5998.84033203125
7215,5964.078125
7195.47998046875,5870.59033203125
7180.8154296875,5766.59765625
7184.26904296875,5662.013671875
7190.7197265625,5561.259765625
7188.7978515625,5459.5185546875
7210.341796875,5357.38916015625
7229.27099609375,5261.658203125
7213.3359375,5157.7490234375
7223.68994140625,5056.16162109375
7226.30810546875,4958.73291015625
7130.64990234375,4934.4814453125
7035.4453125,4956.21484375
6953.859375,4978.93994140625
6861.1708984375,5011.30126953125
6761.4755859375,5030.05908203125
6667.2373046875,5074.16357421875
6567.623046875,5092.806640625
6477.734375,5116.28173828125
6373.82470703125,5129.84228515625
6268.6083984375,5130.935546875
6163.44970703125,5127.81591796875
6058.4013671875,5121.44189453125
5953.6474609375,5113.0693359375
5852.8349609375,5088.52587890625
5764.23388671875,5078.4130859375
5721.25537109375,5163.02587890625
5667.439453125,5244.060546875
5656.08642578125,5348.20458984375
5616.43505859375,5440.17041015625
5570.3447265625,5532.59814453125
5535.85693359375,5623.3310546875
5525.6611328125,5712.30029296875
5492.02294921875,5811.83642578125
5464.70654296875,5898.93798828125
5419.0712890625,5992.0966796875
5465.07421875,6068.4775390625
5553.52587890625,6087.41943359375
5655.21484375,6104.21826171875
5759.73046875,6113.658203125
5864.919921875,6111.01171875
5970.048828125,6106.85791015625
4636.50537109375,5747.1181640625
8354.296875,5484.7109375
8422.6337890625,5416.94873046875
8488.318359375,5344.337890625
8570.1416015625,5282.90869140625
8646.2119140625,5211.142578125
8733.5478515625,5152.6767578125
8757.6484375,5060.54638671875
8749.787109375,4955.6298828125
8749.9287109375,4850.45263671875
8742.3310546875,4767.67236328125
8736.142578125,4664.4453125
8734.6611328125,4559.25390625
8724.3134765625,4455.212890625
8713.1826171875,4368.87109375
8706.5068359375,4267.5595703125
8688.47265625,4163.99658203125
8669.951171875,4064.403076171875
8586.525390625,4091.173828125
8485.2421875,4119.126953125
8398.4794921875,4127.359375
8294.9775390625,4131.017578125
8191.77490234375,4149.43115234375
8087.14208984375,4155.1982421875
7983.78369140625,4152.61328125
7881.14892578125,4162.8642578125
7816.91162109375,4234.79150390625
7814.56005859375,4339.869140625
7802.484375,4438.0859375
7820.2529296875,4541.21826171875
7826.3564453125,4646.22314453125
7807.53369140625,4748.57275390625
7793.5966796875,4852.77001953125
7782.28076171875,4957.1748046875
7784.06982421875,5043.57861328125
7816.48876953125,5138.0390625
7776.42529296875,5171.50146484375
7776.212890625,5272.74951171875
7828.294921875,5358.330078125
7929.73486328125,5383.705078125
8028.34228515625,5413.34130859375
8116.3037109375,5450.4755859375
8205.48681640625,5500.71826171875
8289.375,5558.0966796875
7435.04296875,5382.38818359375
7532.8671875,5344.53759765625
7577.77685546875,5287.82763671875
7581.58349609375,5183.552734375
7596.63671875,5079.8173828125
7608.07666015625,4988.375
7617.65771484375,4883.62451171875
7640.79638671875,4810.0185546875
7628.140625,4710.00341796875
7655.02587890625,4616.9736328125
7656.953125,4516.27734375
7658.51904296875,4424.7607421875
7662.498046875,4331.99560546875
7674.47265625,4232.9697265625
7661.2568359375,4131.15576171875
7662.39306640625,4054.113525390625
7743.47607421875,3997.27783203125
7840.96240234375,3997.584716796875
7945.4658203125,4006.1044921875
8050.703125,4005.033203125
8044.4638671875,3915.4345703125
8092.08349609375,3842.411376953125
8114.4140625,3739.8330078125
8011.625,3732.31640625
7924.76611328125,3732.945068359375
7848.04296875,3744.981201171875
7743.40625,3749.80810546875
7641.19189453125,3759.56689453125
7536.96875,3773.462158203125
7440.7568359375,3789.99609375
7348.63330078125,3799.5439453125
7261.884765625,3807.59130859375
7176.06005859375,3827.56396484375
7080.0166015625,3854.879150390625
6977.14013671875,3876.43603515625
6925.408203125,3884.619140625
6835.9208984375,3899.3857421875
6780.7734375,3931.782958984375
6770.001953125,4007.81884765625
6692.28564453125,4059.791015625
6651.49951171875,4130.59423828125
6672.63623046875,4217.76806640625
6624.373046875,4304.87451171875
6596.60302734375,4402.107421875
6548.1865234375,4489.13134765625
6516.84033203125,4589.349609375
6487.2578125,4667.578125
6468.77001953125,4770.43603515625
6441.4072265625,4867.525390625
6469.2509765625,4965.88818359375
6478.7587890625,5011.0244140625
6579.181640625,4981.26025390625
6678.49951171875,4948.22119140625
6774.06787109375,4912.673828125
6872.7041015625,4888.10888671875
6964.18359375,4839.56787109375
7058.9052734375,4796.8095703125
7160.90234375,4783.5322265625
7257.0263671875,4777.8291015625
7351.451171875,4802.63818359375
7361.2587890625,4907.27734375
7369.953125,5010.23291015625
7352.939453125,5102.62548828125
7350.2177734375,5198.57177734375
7344.77197265625,5303.63720703125
7350.64404296875,5408.04931640625
11232.9619140625,5324.384765625
11234.974609375,5219.2021484375
11237.2763671875,5114.07568359375
11245.564453125,5035.14501953125
11252.048828125,4930.142578125
11256.701171875,4825
11263.15234375,4719.98291015625
11274.08203125,4615.3330078125
11281.67578125,4520.3291015625
11271.4453125,4416.3896484375
11271.046875,4311.234375
11265.423828125,4206.27587890625
11253.115234375,4101.79638671875
11239.9365234375,3997.4150390625
11205.779296875,3911.1025390625
11115.4931640625,3918.514892578125
11017.5576171875,3909.287841796875
10913.6884765625,3910.675048828125
10819.11328125,3889.33984375
10715.279296875,3906.082763671875
10610.23828125,3910.562744140625
10506.9990234375,3916.712646484375
10406.74609375,3913.81103515625
10301.6591796875,3915.5771484375
10198.2763671875,3922.575927734375
10094.0400390625,3920.43603515625
10007.5859375,3933.048583984375
9964.15234375,4028.365234375
9944.0751953125,4128.24951171875
9940.6171875,4233.39501953125
9955.4873046875,4333.8671875
10002.6279296875,4412.68994140625
10033.6533203125,4472.66650390625
9961.6337890625,4535.982421875
9915.4287109375,4604.2421875
9892.78125,4701.9833984375
9846.361328125,4791.203125
9820.0751953125,4892.3232421875
9821.177734375,4994.95458984375
9922.8779296875,5011.7578125
10013.572265625,5037.2724609375
10107.205078125,5082.6142578125
10177.8642578125,5145.76806640625
10247.2802734375,5217.89599609375
10309.1181640625,5258.0205078125
10414.220703125,5262.2470703125
10519.0517578125,5271.2333984375
10614.2783203125,5291.3388671875
10718.740234375,5302.06298828125
10823.0078125,5316.203125
10926.1416015625,5335.1357421875
11031.1181640625,5342.42578125
11135.9404296875,5349.35107421875
12418.5791015625,5163.4296875
9050.78125,5040.515625
9147.5498046875,5005.93896484375
9249.572265625,4980.9677734375
9351.08203125,4969.443359375
9442.810546875,4973.888671875
9541.494140625,4983.69189453125
9634.1005859375,4987.1572265625
9711.6474609375,4950.5087890625
9699.4765625,4867.5498046875
9708.9453125,4763.083984375
9734.2412109375,4662.9658203125
9767.7802734375,4563.8056640625
9784.1474609375,4460.03515625
9789.947265625,4372.6328125
9697.2373046875,4334.66943359375
9622.2705078125,4294.1328125
9517.8125,4282.72119140625
9414.837890625,4267.09521484375
9314.431640625,4275.19775390625
9223.8056640625,4326.955078125
9141.802734375,4392.81591796875
9057.8193359375,4455.9326171875
8997.46875,4530.439453125
8912.84765625,4589.11962890625
8853.0703125,4650.6103515625
8860.859375,4750.1435546875
8868.8603515625,4853.31103515625
8876.228515625,4957.818359375
8880.001953125,5056.1767578125
8977.755859375,5057.29736328125
8826.634765625,4725.01318359375
12583.3388671875,4606.27001953125
12620.1884765625,4487.3291015625
12907.9560546875,4398.45263671875
12791.0634765625,4336.3486328125
12894.5048828125,4317.47509765625
12995.4375,4295.439453125
13097.5341796875,4272.5888671875
13200.2568359375,4275.24609375
13269.384765625,4253.59228515625
13372.8095703125,4250.93017578125
13472.8349609375,4223.82373046875
13531.4345703125,4136.8515625
13575.3740234375,4042.83203125
13633.9580078125,3971.94482421875
13733.07421875,3950.664794921875
13751.017578125,4020.63671875
13693.62109375,4105.813232421875
13663.142578125,4203.716796875
13759.0576171875,4195.69775390625
13747.1943359375,4105.00048828125
13829.96484375,4050.135986328125
13935.203125,4049.909912109375
14035.7578125,4070.734619140625
14134.17578125,4104.329345703125
14238.8583984375,4113.61181640625
14317.7578125,4063.268310546875
14404.1796875,4031.0322265625
14505.2099609375,4056.330810546875
14607.15234375,4079.779052734375
14710.0908203125,4100.249755859375
14815.2607421875,4101.844970703125
14917.8525390625,4122.20361328125
15022.1767578125,4121.92236328125
15126.87890625,4111.422119140625
15231.650390625,4101.763671875
15336.6787109375,4095.011474609375
15441.8037109375,4091.135986328125
15546.9501953125,4086.8388671875
15652.0771484375,4082.1015625
15755.814453125,4071.731201171875
15855.2802734375,4078.090087890625
15864.6142578125,4050.61279296875
15769.888671875,4008.402099609375
15670.98046875,3972.740966796875
15573.865234375,3932.26318359375
15485.658203125,3904.990478515625
15391.228515625,3867.5361328125
15291.21875,3834.9052734375
15190.9267578125,3803.150146484375
15093.53125,3770.021728515625
14991.9990234375,3744.087158203125
14944.365234375,3710.29052734375
14851.134765625,3683.896484375
14747.7529296875,3664.496337890625
14645.4169921875,3640.141357421875
14544.033203125,3612.179931640625
14444.822265625,3585.61376953125
14342.2978515625,3565.950927734375
14240.47265625,3541.1142578125
14144.037109375,3502.864013671875
14053.3466796875,3489.39990234375
13952.02734375,3461.099365234375
13852.109375,3431.16650390625
13754.62109375,3411.968017578125
13668.1015625,3367.17431640625
13623.62890625,3373.310791015625
13547.9482421875,3335.953857421875
13457.0478515625,3307.54443359375
13355.0986328125,3288.104736328125
13252.4833984375,3264.8134765625
13151.0400390625,3237.25244140625
13046.08984375,3239.657958984375
12959.91015625,3274.4033203125
12916.9208984375,3367.84375
12894.337890625,3468.27099609375
12825.552734375,3544.497802734375
12798.736328125,3633.282958984375
12775.455078125,3735.25830078125
12756.408203125,3837.670166015625
12714.826171875,3931.2041015625
12714.5673828125,4033.87255859375
12683.3056640625,4105.7333984375
12677.87109375,4175.1552734375
12656.462890625,4277.65625
12674.9287109375,4356.93505859375
5154.232421875,4311.568359375
3683.62255859375,4231.62451171875
3678.1025390625,4131.8251953125
3642.261474609375,4042.444091796875
3583.798095703125,3958.514892578125
3490.123046875,3918.9228515625
3396.939453125,3885.6455078125
3294.1650390625,3886.22265625
3228.211669921875,3961.910888671875
3174.109375,4032.538330078125
3185.389892578125,4134.80078125
3272.138916015625,4165.275390625
3357.597900390625,4221.35107421875
3455.16748046875,4260.60595703125
3558.360107421875,4280.14404296875
3661.738525390625,4298.2802734375
16552.62890625,4190.37353515625
14468.8388671875,4161.7421875
14376.0771484375,4145.20556640625
12574.7939453125,4081.904296875
3053.06396484375,4027.759521484375
3085.072998046875,3935.87939453125
3087.760009765625,3842.207763671875
2993.6875,3808.270751953125
2898.1787109375,3764.3642578125
2800.477783203125,3728.0478515625
2713.24365234375,3763.4775390625
2667.7421875,3856.625732421875
2674.29345703125,3932.799560546875
2773.45703125,3967.92236328125
2873.460693359375,3998.543701171875
2964.5498046875,4031.911376953125
3049.995849609375,4041.53125
10935.345703125,3818.31689453125
10606.677734375,3325.0341796875
12176.314453125,3256.529052734375
11816.78125,3248.9365234375
11904.349609375,3231.473388671875
12226.390625,3135.880615234375
9278.2119140625,3005.572509765625
7749.53125,2759.98828125
5416.7177734375,2453.364501953125
5510.2919921875,2407.875244140625
5590.15869140625,2368.052490234375
5561.81884765625,2333.96533203125
5461.71728515625,2323.181884765625
5366.92822265625,2351.191162109375
5278.2099609375,2379.28173828125
5217.990234375,2298.531005859375
5164.41943359375,2372.223876953125
5148.134765625,2469.44970703125
5226.28955078125,2484.93994140625
31032,10270
31065.025390625,10203.919921875
31159.02734375,10160.44140625
31261.095703125,10139.91796875
31351.423828125,10090.73828125
31450.095703125,10058.7763671875
31553.740234375,10056.3037109375
31652.41796875,10025.0693359375
31756.046875,10013.287109375
31855.5859375,9986.2666015625
31959.921875,9982.75390625
32064.28515625,9985.380859375
32165.611328125,10007.0751953125
32260.80859375,10042.064453125
32211.03125,10081.7109375
32108.19921875,10063.6787109375
32004.95703125,10048.5791015625
31900.6484375,10046.427734375
31799.80859375,10068.8974609375
31696.392578125,10083.2392578125
31607.224609375,10110.3681640625
31510.814453125,10149.1318359375
31410.970703125,10179.560546875
31325.880859375,10203.89453125
31229.001953125,10238.0263671875
31130.853515625,10272.9755859375
22608,10203
22532.94140625,10131.7060546875
22465.296875,10049.685546875
22403.638671875,9965.3076171875
22336.912109375,9896.0859375
22418.025390625,9839.9189453125
22495.462890625,9903.240234375
22557.93359375,9979.109375
22628.509765625,9989.1591796875
22692.921875,9914.1728515625
22797.302734375,9920.7080078125
22870.8203125,9997.8427734375
22958.677734375,10041.14453125
23033.51953125,9969.44140625
23133.546875,9942.826171875
23227.46484375,9991.6533203125
23247.94921875,10076.8486328125
23152.029296875,10060.234375
23075.951171875,10121.1455078125
23015.7890625,10189.0224609375
22919.787109375,10161.6337890625
22860.0390625,10115.00390625
22761.513671875,10089.1669921875
22706.669921875,10176.875
21320,10085
21253.66015625,10019.1572265625
21185.6484375,9949.6171875
21139.935546875,9890.0771484375
21063.30078125,9820.7705078125
20993.568359375,9747.1845703125
20956.421875,9689.9716796875
21041.79296875,9657.5849609375
21116.34765625,9736.6484375
21187.111328125,9817.580078125
21242.412109375,9896.0654296875
21318.70703125,9972.9755859375
21389.890625,10051.1904296875
21330.3984375,10090.025390625
9508,10059
9540.5771484375,9984.8125
9631.1630859375,9950.5009765625
9725.6591796875,9928.060546875
9820.0068359375,9949.8154296875
9796.169921875,10031.7744140625
9696.791015625,10031.400390625
9604.5048828125,10060.6953125
32900,10043
32799.95703125,10010.146484375
32702.763671875,9969.154296875
32607.83984375,9927.5146484375
32508.4296875,9896.212890625
32408.8671875,9867.8359375
32307.091796875,9842.2333984375
32202.19921875,9831.11328125
32097.021484375,9823.0107421875
31997.041015625,9823.0751953125
31900.83203125,9805.384765625
31798.046875,9795.771484375
31693.935546875,9804.08984375
31593.19921875,9828.62109375
31487.97265625,9827.251953125
31386.90234375,9830.9404296875
31287.326171875,9799.01171875
31199.23828125,9766.42578125
31258.9296875,9694.0322265625
31362.74609375,9689.26171875
31462.1875,9722.3173828125
31560.33984375,9697.412109375
31639.52734375,9732.4384765625
31710.587890625,9708.4150390625
31815.828125,9701.81640625
31921.234375,9700.5595703125
32025.93359375,9710.7373046875
32074.666015625,9671.7138671875
32052.3828125,9576.7626953125
32128.5234375,9513.6630859375
32232.185546875,9518.75390625
32327.328125,9550.2265625
32424.677734375,9589.5810546875
32527.451171875,9610.607421875
32626.810546875,9633.87890625
32730.90625,9650.01171875
32830.8359375,9680.42578125
32936.01171875,9687.8046875
33041.39453125,9692.486328125
33021.5078125,9669.724609375
32939.12890625,9614.330078125
32846.671875,9566.896484375
32760.689453125,9510.01953125
32667.998046875,9464.591796875
32569.908203125,9434.451171875
32481.05078125,9388.53515625
32398.390625,9349.0869140625
32305.68359375,9300.544921875
32232.412109375,9240.2626953125
32298.044921875,9178.9365234375
32401.138671875,9186.478515625
32503.43359375,9212.208984375
32603.55859375,9245.279296875
32703.380859375,9278.7646484375
32806.06640625,9301.8125
32906.50390625,9334.0517578125
33008.94921875,9358.8037109375
33106.32421875,9391.15625
33206.1953125,9421.4912109375
33308.48828125,9436.767578125
33249.85546875,9377.3544921875
33164.23828125,9334.84765625
33067.69921875,9292.3505859375
32972.73828125,9246.416015625
32884.62109375,9192.8046875
32795.5,9144.609375
32726.13671875,9109.9521484375
32642.619140625,9052.708984375
32546.11328125,9010.4423828125
32501.263671875,8944.7431640625
32574.908203125,8875.7041015625
32669.619140625,8900.4013671875
32771.146484375,8927.74609375
32865.9375,8967.0615234375
32968.3125,8992.0869140625
33069.8515625,9020.6484375
33165.1796875,9064.279296875
33267.72265625,9081.7041015625
33363.69921875,9123.8720703125
33465.99609375,9148.1396484375
33561.578125,9180.4501953125
33570.1875,9142.1025390625
33480.30078125,9088.091796875
33384.77734375,9047.7578125
33294.1796875,8997.8193359375
33209.09765625,8947.3134765625
33113.64453125,8903.9208984375
33017.58984375,8860.599609375
32943.9921875,8801.849609375
32845.46875,8767.318359375
32762.0546875,8703.1796875
32719.916015625,8622.5185546875
32801.88671875,8558.693359375
32903.89453125,8573.19140625
33002.75,8609.8994140625
33097.05078125,8647.345703125
33197.23046875,8679.98828125
33295.8515625,8715.9072265625
33395.00390625,8750.7060546875
33440.6953125,8825.181640625
33337.8828125,8831.9384765625
33238.5703125,8797.001953125
33139.3203125,8763.3798828125
33110.5390625,8780.4755859375
33199.01171875,8831.833984375
33293.140625,8872.294921875
33388.26171875,8917.431640625
33482.77734375,8964.212890625
33561.5,9018.9697265625
33646.796875,9079.376953125
33738.6171875,9127.55078125
33787.25390625,9215.201171875
33694.953125,9259.6455078125
33593.34375,9238.4267578125
33489.21484375,9224.5361328125
33385.40234375,9209.255859375
33281.69921875,9190.6982421875
33180.73046875,9160.2197265625
33077.25,9140.115234375
33085.1328125,9167.8671875
33168.89453125,9223.72265625
33262.609375,9270.4453125
33350.97265625,9326.5146484375
33406.21484375,9407.4072265625
33419.9765625,9482.126953125
33326.8359375,9507.4013671875
33233.98828125,9484.484375
33128.6015625,9479.9326171875
33028.34375,9454.1640625
32930.53125,9428.81640625
32945.05859375,9490.0087890625
33034.578125,9544.083984375
33125.98828125,9591.1787109375
33180.20703125,9620.0263671875
33252.31640625,9693.5
33206.76171875,9770.1220703125
33109.3359375,9799.6953125
33006.73046875,9808.474609375
32903.0859375,9790.2236328125
32799.54296875,9771.130859375
32696.95703125,9756.9208984375
32595.734375,9743.6875
32497.099609375,9710.50390625
32544.06640625,9748.1865234375
32635.875,9799.4931640625
32732.453125,9841.52734375
32824.6796875,9889.2080078125
32920.0234375,9931.38671875
32999.375,9989.4912109375
32950.7265625,10047.8544921875
33375.55859375,9468.0390625
29552,10007
29640.794921875,9954.0361328125
29741.63671875,9931.55859375
29844.2734375,9913.9033203125
29944.77734375,9887.3515625
30043.4453125,9856.2197265625
30144.76953125,9836.54296875
30247.923828125,9823.240234375
30352.046875,9821.26953125
30456.134765625,9824.953125
30556.55859375,9803.3564453125
30660.302734375,9811.4462890625
30763.998046875,9805.8720703125
30867.9296875,9812.7158203125
30971.9375,9818.3525390625
31075.634765625,9828.068359375
31178.82421875,9842.26953125
31282.095703125,9855.859375
31273.77734375,9893.416015625
31169.755859375,9889.365234375
31065.97265625,9880.5400390625
30962.81640625,9866.2490234375
30860.126953125,9867.18359375
30756.359375,9859.009765625
30652.953125,9861.5478515625
30549.03125,9868.533203125
30445.291015625,9877.861328125
30341.6484375,9888.2578125
30237.8515625,9896.9677734375
30134.45703125,9909.396484375
30031.25,9923.021484375
29952.46875,9959.185546875
29851.126953125,9970.2509765625
29756.255859375,9999.0478515625
29653.044921875,10011.349609375
27258,9784
27153.029296875,9774.2431640625
27052.3046875,9745.548828125
27061.505859375,9683.9736328125
27165.60546875,9698.9365234375
27271.091796875,9700
27376.62109375,9699.970703125
27482.1171875,9697.693359375
27587.228515625,9694.15234375
27684.373046875,9684.654296875
27789.671875,9678.037109375
27894.646484375,9668.109375
27999.88671875,9663.6015625
28104.693359375,9653.3935546875
28204.458984375,9664.419921875
28301.80078125,9628.4736328125
28402.93359375,9621.083984375
28507.740234375,9609.375
28613.171875,9605.0478515625
28718.50390625,9599.23046875
28822.388671875,9584.255859375
28924.400390625,9572.87890625
29029.462890625,9564.2490234375
29134.943359375,9561.0654296875
29240.4140625,9557.6162109375
29345.869140625,9553.724609375
29419.609375,9593.865234375
29323.107421875,9609.966796875
29233.59765625,9620.6943359375
29128.841796875,9632.6201171875
29027.890625,9656.7373046875
28923.369140625,9671.0849609375
28818.2734375,9680.57421875
28712.951171875,9687.0810546875
28607.474609375,9690.04296875
28502.48828125,9681.9541015625
28408.09765625,9716.5927734375
28303.259765625,9727.3798828125
28197.982421875,9734.5263671875
28093.96875,9751.0087890625
27990.439453125,9747.7060546875
27884.9140625,9747.486328125
27779.3984375,9749.00390625
27673.951171875,9752.955078125
27571.58203125,9775.564453125
27468.14453125,9770.21484375
27363.154296875,9780.767578125
29447,9571
29520.814453125,9537.8974609375
29618.337890625,9522.265625
29716.42578125,9510.908203125
29735.5234375,9540.3515625
29639.95703125,9564.865234375
29541.845703125,9575.611328125
26828,9463
26876.171875,9410.9296875
26980.681640625,9400.1494140625
27084.189453125,9381.546875
27187.720703125,9366.517578125
27286.431640625,9331.4794921875
27385.041015625,9302.109375
27487.30078125,9281.4677734375
27484.171875,9234.7978515625
27379.197265625,9230.95703125
27276.857421875,9216.7119140625
27172.572265625,9206.0849609375
27068.470703125,9191.2578125
26965.810546875,9168.80078125
26862.35546875,9153.8603515625
26779.3515625,9112.57421875
26683.45703125,9108.7900390625
26635.390625,9097.212890625
26533.12890625,9078.171875
26430.677734375,9057.3359375
26330.09375,9026.78125
26228.87109375,8998.6474609375
26131.818359375,8964.24609375
26030.80078125,8939.1298828125
25931.38671875,8907.119140625
25830.802734375,8878.435546875
25745.091796875,8826.3310546875
25650.07421875,8790.466796875
25553.25390625,8750.0927734375
25483.478515625,8694.6484375
25423.77734375,8680.9638671875
25328.9609375,8639.498046875
25240.8125,8597.4580078125
25168.04296875,8537.6474609375
25218.35546875,8486.798828125
25310.65234375,8532.2763671875
25385.291015625,8573.58203125
25482.7265625,8610.4375
25571.865234375,8659.2998046875
25650.12109375,8702.796875
25745.62890625,8746.5712890625
25840.638671875,8785.1708984375
25941.48046875,8814.93359375
26037.052734375,8855.087890625
26135.13671875,8880.8564453125
26228.43359375,8928.2177734375
26330.8203125,8951.171875
26429.8984375,8986.169921875
26531.01953125,9011.9638671875
26631.771484375,9035.763671875
26729.0703125,9062.935546875
26833.23828125,9075.9990234375
26932.2890625,9107.8505859375
27034.287109375,9126.0595703125
27132.06640625,9144.71875
27229.81640625,9171.6611328125
27288.177734375,9167.259765625
27392.060546875,9178.09375
27474.732421875,9184.23828125
27576.533203125,9189.7294921875
27681.359375,9183.232421875
27784.958984375,9165.3388671875
27717.755859375,9135.8935546875
27618.0390625,9112.6162109375
27520.470703125,9114.7666015625
27416.4453125,9099.5859375
27319.49609375,9080.4833984375
27219.333984375,9059.3505859375
27116.298828125,9040.3212890625
27032.1796875,9029.4697265625
26943.783203125,8989.37890625
26876.19140625,8978.9150390625
26789.212890625,8963.22265625
26689.314453125,8933.6435546875
26603.671875,8891.6962890625
26571.015625,8804.1435546875
26666.232421875,8824.380859375
26769.521484375,8843.7509765625
26867.78515625,8874.646484375
26969.26953125,8899.5107421875
27065.02734375,8930.6552734375
27170.02734375,8936.859375
27204.2265625,8861.8173828125
27282.958984375,8793.5009765625
27387.787109375,8788.1298828125
27492.97265625,8787.44140625
27598.068359375,8791.0830078125
27702.814453125,8800.6337890625
27807.6171875,8809.4892578125
27911.232421875,8824.296875
28014.611328125,8832.2783203125
28114.919921875,8858.8388671875
28219.357421875,8863.7939453125
28319.98828125,8873.4111328125
28369.142578125,8831.8994140625
28265.04296875,8818.2333984375
28160.9140625,8803.416015625
28062.978515625,8778.5478515625
27960.50390625,8790.7470703125
27869.693359375,8772.5634765625
27764.70703125,8766.181640625
27685.673828125,8722.1884765625
27760.013671875,8657.0654296875
27865.072265625,8652.8876953125
27970.142578125,8656.4228515625
28073.498046875,8674.1767578125
28178.515625,8680.037109375
28283.66015625,8683.041015625
28388.841796875,8684.3291015625
28494.029296875,8684.1435546875
28599.197265625,8682.1572265625
28704.23828125,8676.822265625
28805.44921875,8670.3525390625
28802.05078125,8649.986328125
28721.26171875,8612.1806640625
28616.52734375,8605.994140625
28516.869140625,8577.896484375
28412.87890625,8565.140625
28321.884765625,8538.544921875
28217.166015625,8534.1728515625
28113.037109375,8519.4296875
28024.302734375,8493.939453125
28080.701171875,8424.3623046875
28179.29296875,8398.23828125
28284.44140625,8397.8447265625
28388.482421875,8411.8173828125
28493.03515625,8420.724609375
28598.201171875,8421.802734375
28701.474609375,8436.7998046875
28806.634765625,8435.4521484375
28911.767578125,8435.6611328125
29012.939453125,8452.3193359375
29112.671875,8426.6083984375
29042.693359375,8371.9775390625
28965.94921875,8331.1806640625
28871.958984375,8322.88671875
28771.30078125,8302.1591796875
28670.34375,8276.1279296875
28570.8046875,8252.9326171875
28566.744140625,8183.76806640625
28653.80859375,8132.30712890625
28758.72265625,8136.3115234375
28846.8046875,8156.54052734375
28951.458984375,8166.24853515625
29031.5625,8179.0869140625
29134.7265625,8166.71435546875
29238.59765625,8162.5712890625
29341.826171875,8142.38525390625
29444.578125,8127.1796875
29381.083984375,8099.6591796875
29278.560546875,8080.36181640625
29173.4921875,8075.83544921875
29085.712890625,8055.1201171875
28987.552734375,8051.76416015625
28883.513671875,8038.9296875
28779.244140625,8025.7265625
28676.828125,8007.64306640625
28598.208984375,7958.58935546875
28655.205078125,7875.11328125
28747.19921875,7856.25244140625
28848.857421875,7875.421875
28941.5078125,7868.09130859375
29045.203125,7883.525390625
29144.296875,7916.314453125
29248.515625,7907.64501953125
29352.47265625,7920.99609375
29450.6875,7948.755859375
29528.580078125,7919.17138671875
29426.703125,7895.572265625
29326.46484375,7865.400390625
29227.66015625,7833.5029296875
29135.564453125,7797.3642578125
29032.166015625,7780.85205078125
28931.078125,7755.31494140625
28829.455078125,7728.7060546875
28729.64453125,7697.1484375
28627.49609375,7672.3017578125
28525.576171875,7646.4482421875
28428.91796875,7620.73291015625
28331.375,7596.33447265625
28231.46484375,7564.19384765625
28213.033203125,7507.146484375
28222.603515625,7438.8056640625
28318.75390625,7396.88232421875
28422.3203125,7397.375
28516.58984375,7409.00732421875
28613.220703125,7434.0537109375
28700.8671875,7417.48095703125
28790.044921875,7451.36328125
28893.486328125,7466.97216796875
28987.625,7490.07763671875
29092,7501.2763671875
29195.517578125,7519.953125
29272.908203125,7523.1171875
29175.44921875,7490.14111328125
29077.646484375,7452.14404296875
28981.205078125,7410.37353515625
28881.609375,7380.75146484375
28785.02734375,7343.91552734375
28683.935546875,7322.001953125
28597.244140625,7290.55712890625
28528.71484375,7266.07763671875
28442.373046875,7230.19140625
28340.626953125,7205.43994140625
28246.87890625,7173.0810546875
28162.146484375,7147.443359375
28063.708984375,7110.857421875
27974.947265625,7067.6923828125
27951.11328125,7030.52978515625
27890.72265625,6993.78173828125
27956.802734375,6932.89794921875
28056.810546875,6902.54931640625
28160.984375,6915.037109375
28247.248046875,6931.50439453125
28340.6328125,6971.4609375
28442.306640625,6979.05419921875
28395.0078125,6932.78857421875
28326.7578125,6923.70068359375
28230.033203125,6882.525390625
28130.26171875,6850.40869140625
28049.7890625,6812.75341796875
27984.779296875,6778.07763671875
27891.6640625,6735.1259765625
27791.05859375,6705.8623046875
27697.65625,6658.7880859375
27611.951171875,6614.02392578125
27535.705078125,6557.45751953125
27496.458984375,6503.15673828125
27422.63671875,6444.72900390625
27468.19921875,6350.77734375
27557.2421875,6300.1357421875
27658.765625,6278.50390625
27763.69921875,6284.44091796875
27866.2109375,6307.53662109375
27967.64453125,6335.3955078125
28067.63671875,6367.8828125
28158.447265625,6419.79541015625
28257.384765625,6455.2607421875
28353.599609375,6491.37353515625
28454.51171875,6520.294921875
28551.00390625,6555.8173828125
28646.28515625,6583.9443359375
28734.3359375,6610.6884765625
28839.310546875,6612.271484375
28937.474609375,6642.6904296875
28936.4140625,6608.7578125
28846.583984375,6577.74462890625
28759.921875,6529.80859375
28661.078125,6495.8974609375
28565.1015625,6455.5244140625
28470.193359375,6410.87841796875
28373.671875,6369.43212890625
28278.25390625,6325.1689453125
28183.28125,6280.27197265625
28083.1484375,6249.08154296875
27999.607421875,6187.6875
27945.01953125,6115.07373046875
28026.35546875,6051.2001953125
28128.70703125,6034.31298828125
28231.50390625,6053.6923828125
28333.27734375,6079.22119140625
28432.12109375,6112.70361328125
28527.755859375,6149.8662109375
28480.646484375,6096.15966796875
28390.873046875,6055.19482421875
28297.27734375,6008.34423828125
28207.255859375,5961.15234375
28237.533203125,5871.89453125
28341.142578125,5857.91357421875
28445.892578125,5866.2412109375
28545.130859375,5898.25244140625
28647.421875,5920.45458984375
28743.3515625,5963.31494140625
28841.03515625,5993.98095703125
28859.021484375,5940.99853515625
28763.259765625,5902.486328125
28697.03125,5869.447265625
28603.3828125,5822.90380859375
28520.15234375,5767.04052734375
28549.7734375,5686.4521484375
28636.9609375,5652.45068359375
28727.142578125,5683.642578125
28830.775390625,5700.64013671875
28932.95703125,5725.28173828125
29026.806640625,5769.13720703125
29126.298828125,5801.03076171875
29230.078125,5818.1220703125
29330.486328125,5849.0302734375
29427.251953125,5889.09619140625
29529.408203125,5913.66162109375
29626.3125,5951.91015625
29728.265625,5977.7939453125
29829.7421875,6005.40771484375
29770.466796875,5959.9111328125
29677.162109375,5911.44384765625
29593.419921875,5860.11181640625
29508.78125,5825.30078125
29428.490234375,5790.44140625
29380.705078125,5743.70947265625
29282.8515625,5709.9990234375
29190.265625,5668.45361328125
29098.814453125,5626.77001953125
29006.00390625,5581.2041015625
28911.3671875,5540.2041015625
28827.419921875,5480.99951171875
28747.50390625,5456.0849609375
28664.3359375,5410.4951171875
28618.666015625,5370.92578125
28587.166015625,5310.634765625
28649.462890625,5242.3837890625
28743.537109375,5220.33154296875
28836.515625,5235.6376953125
28929.58984375,5264.939453125
29030.1015625,5295.162109375
29119.423828125,5348.57177734375
29220.865234375,5368.67333984375
29319.6171875,5403.94775390625
29381.08984375,5397.60693359375
29285.23046875,5354.6533203125
29201.900390625,5313.6953125
29115.16796875,5266.759765625
29022.36328125,5239.94384765625
28928.357421875,5196.17333984375
28829.46875,5162.0400390625
28783.927734375,5135.724609375
28708.271484375,5085.275390625
28611.064453125,5051.42333984375
28528.166015625,4990.33837890625
28560.189453125,4900.1044921875
28656.83984375,4870.02587890625
28740.236328125,4887.66259765625
28839.90625,4905.333984375
28936.859375,4934.0771484375
29038.05078125,4959.88134765625
29141.962890625,4976.01416015625
29200.23828125,4999.44287109375
29297.478515625,5029.1640625
29397.203125,5049.22509765625
29344.416015625,4986.14990234375
29261.38671875,4931.4736328125
29187.220703125,4877.97412109375
29093.85546875,4838.58447265625
29005.119140625,4782.443359375
28915.751953125,4745.23583984375
28846.984375,4693.3955078125
28797.06640625,4661.140625
28698.271484375,4630.3828125
28623.6640625,4576.25830078125
28540.07421875,4578.8642578125
28446.87109375,4540.7373046875
28355.490234375,4513.150390625
28262.802734375,4505.56494140625
28185.228515625,4470.6201171875
28223.98828125,4424.283203125
28326.966796875,4442.8662109375
28424.83984375,4471.90673828125
28522.42578125,4504.92626953125
28622.875,4525.26708984375
28722.1796875,4556.67578125
28811.578125,4608.09033203125
28906.908203125,4579.9609375
29004.5,4604.31787109375
29079.673828125,4671.041015625
29172.0234375,4718.03662109375
29262.09765625,4740.9052734375
29363.125,4769.947265625
29458.416015625,4814.087890625
29538.05859375,4853.4970703125
29491.763671875,4879.48876953125
29404.955078125,4836.69091796875
29370.873046875,4858.65283203125
29455.234375,4910.96533203125
29539.080078125,4972.9150390625
29616.5234375,5044.0966796875
29647.2421875,5136.0693359375
29558.609375,5175.37939453125
29469.794921875,5167.64306640625
29379.583984375,5137.37109375
29279.62109375,5135.54150390625
29177.697265625,5112.47607421875
29076.57421875,5084.77880859375
29035.041015625,5047.44140625
28951.193359375,5052.826171875
28989.515625,5095.35302734375
29081.900390625,5141.9775390625
29177.689453125,5178.42138671875
29274.73046875,5218.16259765625
29367.787109375,5267.048828125
29463.0625,5309.33203125
29555.533203125,5359.203125
29638.5390625,5418.11474609375
29724.5234375,5439.986328125
29819.427734375,5479.64501953125
29906.974609375,5528.12158203125
29942.673828125,5608.23095703125
29863.748046875,5651.97412109375
29760.40234375,5632.44677734375
29660.876953125,5613.791015625
29569.51953125,5581.259765625
29476.12109375,5557.58154296875
29384.486328125,5519.09912109375
29286.732421875,5486.54296875
29196.986328125,5459.30810546875
29096.578125,5434.388671875
28997.48828125,5401.0341796875
28970.017578125,5427.564453125
29063.34375,5476.0478515625
29157.01171875,5523.8203125
29245.015625,5575.24853515625
29339.099609375,5614.193359375
29426.712890625,5653.22705078125
29518.361328125,5704.79443359375
29613.220703125,5741.4833984375
29710.63671875,5780.02294921875
29801.681640625,5832.5048828125
29887.921875,5890.4609375
29983.75390625,5930.169921875
30078.134765625,5973.482421875
30176.265625,6011.07421875
30260.37109375,6072.28662109375
30257.4609375,6157.88037109375
30158.93359375,6176.6767578125
30053.9375,6181.1669921875
29951.5859375,6158.14794921875
29860.255859375,6131.3515625
29760.080078125,6100.86962890625
29661.546875,6070.24267578125
29564.53125,6043.2431640625
29477.353515625,6011.53076171875
29380.404296875,5977.49658203125
29280.39453125,5947.578125
29179.61328125,5919.421875
29078.818359375,5896.72998046875
29082.08984375,5925.83740234375
29169.51953125,5969.6298828125
29265.947265625,6007.49365234375
29362.23828125,6048.9404296875
29454.666015625,6085.97021484375
29549.572265625,6122.20703125
29619.205078125,6194.67822265625
29554.4609375,6256.4970703125
29451.30859375,6242.49658203125
29371.837890625,6225.8603515625
29294.095703125,6215.07080078125
29204.705078125,6184.6513671875
29104.166015625,6155.1875
29004.806640625,6137.7802734375
28907.57421875,6104.56787109375
28804.779296875,6083.88818359375
28726.724609375,6090.71484375
28815.4296875,6138.07470703125
28910.638671875,6179.5517578125
29004.2578125,6227.4521484375
29101.205078125,6268.10205078125
29192.20703125,6317.0361328125
29284.00390625,6368.21337890625
29299.66015625,6423.08837890625
29268.89453125,6481.47412109375
29164.4453125,6472.998046875
29068.205078125,6437.9521484375
28974.03125,6405.72705078125
28873.546875,6376.8759765625
28775.146484375,6345.79736328125
28674.640625,6314.91455078125
28574.828125,6283.18212890625
28474.255859375,6252.37939453125
28373.806640625,6222.5732421875
28366.005859375,6241.57666015625
28463.11328125,6281.98828125
28554.939453125,6324.9833984375
28651.865234375,6361.77880859375
28742.12109375,6413.93798828125
28830.80078125,6459.48291015625
28923.548828125,6484.73828125
29018.419921875,6524.3759765625
29106.46484375,6581.0859375
29179.203125,6608.78466796875
29259.416015625,6660.7255859375
29213.86328125,6703.77587890625
29171.486328125,6730.91552734375
29066.32421875,6732.46923828125
28961.154296875,6730.90087890625
28870.513671875,6704.2802734375
28772.5703125,6693.83447265625
28671.25390625,6692.20751953125
28575.8046875,6648.2412109375
28523.92578125,6648.43310546875
28427.669921875,6609.7568359375
28330.626953125,6576.74560546875
28230.775390625,6554.57373046875
28151.37109375,6510.41162109375
28055.927734375,6480.181640625
27955.58984375,6449.11474609375
27857.556640625,6418.92529296875
27779.74609375,6404.669921875
27686.814453125,6396.68212890625
27598.59375,6406.515625
27632.5390625,6492.40673828125
27716.04296875,6547.28125
27810.412109375,6592.56640625
27907.177734375,6633.201171875
28005.98828125,6668.68505859375
28101.4609375,6712.75537109375
28203.322265625,6737.3876953125
28266.236328125,6776.16845703125
28360.294921875,6809.6708984375
28457.595703125,6849.31298828125
28555.47265625,6881.80126953125
28655.91796875,6907.7197265625
28754.388671875,6939.65625
28849.869140625,6983.53466796875
28952.41796875,7005.80517578125
29050.134765625,7044.00732421875
29148.265625,7081.8037109375
29250.5546875,7104.87158203125
29350.4375,7136.64501953125
29444.216796875,7179.90283203125
29532.83203125,7213.7880859375
29633.39453125,7235.01953125
29609.4765625,7324.17724609375
29506.09765625,7329.05859375
29403.140625,7308.4765625
29310.46875,7280.541015625
29214.974609375,7257.5517578125
29111.666015625,7239.22509765625
29010.068359375,7213.2802734375
28908.857421875,7192.591796875
28805.65234375,7173.12646484375
28715.30859375,7145.873046875
28617.74609375,7109.9833984375
28540.931640625,7131.3955078125
28440.77734375,7099.62890625
28421.89453125,7119.046875
28522.97265625,7147.8115234375
28608.138671875,7193.0419921875
28706.80859375,7221.60009765625
28793.646484375,7245.95654296875
28892.857421875,7278.1708984375
28996.048828125,7298.32421875
29090.283203125,7342.80517578125
29190.48828125,7374.724609375
29288.044921875,7413.986328125
29380.55078125,7463.7216796875
29482.662109375,7487.3037109375
29573.8671875,7523.89306640625
29672.71484375,7558.51513671875
29772.12109375,7585.0244140625
29861.169921875,7632.880859375
29962.041015625,7655.74853515625
30020.51953125,7732.9072265625
29955.462890625,7797.4560546875
29854.205078125,7794.7822265625
29749.8046875,7782.54736328125
29652.10546875,7757.21923828125
29556.517578125,7730.36181640625
29458.361328125,7704.04833984375
29357.224609375,7682.56591796875
29256.205078125,7653.74658203125
29155.306640625,7630.73779296875
29052.478515625,7609.99609375
28968.513671875,7574.357421875
28868.876953125,7577.87548828125
28765.9453125,7557.54736328125
28661.193359375,7548.43408203125
28611.5078125,7557.92919921875
28710.263671875,7584.98486328125
28804.4375,7619.81298828125
28907.1875,7634.8955078125
29007.580078125,7660.580078125
29108.84375,7684.564453125
29212.75390625,7700.20361328125
29313.8984375,7729.0615234375
29410.849609375,7768.958984375
29508.48046875,7800.60498046875
29611.001953125,7805.98583984375
29710.32421875,7837.34765625
29811.208984375,7866.30419921875
29905.36328125,7893.392578125
29912.41796875,7976.7958984375
29822.55859375,8027.7080078125
29723.341796875,8012.2666015625
29770.205078125,8052.60009765625
29777.5078125,8127.73193359375
29692.708984375,8174.423828125
29588.29296875,8185.46630859375
29485.03125,8204.24609375
29380.119140625,8209.0869140625
29311.2890625,8215.748046875
29218.1640625,8251.51171875
29193.521484375,8306.7216796875
29294.0859375,8333.88671875
29317.076171875,8396.5166015625
29247.83984375,8451.986328125
29151.375,8468.572265625
29086.796875,8470.2724609375
28983.927734375,8475.326171875
28890.751953125,8500.75
28800.708984375,8507.0771484375
28830.837890625,8556.1201171875
28932.8125,8579.6640625
28995.7421875,8632.658203125
28987.427734375,8692.3984375
28924.38671875,8734.251953125
28820.767578125,8752.2861328125
28745.818359375,8753.546875
28651.396484375,8772.392578125
28682.51171875,8802.8056640625
28723.865234375,8884.021484375
28642.01171875,8946.728515625
28648.703125,9032.3505859375
28561.328125,9084.7646484375
28467.27734375,9120.6376953125
28365.18359375,9144.76171875
28260.625,9154.4287109375
28155.505859375,9152.5263671875
28060.6953125,9158.70703125
27955.673828125,9164.091796875
27856.96875,9196.494140625
27757.8984375,9227.98828125
27662.52734375,9268.6455078125
27566.08984375,9306.65625
27466.640625,9339.6494140625
27362.017578125,9349.822265625
27275.3125,9388.4365234375
27181.25390625,9412.248046875
27081.623046875,9434.205078125
26991.865234375,9426.7138671875
26896.82421875,9466.2001953125
27855.88671875,9131.30859375
28052.728515625,9066.8330078125
28062.052734375,9029.185546875
27961.505859375,9004.4404296875
27861.46875,9035.3369140625
27948.328125,9063.94921875
28280.43359375,9047.900390625
27752.875,9009.130859375
27650.634765625,9008.5380859375
27741.26171875,9032.2421875
27841.150390625,9037.333984375
27567.083984375,8977.5751953125
27507.591796875,9005.185546875
27610.64453125,9016.75
27393.876953125,8968.5439453125
27460.546875,8997.451171875
28752.3203125,8714.408203125
29501.248046875,8127.22802734375
29523.94921875,7622.8935546875
29398.107421875,7565.40771484375
29423.33984375,7603.5927734375
27849.822265625,6326.1474609375
28711.220703125,6209.97265625
28629.345703125,6170.84716796875
28662.71875,6213.87890625
28998.0390625,6020.72802734375
28901.083984375,5989.99609375
28980.619140625,6039.1162109375
29787.52734375,5576.37451171875
29597.37890625,5497.2548828125
29416.25390625,5445.486328125
28817.775390625,5367.69970703125
21042,9347
20974.3671875,9305.8828125
20897.703125,9231.9970703125
20838.146484375,9145.4169921875
20828.345703125,9066.5615234375
20905.74609375,9055.138671875
20965.62109375,9136.51953125
21021.45703125,9219.48828125
21089.021484375,9290.4580078125
26557,8900
26469.294921875,8864.5263671875
26369.76953125,8840.181640625
26289.21484375,8795.0595703125
26192.275390625,8790.5732421875
26136.443359375,8721.8515625
26237.201171875,8710.109375
26339.173828125,8720.6708984375
26435.634765625,8754.494140625
26506.08984375,8775.8505859375
26569.837890625,8854.23828125
21804,8832
21717.94921875,8771.61328125
21620.234375,8762.1171875
21520.802734375,8739.61328125
21521.810546875,8654.5615234375
21593.58984375,8593.1142578125
21695.701171875,8579.669921875
21755.609375,8570.1845703125
21738.546875,8466.177734375
21772.14453125,8379.501953125
21868.083984375,8389.7080078125
21945.591796875,8449.5283203125
22010.677734375,8530.62109375
22091.57421875,8580.8505859375
22065.453125,8500.7900390625
22071.76953125,8396.1708984375
22035.328125,8301.1484375
22040.599609375,8214.193359375
22136.390625,8225.1943359375
22200.017578125,8306.8193359375
22264.3046875,8390.587890625
22314.263671875,8349.9345703125
22298.44921875,8245.755859375
22350.560546875,8164.47021484375
22435.2734375,8203.85009765625
22492.01171875,8290.984375
22533.896484375,8381.7666015625
22604.474609375,8337.9765625
22585.9921875,8280.0791015625
22573.552734375,8175.28271484375
22551.2421875,8073.30078125
22524.091796875,7971.568359375
22489.58203125,7872.251953125
22468.46875,7770.60546875
22562.37109375,7747.357421875
22630.125,7824.408203125
22686.51171875,7913.2470703125
22736.9765625,8003.63427734375
22788.376953125,8093.18359375
22843.7265625,8105.08056640625
22832.833984375,8000.37451171875
22795.58203125,7904.1005859375
22771.02734375,7810.29541015625
22746.73828125,7708.44580078125
22715.33984375,7616.2646484375
22773.203125,7546.26123046875
22866.998046875,7585.21826171875
22905.193359375,7680.0986328125
22960.7109375,7756.13671875
23000.279296875,7825.56298828125
23055.333984375,7915.17822265625
23093.169921875,8009.15576171875
23140.333984375,8102.33056640625
23064.32421875,8105.205078125
23018.517578125,8016.2705078125
22955.763671875,8020.56494140625
22995.296875,8110.34765625
23007.857421875,8208.912109375
23008.30078125,8314.4189453125
22947.873046875,8366.3251953125
22854.5546875,8324.240234375
22775.416015625,8254.6748046875
22711.5234375,8182.1611328125
22688.80859375,8272.435546875
22682.50390625,8375.931640625
22649.830078125,8462.0068359375
22550.267578125,8441.2548828125
22478.263671875,8377.6796875
22446.3046875,8454.0419921875
22407.734375,8521.6591796875
22309.986328125,8528.6572265625
22212.1875,8503.732421875
22200.384765625,8600.517578125
22155.623046875,8691.6728515625
22073.9140625,8727.6611328125
22047.240234375,8692.5869140625
21975.98828125,8648.0205078125
21901.712890625,8617.3291015625
21921.779296875,8717.3935546875
21902.13671875,8817.8173828125
21859.8984375,8798.998046875
22085.388671875,8692.978515625
20835,8807
20856.4609375,8722.4375
20967.580078125,8728.509765625
20945.033203125,8812.6201171875
33365,8610
33272.0234375,8567.6123046875
33182.79296875,8520.8505859375
33087.69140625,8482.224609375
33001.0625,8441.2861328125
32912.53125,8397.9541015625
32947.41796875,8321.38671875
33047.56640625,8305.8037109375
33119.36328125,8349.8095703125
33215.34765625,8377.3583984375
33300.2578125,8419.2001953125
33398.640625,8448.2001953125
33498.546875,8470.3017578125
33586.3984375,8522.9921875
33685.4296875,8538.7822265625
33765.19140625,8575.580078125
33806.5546875,8625.689453125
33715.1796875,8610.58203125
33614.640625,8606.001953125
33551.52734375,8596.8955078125
33459.765625,8628.54296875
23826,8623
23758.298828125,8547.7900390625
23712.599609375,8453.7099609375
23665.94140625,8360.79296875
23603.09765625,8277.935546875
23568.78125,8198.90673828125
23516.724609375,8118.16064453125
23479.064453125,8028.4873046875
23409.80078125,7953.44482421875
23355.5703125,7863.890625
23306.908203125,7770.76806640625
23247.15234375,7746.48486328125
23282.564453125,7845.36474609375
23320.935546875,7942.775390625
23342.291015625,8045.5283203125
23400.095703125,8129.970703125
23429.27734375,8229.201171875
23457.630859375,8329.7548828125
23483.259765625,8430.0576171875
23404.681640625,8487.0048828125
23316.25390625,8438.2705078125
23260.658203125,8352.578125
23314.447265625,8279.4716796875
23284.58203125,8180.99609375
23255.41015625,8085.90087890625
23214.806640625,7990.23583984375
23177.431640625,7892.4453125
23143.4296875,7795.318359375
23117.599609375,7717.3203125
23081.701171875,7618.95751953125
23040.859375,7523.7802734375
23003.291015625,7425.67626953125
22990.62109375,7325.916015625
22955.86328125,7233.2041015625
23035.84375,7180.74169921875
23122.673828125,7233.59912109375
23173.357421875,7322.15283203125
23224.8828125,7413.333984375
23274.001953125,7495.0029296875
23306.359375,7594.64697265625
23358.25,7673.69140625
23395.96484375,7753.96435546875
23448.166015625,7839.0205078125
23497.283203125,7846.58740234375
23453.095703125,7751.119140625
23423.107421875,7655.1318359375
23381.654296875,7561.76318359375
23330.423828125,7474.078125
23322.484375,7400.619140625
23299.072265625,7300.0615234375
23275.828125,7197.56640625
23286.41015625,7094.923828125
23376.22265625,7053.0732421875
23465.89453125,7098.35595703125
23524.326171875,7185.55615234375
23585.49609375,7264.25390625
23628.16796875,7353.43701171875
23644.439453125,7440.3349609375
23683.11328125,7525.48681640625
23758.734375,7582.39892578125
23744.16015625,7496.54833984375
23692.681640625,7405.21826171875
23659.91015625,7306.1591796875
23636.951171875,7222.43994140625
23613.494140625,7122.60693359375
23628.74609375,7049.16552734375
23613.703125,6967.13232421875
23568.189453125,6873.5712890625
23515.353515625,6783.4326171875
23499.58203125,6696.48779296875
23458.783203125,6618.8046875
23402.06640625,6540.150390625
23366.396484375,6441.5947265625
23335.30078125,6343.427734375
23363.19921875,6250.13525390625
23406.951171875,6336.228515625
23446.896484375,6416.02734375
23449.802734375,6474.1982421875
23502.51171875,6557.3056640625
23553.828125,6634.5966796875
23600.63671875,6727.72705078125
23654.94140625,6810.62158203125
23706.458984375,6896.31103515625
23763.486328125,6983.7744140625
23827.431640625,7067.23486328125
23890.513671875,7148.59912109375
23937.146484375,7228.34814453125
23989.982421875,7317.9345703125
24057.208984375,7395.73193359375
24125.865234375,7468.736328125
24191.44140625,7550.7109375
24250.1484375,7635.81640625
24318.357421875,7698.83251953125
24395.390625,7769.91259765625
24467.009765625,7827.1953125
24471.35546875,7891.04931640625
24531.33203125,7901.119140625
24606.689453125,7967.47802734375
24685.212890625,8026.80322265625
24658.841796875,8077.00830078125
24563.3203125,8034.73681640625
24483.380859375,7978.5458984375
24418.333984375,7900.91064453125
24337.0625,7838.30419921875
24283.919921875,7784.169921875
24211.21875,7710.71923828125
24146.82421875,7630.04150390625
24071.732421875,7561.16015625
24038.658203125,7625.49658203125
23940.51171875,7638.787109375
23907.056640625,7714.70654296875
23929.841796875,7816.8642578125
23860.67578125,7866.626953125
23778.009765625,7831.84375
23726.123046875,7745.4189453125
23668.900390625,7669.376953125
23617.283203125,7577.83251953125
23559.005859375,7490.75146484375
23508.568359375,7400.65966796875
23455.634765625,7316.69384765625
23413.744140625,7289.390625
23425.60546875,7386.10693359375
23475.296875,7470.42919921875
23475.8828125,7571.5810546875
23527.8203125,7659.97412109375
23565.322265625,7757.1396484375
23593.521484375,7855.18115234375
23651.056640625,7941.7900390625
23699.98828125,8034.92431640625
23741.46484375,8131.4296875
23782.5,8227.875
23829.416015625,8309.9375
23862.6796875,8407.3115234375
23893.142578125,8506.0263671875
23904.54296875,8605.0615234375
23816.998046875,8290.0302734375
24662.787109375,8056.6025390625
23411.228515625,7888.876953125
23212.232421875,7622.70166015625
23214.056640625,7691.82763671875
23760.2734375,7634.75927734375
33949,8543
33871,8512.09375
33773.41015625,8471.828125
33680.21484375,8437.1640625
33581.6640625,8395.6044921875
33479.859375,8363.2275390625
33387.796875,8324.13671875
33288.48828125,8285.5556640625
33188.50390625,8247.6171875
33089.7734375,8206.47900390625
32989.48046875,8171.23974609375
32962.4140625,8079.2265625
33052.9140625,8024.39501953125
33156.66796875,8027.484375
33257.0625,8059.2900390625
33357.08984375,8093.8662109375
33453.57421875,8121.35009765625
33555.21875,8152.5283203125
33656.05859375,8185.65234375
33735.015625,8247.9677734375
33663.8046875,8306.091796875
33748.42578125,8360.232421875
33841.83203125,8399.9765625
33923.328125,8446.1669921875
34012.24609375,8487.693359375
20954,8502
20945.58203125,8406.5185546875
21054.0234375,8414.625
21056.048828125,8503.2802734375
34135,8399
34051.50390625,8343.1494140625
33967.1796875,8292.8896484375
33868.80859375,8260.94140625
33775.390625,8214.1123046875
33678.7265625,8177.89453125
33586.82421875,8132.35986328125
33493.83984375,8098.04296875
33401.96484375,8049.9990234375
33333.0234375,7988.11279296875
33231.40625,7966.2568359375
33136.44921875,7925.06640625
33048.9609375,7881.8740234375
32947.7265625,7854.10205078125
32853.19921875,7815.1357421875
32754.30078125,7779.5048828125
32653.96875,7747.646484375
32555.6796875,7710.26171875
32478.763671875,7643.83837890625
32549.205078125,7573.38525390625
32652.0703125,7576.49365234375
32752,7609.1044921875
32854.20703125,7634.23486328125
32950.734375,7673.71337890625
32997.45703125,7670.58154296875
33092.49609375,7696.84716796875
33191.62109375,7732.212890625
33292.22265625,7763.158203125
33361.94140625,7819.9052734375
33461.77734375,7803.57470703125
33564.15625,7827.33056640625
33665.78515625,7851.48583984375
33769.56640625,7867.69287109375
33861.53125,7907.9443359375
33840.1328125,7877.0224609375
33740.60546875,7844.42138671875
33648.7578125,7795.59326171875
33562.9921875,7757.09521484375
33467.9375,7722.640625
33378.3203125,7673.60400390625
33283.27734375,7630.28369140625
33193.68359375,7576.74267578125
33211.86328125,7488.69384765625
33309.19921875,7466.44873046875
33413.82421875,7478.08154296875
33517.92578125,7493.529296875
33619.421875,7517.03955078125
33716.87109375,7549.37353515625
33815.0234375,7578.11279296875
33911.12890625,7616.22998046875
34011.62109375,7630.20947265625
34091.859375,7664.8603515625
34184.48828125,7682.81884765625
34262.20703125,7726.65380859375
34325.09375,7714.0947265625
34231.8359375,7665.3779296875
34140.53125,7613.65087890625
34045.00390625,7569.953125
33963.41015625,7514.67626953125
33863.625,7481.78466796875
33773.65625,7433.71533203125
33685.4921875,7389.74560546875
33591.24609375,7342.91748046875
33495.65234375,7299.03857421875
33398.65625,7258.75
33358.68359375,7171.2861328125
33429.89453125,7105.8310546875
33528.32421875,7107.59521484375
33630.0625,7128.07080078125
33730.7578125,7155.17724609375
33827.1328125,7195.93798828125
33922.8203125,7238.44091796875
34014.6796875,7288.30908203125
34107.62109375,7329.6337890625
34207.62109375,7358.66455078125
34308.72265625,7379.66162109375
34380.0234375,7390.01611328125
34291.80859375,7336.0068359375
34215.21875,7295.892578125
34128.6484375,7236.80712890625
34037.68359375,7189.17431640625
33953.97265625,7142.8173828125
33863.3203125,7089.45849609375
33778.0859375,7041.4130859375
33703.17578125,6972.744140625
33686.12109375,6877.892578125
33774.9296875,6835.19677734375
33859.59375,6843.0107421875
33957.5625,6878.73974609375
34045.578125,6932.0595703125
34131.1171875,6973.4453125
34227.171875,7011.39501953125
34325.33203125,7045.099609375
34409.98828125,7098.41796875
34498.88671875,7108.95068359375
34594.56640625,7143.33837890625
34653.1953125,7107.263671875
34568.4453125,7050.16064453125
34483.51171875,6990.1630859375
34414.08203125,6931.8447265625
34324.2421875,6878.5517578125
34241.41015625,6826.1416015625
34181.5703125,6759.638671875
34093.81640625,6705.07763671875
34026.90234375,6627.22705078125
34054.515625,6529.91259765625
34148.58984375,6498.09033203125
34249.5859375,6495.30908203125
34350.9140625,6523.8173828125
34434.8984375,6576.3046875
34531.5078125,6612.98046875
34624.70703125,6644.0859375
34723.9296875,6675.4111328125
34821.5078125,6713.42236328125
34912.4609375,6753.64501953125
35004.3984375,6787.55126953125
35105.296875,6805.994140625
35195.6953125,6820.99658203125
35289.9453125,6859.5107421875
35221.64453125,6912.12890625
35116.69921875,6907.26611328125
35017.31640625,6884.84423828125
34953.42578125,6879.599609375
34908.52734375,6855.18603515625
34815.921875,6824.95849609375
34726.26953125,6791.80126953125
34629.86328125,6755.970703125
34533.6875,6720.4189453125
34435.7578125,6683.24365234375
34337.01171875,6648.24755859375
34243.7265625,6612.98193359375
34247.5546875,6665.30517578125
34323.08984375,6726.12939453125
34384.12109375,6804.2265625
34475.4765625,6849.9140625
34554.09375,6919.90087890625
34637.98828125,6982.11962890625
34710.0625,7050.13134765625
34785.79296875,7119.8349609375
34749.6484375,7186.4501953125
34720.3671875,7234.34228515625
34615.45703125,7227.7890625
34513.54296875,7205.02001953125
34429.66015625,7185.37353515625
34335.28515625,7156.87939453125
34242.609375,7118.60302734375
34146.33984375,7079.8056640625
34159.30859375,7119.9189453125
34245.21875,7179.96044921875
34324.6171875,7249.05224609375
34417.85546875,7293.2314453125
34499.3359375,7359.708984375
34570.5,7430.79248046875
34558.3203125,7507.58447265625
34458.04296875,7525.072265625
34362.13671875,7484.69189453125
34291.1953125,7468.97998046875
34192.04296875,7434.630859375
34097.71484375,7396.4501953125
33997.90625,7367.77392578125
33899.15234375,7332.32763671875
33801.55859375,7305.63720703125
33773.58203125,7319.69091796875
33859.59375,7379.44873046875
33956.57421875,7415.5517578125
34049.2578125,7464.76025390625
34127.62109375,7527.2314453125
34225.6015625,7558.19091796875
34323.40234375,7596.716796875
34403.1875,7642.91943359375
34497.47265625,7679.73291015625
34552.46875,7768.1220703125
34477.6640625,7814.74853515625
34372.4453125,7813.0517578125
34268.11328125,7800.03662109375
34166.21875,7775.37744140625
34066.0546875,7758.4931640625
33969.80078125,7722.5107421875
33873.76953125,7692.96728515625
33777.7265625,7677.556640625
33732.80078125,7692.52978515625
33825.1640625,7737.283203125
33912.73828125,7787.2294921875
34006.63671875,7805.7177734375
34102.64453125,7848.70263671875
34194.30078125,7899.84130859375
34288.76171875,7942.79052734375
34379.9921875,7988.86962890625
34470.00390625,8015.1767578125
34553.76953125,8072.98583984375
34643.28515625,8119.95556640625
34723.6484375,8130.15234375
34799.4453125,8193.80615234375
34893.5625,8218.3037109375
34994.734375,8239.587890625
35059.11328125,8310.533203125
34993.828125,8371.845703125
34892.4453125,8344.6328125
34795.91796875,8302.84375
34697.68359375,8266.0859375
34597.81640625,8234.083984375
34498.2734375,8202.6376953125
34405.83203125,8161.3330078125
34303.18359375,8146.2529296875
34205.94140625,8112.77490234375
34108.2734375,8079.11962890625
34009.96484375,8043.91162109375
33910.58984375,8015.8232421875
33809.65625,7987.77490234375
33708.7890625,7957.94189453125
33605.62890625,7940.6494140625
33508.40625,7906.08056640625
33404.078125,7892.091796875
33427.2265625,7934.63916015625
33526.4296875,7969.22216796875
33620.87890625,8015.33837890625
33707.90625,8069.68408203125
33806.3125,8105.59033203125
33898.5546875,8153.4765625
33990,8201.97265625
34082.40625,8249.61328125
34165.08984375,8303.1005859375
34246.62890625,8349.9931640625
34199.5078125,8417.2099609375
33916.375,7911.0234375
34296.9296875,7777.65771484375
34479.91796875,7719.5283203125
33598.05078125,7634.94580078125
34269.484375,7235.443359375
34044.8515625,7039.765625
34790.0078125,6782.24267578125
24888,8375
24790.138671875,8357.8759765625
24694.328125,8332.921875
24603.322265625,8290.03125
24521.72265625,8242.41015625
24605.744140625,8251.28125
24707.11328125,8276.1142578125
24804.173828125,8301.171875
24906.970703125,8319.18359375
25010.50390625,8329.5107421875
25034.4296875,8348.5751953125
24991.099609375,8374.412109375
37730,8000
37675.6875,7912.7197265625
37640.43359375,7817.98486328125
37603.375,7723.60791015625
37557.6171875,7630.40380859375
37526.14453125,7549.931640625
37495.10546875,7462.40283203125
37471.86328125,7391.8212890625
37420.91015625,7310.5
37403.2265625,7222.146484375
37350.1953125,7144.0166015625
37391.7890625,7086.03271484375
37445.54296875,7171.57421875
37449.4453125,7260.8583984375
37525.85546875,7288.65673828125
37552.7890625,7389.84423828125
37606.55859375,7478.17333984375
37647.4609375,7574.3857421875
37679.6171875,7665.81201171875
37720.28515625,7757.05029296875
37754.96484375,7817.1142578125
37782.921875,7911.359375
37748.6640625,7994.01416015625
30040,7909
36739,7688
36742.3125,7586.58447265625
36734.34375,7497.630859375
36734.94140625,7400.63134765625
36744.27734375,7295.779296875
36733.265625,7194.6298828125
36718.8515625,7090.55029296875
36712.66796875,7004.0908203125
36693.80078125,6898.490234375
36693.55078125,6791.1328125
36681.83984375,6698.46435546875
36743.359375,6744.21533203125
36781.4296875,6843.4130859375
36786.9765625,6938.0927734375
36807.98046875,7040.98779296875
36814.65625,7144.6748046875
36826.359375,7240.482421875
36842.41796875,7346.681640625
36851.50390625,7444.89990234375
36829.83203125,7545.0224609375
36826.1171875,7652.21728515625
7730,7360
24150,7121
24089.318359375,7038.67626953125
24029.427734375,6952.056640625
23971.189453125,6865.20751953125
23919.623046875,6780.76171875
23869.998046875,6690.73193359375
23811.59375,6609.30712890625
23781.255859375,6522.7138671875
23710.150390625,6445.1708984375
23651.61328125,6370.353515625
23621.7109375,6274.29638671875
23580.90234375,6177.83447265625
23540.23828125,6092.166015625
23474.216796875,6015.44287109375
23463.8984375,5913.79150390625
23415.185546875,5825.5830078125
23371.84765625,5731.75439453125
23356.19140625,5636.7880859375
23318.22265625,5540.2197265625
23277.693359375,5446.91455078125
23234.09765625,5351.29296875
23215.58984375,5248.31005859375
23171.828125,5160.86279296875
23175.3046875,5067.205078125
23170.849609375,5017.78515625
23239.009765625,5087.45166015625
23261.142578125,5190.169921875
23303.3515625,5284.2080078125
23331.4140625,5385.009765625
23369.392578125,5482.87255859375
23403.236328125,5580.54443359375
23427.62890625,5678.3525390625
23468.591796875,5771.822265625
23514.431640625,5863.7216796875
23562.572265625,5952.185546875
23591.740234375,5904.62744140625
23561.984375,5808.30615234375
23528.673828125,5709.8671875
23490.70703125,5616.1201171875
23465.494140625,5514.07861328125
23429.314453125,5420.62646484375
23417.609375,5331.65185546875
23404.412109375,5255.5341796875
23392.458984375,5150.89453125
23370.447265625,5059.96923828125
23366.302734375,4955.61669921875
23368.28125,4858.7060546875
23357.474609375,4796.8671875
23418.365234375,4834.1787109375
23442.908203125,4933.3984375
23456.640625,5030.97412109375
23478.60546875,5115.0634765625
23493.00390625,5212.06591796875
23513.845703125,5314.6318359375
23537.69140625,5413.806640625
23569.78515625,5505.09130859375
23592.33203125,5593.1796875
23592.490234375,5677.49462890625
23644.025390625,5765.583984375
23689.4375,5860.587890625
23712.626953125,5956.2041015625
23746.5546875,6030.302734375
23787.189453125,6119.70751953125
23828.73828125,6208.8857421875
23868.013671875,6299.93310546875
23900.857421875,6388.93603515625
23962.58984375,6474.09423828125
24017.01953125,6562.01953125
23983.28515625,6606.0986328125
23908.619140625,6536.99658203125
23846.583984375,6452.50732421875
23809.357421875,6358.73974609375
23757.349609375,6270.32177734375
23715.908203125,6173.94287109375
23681.5,6078.3388671875
23631.8671875,5989.65380859375
23599.90234375,6059.90087890625
23654.796875,6148.24267578125
23697.603515625,6241.54248046875
23740.87890625,6333.478515625
23798.392578125,6419.4921875
23846.33984375,6500.439453125
23905.390625,6585.4765625
23942.69140625,6667.25732421875
24003.818359375,6749.32275390625
24068.3046875,6832.6005859375
24137.0625,6912.0234375
24199.35546875,6996.33447265625
24249.61328125,7086.64208984375
24210.140625,7148.20361328125
23241.337890625,5245.4248046875
36430,7039
36384.3828125,6946.037109375
36351.7734375,6852.912109375
36310.984375,6762.22900390625
36263.58984375,6668.59765625
36222.7578125,6575.234375
36170.03515625,6486.0439453125
36129.6953125,6389.8798828125
36068.45703125,6304.5966796875
36023.96484375,6211.732421875
35966.18359375,6130.54150390625
35897.5078125,6056.01171875
35929.44140625,5967.458984375
35986.6015625,6034.9853515625
36029.12109375,6083.716796875
36083.734375,6163.68408203125
36134.421875,6235.83642578125
36191.00390625,6317.12109375
36232.12109375,6408.79052734375
36286.1328125,6496.67138671875
36328.63671875,6584.9150390625
36356.25,6685.30224609375
36406.44140625,6771.7255859375
36456.7265625,6858.69873046875
36490.35546875,6957.91796875
36505.21875,7028.05908203125
36450.38671875,7063.669921875
34965,6640
34880.66015625,6600.587890625
34802.9296875,6541.666015625
34716.24609375,6493.6728515625
34644.85546875,6424.03759765625
34553.03515625,6380.318359375
34490.8828125,6296.5673828125
34438.73828125,6210.57763671875
34405.0859375,6118.6728515625
34473.87109375,6044.0107421875
34573.21484375,6025.9716796875
34656.98828125,6088.2685546875
34756.18359375,6119.3798828125
34844.375,6161.8046875
34922.3828125,6224.39453125
35015.56640625,6269.458984375
35111.58203125,6292.9296875
35185.6953125,6308.9072265625
35102.859375,6244.44482421875
35016.35546875,6184.888671875
34928.453125,6128.94140625
34847.4921875,6061.8427734375
34765.44140625,6005.94921875
34677.76953125,5956.2587890625
34591.2265625,5898.98486328125
34505.00390625,5845.11572265625
34429.51953125,5793.0400390625
34351.10546875,5740.0078125
34260.5625,5690.26513671875
34175.93359375,5645.09423828125
34082.33984375,5597.0927734375
34008.3359375,5554.53515625
33991.90234375,5469.1572265625
34074.89453125,5424.98876953125
34166.75390625,5457.69873046875
34253.78125,5501.74365234375
34343.265625,5555.28759765625
34443.30859375,5587.880859375
34537.31640625,5634.86865234375
34634.76171875,5667.51025390625
34672.70703125,5631.634765625
34603.87890625,5566.1435546875
34532.91015625,5519.37890625
34451.91015625,5460.404296875
34362.81640625,5405.486328125
34267.9453125,5359.92626953125
34178.8671875,5311.5244140625
34109.29296875,5242.85107421875
34026.1171875,5187.1357421875
34091.82421875,5143.64306640625
34195.140625,5157.56103515625
34288.24609375,5206.01806640625
34372.1328125,5267.41943359375
34457.3984375,5328.7080078125
34555.125,5363.30517578125
34642.4921875,5421.8876953125
34729.70703125,5479.58349609375
34820.421875,5520.9658203125
34915.890625,5563.904296875
35000.19921875,5625.73583984375
35094.8125,5671.03857421875
35177.19921875,5735.0693359375
35253.45703125,5801.37255859375
35332.5546875,5870.12060546875
35404.78125,5942.978515625
35481.16796875,6015.35791015625
35561.73046875,6081.5185546875
35629.65234375,6157.92822265625
35704.734375,6231.1171875
35775.37890625,6309.13330078125
35814.45703125,6383.240234375
35850.28125,6438.837890625
35761.796875,6385.63818359375
35700.1875,6318.041015625
35664.0703125,6275.03515625
35590.18359375,6209.96533203125
35549.5703125,6139.54443359375
35458.3046875,6093.28564453125
35404.265625,6036.0302734375
35366.05859375,6006.22412109375
35294.9375,5940.45068359375
35217.109375,5894.767578125
35142.38671875,5823.724609375
35053.65234375,5821.62548828125
35028.83984375,5868.11376953125
35005.62890625,5930.89306640625
34922.5390625,5870.9208984375
34838.98046875,5809.31298828125
34737.578125,5783.177734375
34643.70703125,5782.66552734375
34713.8125,5857.0205078125
34789.2578125,5895.47607421875
34875.49609375,5954.1484375
34962.53515625,6012.25537109375
35049.7890625,6069.93505859375
35131.05859375,6128.57470703125
35218.9296875,6186.3564453125
35302.12890625,6249.017578125
35392.3359375,6303.14453125
35478.6484375,6363.34814453125
35564.0390625,6423.728515625
35586.47265625,6518.92578125
35493.484375,6548.2568359375
35394.71484375,6512.79736328125
35325.06640625,6471.5693359375
35235.56640625,6453.787109375
35140.6875,6413.69189453125
35046.51953125,6376.41015625
34951.73046875,6336.09521484375
34897.015625,6326.9052734375
34837.89453125,6261.82958984375
34745.359375,6241.30029296875
34648.01953125,6201.88525390625
34585.41015625,6211.57373046875
34647.1484375,6294.63525390625
34723.375,6366.71533203125
34801.5,6432.494140625
34887.01953125,6484.4609375
34963.90234375,6556.31787109375
34976.375,6600.3232421875
34914.8828125,6563.83056640625
34707.04296875,6392.34130859375
35157.8984375,6363.55078125
20450,6608
20394.078125,6523.21533203125
20348.548828125,6437.1826171875
20309.7578125,6437.2373046875
20272.041015625,6355.22607421875
20208.046875,6289.626953125
20133.2890625,6221.2197265625
20104.93359375,6122.05712890625
20187.90234375,6087.3427734375
20284.515625,6121.201171875
20385.955078125,6142.14990234375
20432.9921875,6112.05908203125
20362.98046875,6033.447265625
20303.599609375,5955.021484375
20246.5703125,5910.02099609375
20235.1484375,5819.33349609375
20335.177734375,5808.16943359375
20400.796875,5822.89990234375
20459.703125,5822.0771484375
20434.06640625,5753.08642578125
20364.66796875,5691.02392578125
20287.318359375,5629.775390625
20257.09765625,5545.54833984375
20299.240234375,5505.1669921875
20357.646484375,5467.1826171875
20345.953125,5389.05859375
20431.529296875,5333.521484375
20397.87109375,5274.849609375
20309.09375,5236.4970703125
20305.685546875,5172.49267578125
20376.23828125,5121.8369140625
20467.171875,5165.85791015625
20550.29296875,5221.82958984375
20634.654296875,5276.134765625
20711.560546875,5345.19580078125
20784.486328125,5410.13818359375
20769.990234375,5507.5849609375
20731.072265625,5562.45166015625
20804.6328125,5632.12353515625
20857.294921875,5716.52099609375
20790.970703125,5787.0029296875
20690.1328125,5773.048828125
20698.56640625,5823.30126953125
20720.552734375,5920.01806640625
20678.140625,5979.9208984375
20594.81640625,5986.94091796875
20493.12890625,5961.32958984375
20513.955078125,6013.14208984375
20520.181640625,6076.01708984375
20575.248046875,6148.9697265625
20599.919921875,6194.8291015625
20551.875,6278.35693359375
20451.798828125,6270.4912109375
20361.6796875,6276.38720703125
20415.46484375,6354.15673828125
20482.923828125,6430.0732421875
20549.345703125,6506.46435546875
20558.373046875,6600.671875
20458.42578125,6615.1884765625
20403.755859375,6442.38818359375
20200.109375,6198.22216796875
16140,6552
16030.76171875,6537.27783203125
15924.6162109375,6507.5810546875
15867.94921875,6447.6083984375
15933.4365234375,6430.9951171875
16042.0234375,6420.79248046875
16150.3798828125,6440.42236328125
16258.9482421875,6459.53759765625
16327.1103515625,6527.00439453125
16245.478515625,6553.06689453125
15415,6412
15311.912109375,6398.8818359375
15220.009765625,6366.63134765625
15295.146484375,6298.96826171875
15399.99609375,6294.86865234375
15504.04296875,6284.919921875
15586.1806640625,6321.62890625
15686.0478515625,6323.70947265625
15722.017578125,6374.5673828125
15622.57421875,6393.80517578125
15519.1318359375,6407.22119140625
15794,6315
15693.8388671875,6286.42529296875
15600.1494140625,6245.90966796875
15514.845703125,6185.12353515625
15423.6396484375,6137.78125
15343.0087890625,6076.896484375
15249.701171875,6028.31982421875
15154.54296875,5986.5302734375
15185.681640625,5896.8818359375
15282.4169921875,5898.818359375
15375.310546875,5946.4609375
15450.08984375,6017.5029296875
15545.9765625,6052.74755859375
15605.4345703125,6101.3193359375
15697.9970703125,6148.173828125
15793.068359375,6188.83154296875
15793.525390625,6151.708984375
15724.3017578125,6085.9326171875
15689.029296875,6036.64208984375
15632.173828125,5959.716796875
15602.1513671875,5870.935546875
15685.533203125,5823.96240234375
15765.865234375,5859.119140625
15861.861328125,5892.4462890625
15948.5439453125,5921.2333984375
16003.875,5936.552734375
15941.3984375,5864.212890625
15887.67578125,5787.4296875
15962.2822265625,5722.6435546875
16059.1640625,5724.7890625
16155.2568359375,5765.79638671875
16112.736328125,5721.65576171875
16128.48046875,5628.35546875
16221.025390625,5581.6416015625
16324.8564453125,5588.169921875
16402.6982421875,5582.0947265625
16326.3154296875,5522.5185546875
16281.8115234375,5450.27587890625
16331.2763671875,5360.916015625
16433.43359375,5349.43505859375
16532.5625,5369.50341796875
16621.283203125,5422.8701171875
16702.0546875,5448.2490234375
16753.06640625,5408.44140625
16690.619140625,5336.80810546875
16609.62109375,5288.0859375
16533.474609375,5226.28076171875
16486.234375,5155.3544921875
16562.712890625,5093.0771484375
16667.9140625,5093.23193359375
16772.16796875,5087.548828125
16725.03515625,5016.01123046875
16648.3515625,4951.044921875
16613.97265625,4863.1337890625
16672.00390625,4797.10986328125
16743.61328125,4773.8876953125
16661.302734375,4708.724609375
16605.328125,4625.4296875
16512.19921875,4592.5986328125
16407.623046875,4582.40966796875
16357.578125,4512.125
16443.705078125,4483.16845703125
16543.677734375,4486.2451171875
16639.072265625,4499.79248046875
16738.73046875,4523.71728515625
16838.80078125,4536.84228515625
16940.26171875,4564.4912109375
17043.1796875,4582.7939453125
17142.49609375,4615.3623046875
17232.94921875,4595.373046875
17324.0234375,4634.99560546875
17286.359375,4710.0859375
17190.203125,4694.26171875
17098.84375,4686.14990234375
16997.392578125,4674.6591796875
16900.099609375,4654.73193359375
16811.9609375,4651.7783203125
16857.625,4727.1484375
16924.666015625,4786.05224609375
16935.880859375,4866.771484375
16843.9609375,4907.3515625
16870.01171875,4992.15380859375
16941.646484375,5059.814453125
16959.298828125,5158.32958984375
16896.8359375,5213.7734375
16799.541015625,5241.18603515625
16859.337890625,5313.6025390625
16906.5234375,5387.52294921875
16938.173828125,5482.95849609375
16885.07421875,5563.728515625
16783.380859375,5574.7001953125
16680.24609375,5555.1669921875
16666.41796875,5571.38330078125
16717.74609375,5627.78662109375
16805.2890625,5675.7021484375
16788.87109375,5757.80712890625
16691.7265625,5777.23046875
16590.505859375,5748.5478515625
16487.3125,5728.6982421875
16412.255859375,5754.08837890625
16487.66796875,5824.7802734375
16577.861328125,5876.755859375
16651.984375,5947.021484375
16656.37890625,6028.72119140625
16555.5234375,6054.10595703125
16452.458984375,6035.39697265625
16356.2314453125,5994.2470703125
16298.7021484375,6035.7998046875
16231.2373046875,6108.22802734375
16127.7216796875,6108.69384765625
16027.8447265625,6084.69677734375
15968.9873046875,6116.3759765625
15992.953125,6216.2646484375
15950.3154296875,6298.1162109375
15864.23828125,6322.64111328125
16841.416015625,5545.96484375
16713.15625,4668.23583984375
14495,6309
14390.615234375,6300.8232421875
14290.6884765625,6270.2080078125
14293.2197265625,6184.35888671875
14396.572265625,6184.39990234375
14501.341796875,6198.8564453125
14607.658203125,6206.98779296875
14695.2021484375,6185.94873046875
14788.96484375,6160.3955078125
14895.2919921875,6151.4033203125
14987.1064453125,6161.03125
15064.4912109375,6207.970703125
14982.4833984375,6223.744140625
14900.44140625,6225.57177734375
14817.7509765625,6212.57568359375
14730.2265625,6266.0966796875
14636.048828125,6309.69775390625
14529.298828125,6312.697265625
18398,6285
18295.29296875,6264.52099609375
18207.92578125,6226.6875
18206.794921875,6132.38134765625
18306.984375,6139.26416015625
18406.26953125,6165.07177734375
18418.228515625,6114.77490234375
18338.87109375,6052.7275390625
18280.96484375,5970.1767578125
18299.8125,5900.30712890625
18398.8359375,5896.263671875
18489.501953125,5944.7392578125
18586.4296875,5946.1474609375
18536.48828125,5894.07421875
18451.732421875,5833.81591796875
18375.138671875,5777.7724609375
18381.6796875,5704.357421875
18470.8828125,5667.6259765625
18565.703125,5708.99658203125
18549.763671875,5648.38232421875
18506.2734375,5577.43701171875
18536.951171875,5506.91259765625
18619.486328125,5449.1591796875
18569.611328125,5371.31884765625
18498.845703125,5302.4140625
18433.802734375,5223.0107421875
18471.68359375,5135.88671875
18434.345703125,5065.60791015625
18365.791015625,4995.86962890625
18321.005859375,4904.34423828125
18266.822265625,4816.423828125
18225.65625,4720.0244140625
18187.21484375,4629.14697265625
18148.962890625,4541.4521484375
18182.09375,4556.54736328125
18250.349609375,4622.13671875
18302.763671875,4707.8056640625
18393.40625,4737.55322265625
18482.373046875,4778.111328125
18544.986328125,4862.26220703125
18625.4765625,4926.7265625
18709.66015625,4988.08544921875
18784.412109375,5061.3134765625
18784.34375,5160.83154296875
18701.09765625,5210.8408203125
18663.634765625,5268.0830078125
18726.271484375,5349.7646484375
18797.06640625,5427.42138671875
18823.765625,5497.58056640625
18766.263671875,5567.8193359375
18719.85546875,5606.9375
18801.08984375,5670.07470703125
18857.45703125,5751.20751953125
18819.5078125,5831.17919921875
18723.96875,5867.0283203125
18748.1015625,5945.82470703125
18750.171875,6003.30078125
18711.818359375,6060.7802734375
18615.857421875,6095.98486328125
18605.666015625,6177.98486328125
18562.84765625,6266.70263671875
18462.740234375,6286.30078125
18616.1171875,5093.3603515625
18543.26171875,5017.9775390625
18469.76953125,5006.71337890625
18502.314453125,5100.0068359375
18602.416015625,5115.32861328125
18419.623046875,4909.86767578125
22908,6082
22856.755859375,5997.6669921875
22889.708984375,5902.36767578125
22939.5703125,5817.23095703125
23037.068359375,5803.828125
23047.73046875,5891.541015625
22988.388671875,5960.15869140625
22985.853515625,6058.19580078125
22699,6017
22738.349609375,5938.2998046875
22791.62890625,5985.26171875
14210,5937
14123.1484375,5886.578125
14033.7041015625,5839.9541015625
13945.302734375,5782.20849609375
13847.6435546875,5742.33935546875
13766.0302734375,5687.2802734375
13664.748046875,5664.36669921875
13723.865234375,5593.58154296875
13803.4072265625,5611.6533203125
13887.755859375,5648.88037109375
13985.8154296875,5692.04638671875
14076.1953125,5741.9208984375
14161.3125,5799.05419921875
14252.505859375,5847.97900390625
14275.0732421875,5938.35693359375
13995.9384765625,5795.7080078125
22210,5870
22132.650390625,5799.38232421875
22051.615234375,5732.0185546875
21989.345703125,5774.10205078125
21935.87109375,5777.8720703125
21898.1015625,5690.498046875
21967.427734375,5614.43310546875
22062.10546875,5609.046875
22151.34375,5661.658203125
22211.421875,5688.64501953125
22264.2578125,5648.37548828125
22346.787109375,5697.09912109375
22274.6953125,5763.69970703125
22288.95703125,5847.1533203125
21431,5728
21425.89453125,5623.77001953125
21422.158203125,5544.59765625
21431.6484375,5440.521484375
21422.3203125,5340.6806640625
21419.767578125,5236.2255859375
21428.185546875,5149.21875
21513.99609375,5131.95068359375
21520.146484375,5223.173828125
21538.80859375,5316.859375
21541.119140625,5421.32080078125
21538.056640625,5525.765625
21522.58984375,5624.22412109375
21487.572265625,5668.19140625
21496.21875,5705.74072265625
21690,5523
21680.3515625,5436.03125
21734.376953125,5421.7578125
21802.765625,5488.02734375
21775.904296875,5557.1787109375
33113,5344
33028.04296875,5286.751953125
32954.09765625,5255.830078125
32879.484375,5230.82275390625
32872.41015625,5182.107421875
32809.40625,5172.60498046875
32728.248046875,5140.712890625
32629.60546875,5102.77392578125
32529.595703125,5068.03466796875
32437.294921875,5020.0322265625
32350.072265625,4976.89990234375
32253.505859375,4938.7548828125
32165.939453125,4881.5810546875
32078.580078125,4825.74072265625
32132.427734375,4767.1025390625
32230.103515625,4800.56298828125
32328.8515625,4839.01806640625
32418.064453125,4889.8427734375
32514.0625,4932.92529296875
32597.013671875,4989.68212890625
32679.10546875,5040.5390625
32715.48046875,5077.1181640625
32801.31640625,5123.40625
32895.32421875,5144.33837890625
32979.76171875,5201.2919921875
33076.625,5244.1845703125
33167.96484375,5297.958984375
33144.546875,5356.69091796875
20773,5219
20808.94140625,5140.16845703125
20893.177734375,5105.8134765625
20982.875,5147.10400390625
20963.775390625,5229.09765625
20868.67578125,5211.06005859375
33816,5210
33720.34765625,5176.8427734375
33618.44921875,5162.767578125
33551.75390625,5146.5078125
33451.81640625,5122.669921875
33353.37890625,5090.8583984375
33251.86328125,5073.693359375
33160.56640625,5030.2509765625
33065.9609375,5028.75146484375
33013.859375,4964.3525390625
33081.37890625,4944.76025390625
33180.5703125,4966.4013671875
33281.86328125,4988.30078125
33356.44921875,5001.6630859375
33446.34375,5038.17431640625
33546.3828125,5061.5634765625
33646.6484375,5083.59619140625
33746.58984375,5111.0595703125
33848.19140625,5130.66650390625
33913.375,5197.66259765625
21076,5183
21142.962890625,5111.65966796875
21168.369140625,5175.52734375
20605,5160
20588.51953125,5084.0009765625
20682.380859375,5057.904296875
20698.185546875,5139.8818359375
19366,5133
19420.8515625,5060.888671875
19465.681640625,4992.9775390625
19368.880859375,5027.05322265625
19306.646484375,5022.23974609375
19295.59375,4954.44580078125
19330.703125,4912.05908203125
19433.115234375,4898.31396484375
19535.66015625,4906.66650390625
19614.4765625,4912.31591796875
19699.162109375,4854.37060546875
19788.150390625,4834.3798828125
19793.375,4917.75244140625
19704.189453125,4968.09228515625
19622.978515625,5027.53466796875
19533.970703125,5074.2529296875
19454.2734375,5128.8486328125
19832,5114
19846.43359375,5025.05322265625
19885.412109375,4925.59716796875
19925.451171875,4836.466796875
19992.076171875,4755.6748046875
20039.31640625,4830.21923828125
19994.80078125,4920.267578125
19958.376953125,5017.58544921875
19895.990234375,5104.66064453125
19870.19921875,5084.3720703125
20118,5108
20055.1875,5050.7919921875
20148.658203125,5005.3349609375
20260.310546875,5008.58642578125
20299.728515625,5099.11279296875
20207.572265625,5088.025390625
32025,5050
31929.91796875,5017.732421875
31844.810546875,5018.986328125
31745.91796875,4995.56201171875
31642.400390625,4976.4833984375
31542.8671875,4941.5615234375
31449.447265625,4895.0947265625
31369.998046875,4888.7900390625
31273.85546875,4864.9736328125
31173.189453125,4833.4658203125
31072.732421875,4801.849609375
30969.99609375,4780.74072265625
30869.748046875,4758.6611328125
30834.51953125,4784.90771484375
30923.166015625,4802.2158203125
30904.88671875,4839.66015625
30825.25,4822.693359375
30760.373046875,4822.6416015625
30664.734375,4783.70263671875
30561.234375,4764.60400390625
30463.4921875,4729.1337890625
30375.103515625,4691.5244140625
30320.1484375,4665.869140625
30222.69921875,4629.865234375
30128.029296875,4600.02392578125
30025.662109375,4578.4033203125
29926.81640625,4544.91357421875
29825.474609375,4515.5068359375
29767.287109375,4459.99658203125
29863.701171875,4442.416015625
29965.9765625,4468.3251953125
30068.470703125,4491.50146484375
30163.095703125,4532.7978515625
30261.708984375,4568.79248046875
30362.353515625,4600.15576171875
30459.119140625,4636.14990234375
30555.958984375,4677.7373046875
30652.791015625,4712.595703125
30751.01953125,4738.458984375
30789.626953125,4660.888671875
30894.97265625,4659.94921875
30999.177734375,4675.7197265625
31098.37890625,4711.46533203125
31194.578125,4752.17724609375
31277.177734375,4776.572265625
31376.087890625,4808.4384765625
31477.005859375,4839.00634765625
31570.853515625,4882.97998046875
31666.12109375,4916.4228515625
31762.80078125,4940.2578125
31851.677734375,4974.97021484375
31954.18359375,4995.67626953125
32056.677734375,5006.50244140625
32150.169921875,5034.52490234375
32067.880859375,5054.52490234375
30465.265625,4701.66015625
30345.1640625,4624.35302734375
23147,4994
23112.5859375,4899.61767578125
23117.947265625,4820.103515625
23091.091796875,4755.3935546875
23132.216796875,4734.70068359375
23173.130859375,4826.58251953125
23182.720703125,4934.337890625
18871,4948
18785.943359375,4883.015625
18701.78515625,4820.3564453125
18629.921875,4760.12353515625
18540.03515625,4705.16748046875
18470.34375,4646.3125
18547.037109375,4603.06591796875
18649.140625,4629.90966796875
18723.470703125,4705.328125
18809.40625,4768.9521484375
18885.8203125,4840.54345703125
18955.31640625,4915.841796875
29927,4954
29825.08984375,4935.6025390625
29730.615234375,4924.33544921875
29682.56640625,4881.4697265625
29787.5703125,4887.11279296875
29886.93359375,4909.955078125
29585,4886
29632.361328125,4871.4111328125
28235,4823
28138.931640625,4789.89208984375
28053.138671875,4787.97998046875
27989.111328125,4777.1005859375
27935,4730.447265625
27858.169921875,4748.2216796875
27758.294921875,4723.62890625
27658.609375,4703.01025390625
27569.619140625,4666.86083984375
27479.046875,4652.2177734375
27377.79296875,4626.52099609375
27279.591796875,4589.826171875
27183.8984375,4558.40625
27088.6953125,4525.52783203125
26995.68359375,4487.470703125
26901.615234375,4454.5205078125
26804.177734375,4419.6416015625
26716.498046875,4363.2109375
26621.0625,4322.083984375
26530.919921875,4284.4287109375
26436.439453125,4251.62939453125
26376.853515625,4236.451171875
26292.328125,4225.90869140625
26193.1953125,4197.86767578125
26127.142578125,4170.63916015625
26028.7578125,4152.73046875
25931.458984375,4113.33154296875
25979.8671875,4059.513916015625
26082.419921875,4075.432861328125
26168.451171875,4111.938232421875
26259.966796875,4133.7421875
26347.20703125,4163.7626953125
26430.095703125,4185.81689453125
26530.86328125,4180.2470703125
26620.4921875,4198.15380859375
26706.201171875,4255.927734375
26797.341796875,4302.7607421875
26892.359375,4346.541015625
26982.8984375,4399.37890625
27074.54296875,4447.4404296875
27172.876953125,4481.30322265625
27263.447265625,4512.10595703125
27361.021484375,4544.47265625
27456.47265625,4563.865234375
27559.384765625,4584.25
27650.677734375,4616.66064453125
27741.765625,4659.56591796875
27842.193359375,4687.86962890625
27938.169921875,4712.38525390625
28036.513671875,4728.55859375
28137.974609375,4748.81884765625
28237.44140625,4778.10595703125
28325.583984375,4784.4091796875
28384.1484375,4825.4853515625
28284.833984375,4828.7451171875
17650,4722
17631.43359375,4655.83154296875
17716.80859375,4599.60498046875
17793.60546875,4535.25
17867.341796875,4468.4814453125
17935.3515625,4402.81591796875
17990.0859375,4446.34228515625
18038.626953125,4514.20556640625
17949.45703125,4557.3857421875
17885.337890625,4619.94287109375
17806.8359375,4681.2353515625
17729.1171875,4691.94384765625
24832,4690
24767.87890625,4637.98681640625
24679.015625,4605.83349609375
24589.712890625,4548.6162109375
24507.43359375,4491.900390625
24435.37890625,4435.1455078125
24353.806640625,4372.04052734375
24271.62109375,4307.0986328125
24189.435546875,4244.0517578125
24116.3359375,4167.2392578125
24039.4453125,4109.302490234375
23961.5234375,4039.98583984375
23886.94921875,3964.367919921875
23820.921875,3883.360595703125
23913.740234375,3856.084228515625
23991.251953125,3921.12451171875
24072.158203125,3988.73974609375
24142.552734375,4062.59765625
24219.361328125,4135.85205078125
24301.8515625,4196.45263671875
24376.48046875,4265.8671875
24460.33203125,4331.0107421875
24543.0546875,4397.47900390625
24623.818359375,4460.21826171875
24692.060546875,4531.50341796875
24780.16015625,4582.41357421875
24873.05078125,4630.42578125
24949.96875,4697.52294921875
24860.23046875,4708.7275390625
23096,4672
23061.85546875,4594.72998046875
23128.943359375,4636.611328125
29420,4605
29347.123046875,4551.013671875
29274.1484375,4511.1748046875
29279.982421875,4460.94287109375
29373.9453125,4487.4833984375
29457.119140625,4538.5810546875
29497.689453125,4614.17626953125
24415,4600
24339.744140625,4547.767578125
24257.18359375,4503.27880859375
24173.609375,4441.44677734375
24084.416015625,4382.171875
24012.126953125,4305.83935546875
23927.154296875,4240.9501953125
23860.42578125,4160.6728515625
23805.26171875,4076.130859375
23770.712890625,3982.42822265625
23863.810546875,3992.14697265625
23925.203125,4075.6962890625
23988.001953125,4162.20751953125
24068.4453125,4218.91357421875
24139.875,4289.9345703125
24207.576171875,4364.32666015625
24294.513671875,4426.74853515625
24375.3046875,4489.5400390625
24457.255859375,4550.55322265625
24510.99609375,4615.6728515625
23440,4559
23402.6796875,4467.0126953125
23379.51171875,4371.2744140625
23359.904296875,4277.19775390625
23370.7265625,4180.32421875
23362.845703125,4080.0791015625
23400.41796875,3993.572509765625
23475.859375,4015.84912109375
23471.103515625,4118.47802734375
23464.77734375,4221.00927734375
23485.2265625,4318.12158203125
23488.66015625,4419.70361328125
23498.3671875,4513.18017578125
26070,4545
25993.28125,4508.64501953125
25935.837890625,4539.8330078125
25938.748046875,4502.85302734375
25835.369140625,4506.22265625
25736.30859375,4479.0673828125
25638.07421875,4444.25732421875
25542.818359375,4425.94140625
25442.98046875,4401.06640625
25352.357421875,4356.22509765625
25249.08984375,4342.529296875
25154.978515625,4300.15234375
25070.0625,4253.64013671875
24976.125,4217.55419921875
24884.853515625,4177.6884765625
24822.7421875,4131.7109375
24739.734375,4093.931640625
24662.513671875,4030.4912109375
24592.068359375,3965.154296875
24519.65234375,3898.3505859375
24474.73828125,3812.473876953125
24546.90625,3755.0517578125
24619.19921875,3812.988037109375
24657.73828125,3888.343505859375
24732.23828125,3949.71826171875
24809.171875,4014.490234375
24893.138671875,4059.507080078125
24963.65625,4128.95361328125
25063.630859375,4152.23828125
25146.908203125,4194.435546875
25233.966796875,4248.02880859375
25321.87109375,4284.3017578125
25419.486328125,4316.5556640625
25516.43359375,4349.52783203125
25616.119140625,4374.708984375
25699.982421875,4413.6318359375
25798.517578125,4442.27734375
25896.1640625,4460.0078125
25993.76953125,4487.7060546875
26097.876953125,4495.12255859375
26168.19140625,4550.49658203125
16024,4445
15942.9326171875,4409.54443359375
15855.595703125,4370.26708984375
15870.7216796875,4298.43994140625
15965.0146484375,4291.85302734375
16065.9296875,4316.80322265625
16136.009765625,4332.65283203125
16105.59375,4411.3134765625
4196,3679
4107.36767578125,3645.227294921875
4019.240966796875,3605.605712890625
3931.825439453125,3560.70849609375
3846.994140625,3526.056884765625
3758.729248046875,3490.826171875
3672.2587890625,3456.12109375
3580.01904296875,3423.443603515625
3498.62109375,3367.946533203125
3427.65625,3299.130859375
3385.014892578125,3213.21240234375
3414.353759765625,3123.885986328125
3495.515869140625,3159.97314453125
3532.1953125,3243.99267578125
3614.533935546875,3297.9267578125
3692.3203125,3345.318603515625
3769.38525390625,3341.3095703125
3696.24658203125,3286.9052734375
3676.60400390625,3220.307861328125
3769.7578125,3215.159912109375
3854.397705078125,3239.524658203125
3943.99072265625,3280.359375
4034.9375,3313.01806640625
4129.83447265625,3336.71923828125
4210.29541015625,3386.16748046875
4292.62646484375,3440.39599609375
4381.96435546875,3447.359375
4373.4169921875,3357.433349609375
4296.30859375,3298.3037109375
4200.21826171875,3275.744873046875
4107.57373046875,3241.436767578125
4023.947998046875,3196.54931640625
3953.3125,3129.354248046875
3887.430908203125,3057.20654296875
3879.869140625,2966.259765625
3973.362548828125,2963.908203125
4044.635498046875,2994.284423828125
4120.78173828125,3050.296875
4216.37939453125,3062.450439453125
4315.08740234375,3059.021484375
4413.7431640625,3059.54736328125
4510.55078125,3066.9384765625
4608.35693359375,3078.788818359375
4706.66796875,3088.704345703125
4805.193359375,3097.112060546875
4903.31591796875,3109.244140625
4999.7763671875,3123.357666015625
5072.5478515625,3151.3388671875
5080.205078125,3216.839599609375
4995.89208984375,3257.184326171875
4906.8583984375,3233.618896484375
4811.57373046875,3212.330322265625
4716.8291015625,3187.520751953125
4632.79638671875,3164.822021484375
4535.53369140625,3174.6953125
4506.07666015625,3248.9248046875
4575.83740234375,3310.393798828125
4646.3896484375,3372.767578125
4738.169921875,3407.542236328125
4818.2255859375,3445.74609375
4823.39306640625,3495.447509765625
4758.8486328125,3552.371337890625
4668.5595703125,3529.668212890625
4599.6796875,3464.873779296875
4541.501953125,3477.48876953125
4483.46826171875,3555.56982421875
4428.81787109375,3631.98779296875
4343.9736328125,3678.777099609375
4245.35302734375,3685.084716796875
4272.69140625,3553.0537109375
4197.35498046875,3494.729736328125
4110.5869140625,3449.106201171875
4022.879638671875,3411.7509765625
3927.861572265625,3395.554443359375
3840.469482421875,3366.34375
3821.74853515625,3401.726806640625
3913.132080078125,3436.476318359375
3991.792236328125,3464.43017578125
4073.75634765625,3518.264404296875
4162.73193359375,3561.3896484375
4256.78662109375,3589.744384765625
4383.86181640625,3171.6083984375
4309.724609375,3140.402587890625
4215.3359375,3142.06982421875
4294.1708984375,3193.829833984375
