9292,37868
9190.0205078125,37852.49609375
9088.6142578125,37835.234375
8991.240234375,37801.8984375
8897.8017578125,37758.32421875
8836.109375,37677.859375
8836.0224609375,37577.8046875
8882.333984375,37493.07421875
8958.279296875,37422.55859375
9034.34765625,37352.015625
9115.755859375,37287.828125
9192.275390625,37218.09375
9267.7294921875,37152.32421875
9330.78125,37071.859375
9373.9150390625,36980.62109375
9430.2724609375,36902.3125
9473.900390625,36808.19140625
9509.9951171875,36711.34765625
9416.90234375,36708.796875
9314.21484375,36708.32421875
9214.525390625,36681.6328125
9119.2275390625,36641.68359375
9031.203125,36586.9375
8960.9775390625,36510.9296875
8914.0458984375,36423.55859375
8906.525390625,36324.21875
8936.8134765625,36229.2421875
8983.578125,36137.79296875
9048.8662109375,36062.15625
9142.9150390625,36018.91015625
9241.0517578125,35988.38671875
9344.75390625,35989.83984375
9446.5380859375,36007.38671875
9541.4658203125,36048.875
9615.42578125,36120.87109375
9689.19140625,36193.76171875
9730.4912109375,36286.26171875
9733.6689453125,36389.91796875
9728.8818359375,36493.5234375
9705.39453125,36594.12109375
9677.4990234375,36693.2734375
9630.310546875,36776.4140625
9583.1806640625,36867.1484375
9540.4521484375,36959.3671875
9479.03515625,37042.671875
9428.65234375,37132.57421875
9366.7587890625,37213.23046875
9304.0009765625,37295.0546875
9225.4853515625,37361.69921875
9139.2451171875,37413.30078125
9065.482421875,37484.45703125
9001.466796875,37565.0234375
9033.1533203125,37649.7109375
9124.240234375,37697.56640625
9225.0556640625,37721.80859375
9327.849609375,37735.35546875
9419.103515625,37738.2109375
9522.7880859375,37737.12109375
9626.2724609375,37730.3359375
9716.67578125,37682.8984375
9799.9619140625,37621.98046875
9870.0625,37548.62109375
9921.115234375,37459.3046875
9974.546875,37374.9453125
10023.25,37293.04296875
10060.3984375,37384.45703125
10030.2880859375,37482.6875
9989.822265625,37573.2734375
9918.859375,37647.8984375
9854.765625,37728.35546875
9774.32421875,37786.3828125
9684.9755859375,37827.87109375
9586.3857421875,37859.30859375
9483.1298828125,37868.46484375
9379.4873046875,37873.03125
9460.205078125,36551.421875
9523.0234375,36484.43359375
9551.09375,36389.890625
9561.869140625,36294.921875
9500.8076171875,36212.1484375
9421.58984375,36146.01171875
9319.5126953125,36131.03515625
9217.3583984375,36145.73828125
9134.9853515625,36206.125
9096.8359375,36301.66796875
9105.5419921875,36402.90625
9160.7626953125,36490.3046875
9252.5078125,36535.76171875
9347.8623046875,36575.88671875
4175,37800
4081.575439453125,37761.46484375
4034.84423828125,37671.4609375
3980.676025390625,37583.52734375
3927.002197265625,37495.3984375
3893.4833984375,37401.375
3852.7001953125,37309.1015625
3808.514404296875,37215.734375
3769.6953125,37120.34765625
3737.857177734375,37022.58984375
3700.803466796875,36926.3671875
3664.476318359375,36832.03515625
3634.193359375,36737.71875
3604.662353515625,36638.7578125
3574.484375,36539.96875
3543.530029296875,36441.41796875
3511.4130859375,36343.2421875
3478.446533203125,36245.34375
3442.07861328125,36148.71484375
3414.687744140625,36050.87890625
3373.053955078125,35958.40625
3340.20068359375,35862.64453125
3299.353759765625,35767.8203125
3262.893798828125,35671.171875
3226.595703125,35574.45703125
3195.685302734375,35476.05859375
3168.097900390625,35376.51171875
3148.114990234375,35275.40625
3122.669921875,35175.9453125
3115.3388671875,35073.08203125
3188.945556640625,35016.24609375
3234.692138671875,35046.6953125
3245.708740234375,35115.5390625
3257.816162109375,35217.37890625
3264.941650390625,35320.328125
3306.015625,35413.3984375
3332.292724609375,35513.23828125
3372.239990234375,35608.38671875
3409.357666015625,35704.05078125
3447.31494140625,35799.47265625
3487.7470703125,35894.515625
3579.94921875,35903.41015625
3683.186767578125,35900.5390625
3786.44189453125,35903.2265625
3889.451171875,35910.77734375
3990.131591796875,35931.08203125
4086.780517578125,35929.55078125
4185.16357421875,35960.98046875
4286.5234375,35980.19140625
4381.162109375,35993.8203125
4432.83642578125,35912.0546875
4451.77685546875,35810.51171875
4468.9482421875,35708.65234375
4494.31640625,35609.10546875
4513.1357421875,35509.1328125
4539.71484375,35409.31640625
4526.5341796875,35326.2109375
4568.982421875,35236.140625
4631.8017578125,35190.0703125
4718.30322265625,35152.99609375
4780.77880859375,35229.5859375
4763.662109375,35329.8125
4725.11328125,35425.625
4694.05419921875,35523.92578125
4664.90625,35622.39453125
4647.67236328125,35723.171875
4622.203125,35823.234375
4612.037109375,35925.796875
4595.72509765625,36026.53125
4583.25,36111.3125
4556.63671875,36210.46484375
4534.66162109375,36310.52734375
4533.27734375,36410.76171875
4553.9814453125,36503.63671875
4535.2431640625,36579.09765625
4535.53564453125,36679.95703125
4533.7080078125,36781.54296875
4517.82177734375,36883.12890625
4507.34228515625,36985.84765625
4482.97265625,37086.12109375
4452.9375,37183.99609375
4463.27978515625,37267
4437.95166015625,37366.83984375
4423.23583984375,37466.75
4379.27978515625,37560.02734375
4330.0927734375,37649.375
4271.08154296875,37733.71484375
4197.82666015625,37801.984375
4233.0576171875,37445.375
4274.80078125,37352.703125
4300.052734375,37252.73828125
4319.1845703125,37151.72265625
4335.8486328125,37049.86328125
4346.57861328125,36947.12890625
4352.70361328125,36844.03515625
4366.5390625,36744.6171875
4376.68505859375,36641.86328125
4382.86181640625,36538.75
4389.0380859375,36435.63671875
4395.45947265625,36332.53515625
4402.39599609375,36229.47265625
4409.41650390625,36126.4140625
4321.6796875,36100.69140625
4218.48095703125,36096.21484375
4115.44580078125,36088.8515625
4012.30859375,36083.12109375
3909.041259765625,36082.1640625
3805.801513671875,36078.7734375
3702.60400390625,36074.1875
3599.388427734375,36070.09375
3574.791259765625,36124.46875
3608.065673828125,36222.05859375
3635.436767578125,36320.234375
3676.10400390625,36414.2578125
3709.130126953125,36512.08984375
3740.005615234375,36610.26171875
3763.061767578125,36708.109375
3803.396728515625,36802.375
3841.8251953125,36898.2109375
3875.978515625,36995.17578125
3917.069580078125,37089.9453125
3946.244873046875,37188.609375
3992.8779296875,37277.71875
4034.12451171875,37370.32421875
4086.863037109375,37459.10546875
4136.091796875,37548.515625
20180,37705
20093.662109375,37654.8515625
20059.6484375,37561.09375
20078.3125,37460.91015625
20137.84375,37392.4375
20231.734375,37411.6484375
20237.298828125,37514.05078125
20315.34375,37540.6328125
20388.087890625,37470.10546875
20482.451171875,37430.57421875
20576.279296875,37396.82421875
20568.755859375,37295.8515625
20572.484375,37193.58203125
20612.744140625,37101.2421875
20673.6015625,37018.9296875
20758.0625,36963.20703125
20853.751953125,36929.828125
20956.25390625,36928.81640625
21058.556640625,36935.84375
21158.48046875,36954.41015625
21250.884765625,36969.01953125
21346.544921875,36994.8359375
21448.755859375,37000.6328125
21543.619140625,37028.4765625
21503.947265625,37106.5078125
21402.767578125,37091.6171875
21301.12109375,37078.21484375
21199.373046875,37065.765625
21096.88671875,37062.0546875
20994.33984375,37063.27734375
20893.296875,37076.2109375
20809.892578125,37132.44140625
20767.01953125,37225.02734375
20771.619140625,37325.3125
20848.951171875,37381.80859375
20946.470703125,37413.0078125
21035.275390625,37463.5078125
21107.603515625,37527.48828125
21097.185546875,37628.6640625
21002.205078125,37664.36328125
20900.216796875,37658.6484375
20812.3515625,37611.921875
20725.21875,37559.859375
20631.4453125,37550.3359375
20535.7578125,37587.2109375
20450.02734375,37640.625
20380.966796875,37703.05078125
20279.662109375,37718.203125
19281,37599
19190.9765625,37567.93359375
19116.482421875,37501.40625
19045.6796875,37434.828125
19006.951171875,37341.6640625
18993.744140625,37240.80859375
18999.478515625,37138.15625
19002.84375,37035.390625
19004.798828125,36932.58984375
19010.33203125,36829.9453125
19021.00390625,36728.23046875
19034.1015625,36627.31640625
19045.240234375,36525.125
19054.865234375,36422.75390625
19064.341796875,36320.37890625
19086.958984375,36220.54296875
19106.439453125,36119.8359375
19124.91015625,36018.9609375
19142.26953125,35918.0234375
19162.4375,35817.21484375
19181.673828125,35716.22265625
19203.986328125,35615.88671875
19224.13671875,35525.2734375
19277.9609375,35438.92578125
19378.72265625,35442.953125
19408.994140625,35506.1875
19370.49609375,35594.58984375
19339.498046875,35691.81640625
19326.3984375,35789.8828125
19302.814453125,35887.421875
19282.794921875,35987.6015625
19262.146484375,36078.6640625
19272.201171875,36166.07421875
19247.025390625,36262.78125
19214.08203125,36358.80859375
19222.27734375,36457.03515625
19215.97265625,36559.4296875
19194.71484375,36659.93359375
19186.419921875,36762.40625
19191.033203125,36859.84765625
19280.384765625,36812.54296875
19380.916015625,36793.00390625
19481.12109375,36784.61328125
19583.0234375,36796.734375
19678.91015625,36832.50390625
19755.080078125,36900.3203125
19801.39453125,36991.84765625
19819.580078125,37078.0859375
19799.1484375,37175.2890625
19758.505859375,37269.2890625
19721.298828125,37362.69140625
19657.3984375,37441.7109375
19574.861328125,37502.37109375
19490.001953125,37559.53515625
19394.3671875,37597.18359375
19297.091796875,37609.0625
19478.69921875,37363.37109375
19545.58984375,37302.23046875
19607.23046875,37221.45703125
19642.341796875,37125.15234375
19646.24609375,37023.09765625
19584.08984375,36946.796875
19482.369140625,36935.078125
19380.255859375,36943.1015625
19330.18359375,37028.1875
19243.294921875,37057.66796875
19174.298828125,37029.75390625
19170.03515625,37127.15625
19161.703125,37229.32421875
19209.466796875,37317.54296875
19252.572265625,37410.63671875
19337.255859375,37451.34375
18055,37460
17960.765625,37422.86328125
17870.556640625,37374.87890625
17792.603515625,37308.20703125
17729.212890625,37227.92578125
17696.451171875,37132.50390625
17695.087890625,37030.1015625
17724.712890625,36932.3046875
17759.77734375,36836.0625
17806.41796875,36748.9375
17872.978515625,36672.44921875
17963.521484375,36625.88671875
18065.37890625,36634.48828125
18162.888671875,36665.65625
18244.953125,36721.76953125
18312.255859375,36795.66015625
18390.6015625,36839.89453125
18445.86328125,36754.52734375
18518.630859375,36702.50390625
18608.546875,36654.49609375
18706.302734375,36659.640625
18692.873046875,36732.71484375
18621.267578125,36801.62890625
18578.962890625,36893.44921875
18525.9765625,36977.875
18501.345703125,37076.41796875
18487.703125,37177.88671875
18458.498046875,37273.93359375
18415.240234375,37362.85546875
18335.63671875,37427.1640625
18239.19921875,37454.25390625
18141.640625,37469.7421875
18199.943359375,37319.7421875
18285.556640625,37265.44921875
18297.1015625,37169.48046875
18291.896484375,37067.5625
18262.076171875,36969.5390625
18205.50390625,36884.625
18132.587890625,36812.50390625
18039.12109375,36776.70703125
17965.14453125,36828.5078125
17925.322265625,36923.07421875
17892.3125,37020.234375
17879.556640625,37121.171875
17924.140625,37206.1015625
18001.38671875,37273.59375
18095.953125,37311.296875
15859,37275
15766.6904296875,37231.63671875
15678.09375,37181.14453125
15604.9013671875,37109.76171875
15537.2265625,37033.48046875
15494.05078125,36941.0859375
15480.2109375,36845.1484375
15522.40234375,36752.0234375
15590.375,36676.82421875
15673.7822265625,36617.62890625
15765.431640625,36573.45703125
15864.294921875,36559.71875
15964.6552734375,36579.53125
16064.296875,36602.78515625
16156.4208984375,36636.40625
16243.6455078125,36689.66015625
16330.2802734375,36711.734375
16390.11328125,36629.83984375
16467.525390625,36563.125
16555.060546875,36510.90234375
16634.447265625,36568.625
16553.171875,36613.37109375
16511.720703125,36705.984375
16498.15625,36807.09375
16487.205078125,36908.6015625
16455.67578125,37004.37109375
16457.41796875,37106.328125
16404.619140625,37187.53125
16312.537109375,37228.84375
16221.0869140625,37253.078125
16122.6650390625,37279.1484375
16020.7451171875,37287.70703125
15918.513671875,37285.30078125
16200.0712890625,37127.55078125
16274.970703125,37065.26953125
16297.0185546875,36992.6171875
16274.3857421875,36896.1796875
16223.021484375,36812.7578125
16136.9013671875,36764.90234375
16044.3994140625,36727.86328125
15948.380859375,36704.23046875
15846.6708984375,36698.08984375
15753.26171875,36726.48828125
15701.7197265625,36802.890625
15676.9267578125,36900.47265625
15706.0478515625,36995.69140625
15786.1083984375,37058.0078125
15868.2763671875,37118.875
15961.30078125,37157.30078125
16063.587890625,37158.86328125
14180,37269
14144.861328125,37187.37890625
14163.248046875,37087.0390625
14184.2431640625,36987.73828125
14202.322265625,36887.11328125
14219.830078125,36786.48046875
14237.287109375,36687.38671875
14251.8564453125,36586.2421875
14294.359375,36496.53125
14387.66796875,36496.5390625
14464.546875,36550.30859375
14461.578125,36642.45703125
14463.83984375,36744.6640625
14536.7587890625,36767.05859375
14632.23046875,36735.66015625
14734.466796875,36738.0625
14830.5390625,36769.18359375
14901.8466796875,36759.37109375
14958.857421875,36676.125
15026.884765625,36601.40625
15110.490234375,36542.65234375
15204.2587890625,36502.86328125
15276.0517578125,36493.31640625
15295.4921875,36584.32421875
15218.17578125,36644.30078125
15140.9326171875,36711.08984375
15083.951171875,36794.36328125
15047.8515625,36889.28515625
15031.5908203125,36990.25390625
15012.619140625,37090.71484375
14996.701171875,37191.0078125
14922.16015625,37256.1328125
14827.5791015625,37230
14809.00390625,37132.54296875
14787.7373046875,37032.87890625
14764.025390625,36934.87109375
14688.771484375,36880.5703125
14594.240234375,36899.0234375
14505.591796875,36940.171875
14417.3193359375,36926.78125
14370.5693359375,36986.44140625
14338.57421875,37076.8203125
14333.6240234375,37178.98828125
14274.8759765625,37252.2890625
12469,36988
12410.7060546875,36906.75390625
12398.236328125,36805.2109375
12402.802734375,36702.60546875
12429.7001953125,36606.046875
12473.095703125,36516.05078125
12532.6669921875,36433.06640625
12604.7490234375,36359.95703125
12692.77734375,36308.5
12791.3251953125,36285.60546875
12893.8662109375,36283.0625
12995.939453125,36293.93359375
13094.1875,36322.78515625
13145.2490234375,36244.8671875
13191.4892578125,36156.203125
13239.5234375,36065.48046875
13280.365234375,35975.640625
13330.98046875,35887.109375
13370.3564453125,35792.31640625
13411.693359375,35698.296875
13442.2822265625,35600.40625
13470.9150390625,35501.84375
13491.5,35401.28515625
13485.4609375,35298.8984375
13461.796875,35199.86328125
13421.2275390625,35107.4609375
13361.63671875,35023.828125
13286.091796875,34955.625
13205.4404296875,34894.16015625
13111.115234375,34929.4765625
13060.47265625,35013.12109375
13038.92578125,35113.0859375
13015.8232421875,35212.2421875
12948.109375,35231.453125
12918.8330078125,35135.12109375
12913.8662109375,35037.7109375
12927.68359375,34936.2265625
12973.16015625,34844.3671875
13054.265625,34784.5
13150.779296875,34754.734375
13252.9384765625,34759.671875
13345.3525390625,34803.9375
13425,34868.06640625
13496.931640625,34941.375
13562.103515625,35020.08203125
13618.2109375,35105.09765625
13644.701171875,35204.125
13656.1533203125,35306.16015625
13655.21484375,35408.6953125
13616.5546875,35502.27734375
13602.7841796875,35599.23046875
13595.9658203125,35693.17578125
13539.640625,35777.21484375
13528.427734375,35858.7578125
13481.9833984375,35928.08984375
13444.615234375,36020.05859375
13386.98828125,36101.296875
13348.5888671875,36190.81640625
13341.224609375,36288.94921875
13291.1533203125,36375.55078125
13257.814453125,36472.12109375
13233.6259765625,36570.4921875
13217.6376953125,36671.8359375
13180.318359375,36767.00390625
13093.017578125,36800.671875
13037.001953125,36724.87890625
13030.55078125,36622.51171875
13050.6982421875,36522.46484375
13008.9287109375,36450.57421875
12910.462890625,36424.04296875
12808.669921875,36432.9140625
12709.453125,36457.90234375
12652.998046875,36541.5546875
12608.48046875,36619.30859375
12590.671875,36719.375
12590.1953125,36822.015625
12616.0322265625,36919.328125
12569.1572265625,37002.8515625
11437,36893
11336.7890625,36871.34765625
11243.5439453125,36829.54296875
11164.603515625,36764.23046875
11110.662109375,36681.52734375
11091.150390625,36580.88671875
11101.7578125,36491.05859375
11141.5390625,36396.56640625
11203.70703125,36317.46484375
11293.72265625,36270.8984375
11389.7119140625,36238.81640625
11492.203125,36234.37890625
11594.5927734375,36241.01953125
11688.7109375,36264.54296875
11788.9697265625,36281.59375
11837.84765625,36193.90234375
11883.779296875,36102.1328125
11929.208984375,36012.28515625
11988.7724609375,35929.15234375
12040.26171875,35841.51171875
12083.44921875,35756.66015625
12119.154296875,35662.125
12139.7119140625,35565.21484375
12117.57421875,35465.703125
12077.0048828125,35374.96875
11998.22265625,35313.28515625
11924.0986328125,35250.796875
11825.9091796875,35225.40234375
11735.4423828125,35272.1953125
11645.75390625,35318.703125
11592.630859375,35243.4453125
11651.212890625,35162.8203125
11732.4033203125,35107.94140625
11829.396484375,35107.4921875
11923.931640625,35098.65234375
12017.2412109375,35140.1328125
12109.431640625,35183.69140625
12180.787109375,35257.140625
12231.6015625,35345.74609375
12291.228515625,35424.98046875
12306.8359375,35526.23828125
12294.0478515625,35627.703125
12248.205078125,35708.1328125
12254.841796875,35771.609375
12196.11328125,35855.375
12188.2802734375,35933.54296875
12138.154296875,35985.75
12081.3447265625,36070.51953125
12038.78515625,36162.0234375
11995.4365234375,36251.5234375
11964.841796875,36348.15625
11947.7509765625,36449.15234375
11947.0791015625,36550.921875
11912.1982421875,36646.87890625
11883.6650390625,36743.84765625
11820.4541015625,36816.77734375
11733.4482421875,36865.546875
11644.1767578125,36894.00390625
11541.517578125,36895.38671875
11438.91796875,36893.72265625
11664.6259765625,36757.23046875
11738.283203125,36692.0234375
11753.48046875,36594.58984375
11747.48828125,36493.3515625
11723.10546875,36401.8125
11627.3525390625,36368.5
11525.544921875,36355.83984375
11424.9599609375,36341.30078125
11344.9814453125,36400.1015625
11283.6220703125,36475.39453125
11276.818359375,36577.73046875
11304.142578125,36674.01171875
11380.41796875,36736.28125
11463.97265625,36765.05078125
10126,36806
10066.4033203125,36724.8671875
10052.9736328125,36623.09375
10065.7802734375,36520.97265625
10097.9482421875,36423.16015625
10153.005859375,36336.390625
10223.6884765625,36261.4921875
10308.111328125,36203.1953125
10409.9765625,36189.2265625
10513.02734375,36186.0234375
10615.486328125,36194.7109375
10706.546875,36200.5078125
10755.197265625,36109.8359375
10797.16015625,36015.69140625
10840.6328125,35923.40625
10873.4375,35825.80078125
10905.0693359375,35733.3046875
10935.5947265625,35637.03515625
10957.2041015625,35536.41015625
10973.1728515625,35434.546875
10989.6845703125,35332.765625
11006.185546875,35230.984375
11013.83203125,35128.7578125
11003.3271484375,35027.078125
10993.953125,34924.43359375
10951.9990234375,34833.375
10871.1142578125,34771.30859375
10771.208984375,34749.7265625
10673.244140625,34749.6015625
10625.833984375,34838.58984375
10592.44921875,34935.765625
10551.5380859375,35027.89453125
10467.5634765625,35034.80078125
10455.853515625,34941.87109375
10476.212890625,34843.21875
10518.2568359375,34760.14453125
10587.0322265625,34689.2890625
10674.8681640625,34638.6328125
10759.2158203125,34612.296875
10861.935546875,34619.98046875
10958.0400390625,34651.28125
11037.130859375,34717.125
11087.234375,34802.4609375
11134.7060546875,34885.390625
11146.9619140625,34987.6640625
11145.4306640625,35085.87890625
11151.9638671875,35188.765625
11154.873046875,35291.81640625
11131.0234375,35391.32421875
11121.7998046875,35488.2734375
11103.029296875,35565.62109375
11093.921875,35667.296875
11056.244140625,35762.39453125
11010.74609375,35850.94140625
11007.353515625,35943.84375
10956.5439453125,36032.4765625
10923.4384765625,36127.390625
10877.650390625,36217.9609375
10839.0400390625,36313.51171875
10813.0302734375,36413.12109375
10801.69921875,36515.59765625
10777.2490234375,36612.79296875
10685.419921875,36655.1015625
10599.59375,36611.25390625
10598.2783203125,36509.20703125
10615.4912109375,36407.58203125
10558.6875,36337.06640625
10456.8818359375,36322.71875
10361.9013671875,36355.203125
10291.4599609375,36429.8359375
10247.970703125,36522.80078125
10229.982421875,36624.1484375
10250.3447265625,36721.89453125
10219.5576171875,36807.25390625
7010,36767
6914.7451171875,36726.82421875
6834.87451171875,36661.61328125
6794.02880859375,36568.3046875
6819.59423828125,36468.375
6867.26708984375,36377.3828125
6917.603515625,36288.4140625
6984.4619140625,36211.9609375
7050.06591796875,36137.14453125
7130.34423828125,36077.3515625
7198.5185546875,36000.32421875
7157.39453125,35907.55859375
7082.29150390625,35841.26171875
7000.86083984375,35777.1875
6913.5830078125,35772.9296875
6815.23095703125,35744.5390625
6711.8583984375,35738.4609375
6613.85888671875,35760.171875
6540.23388671875,35821.17578125
6483.126953125,35907.140625
6398.3623046875,35955.2109375
6318.7451171875,35921.1640625
6290.41845703125,35825.234375
6338.591796875,35768.6875
6408.8330078125,35695.3828125
6492.90576171875,35639.3046875
6588.59619140625,35600.14453125
6690.3076171875,35582.6796875
6793.87841796875,35583.06640625
6896.923828125,35593.63671875
6987.79296875,35623.875
7086.40234375,35649.40625
7178.45068359375,35695.23828125
7239.1923828125,35775.1171875
7299.240234375,35848.69140625
7369.7998046875,35898.08984375
7463.46435546875,35857.265625
7554.15380859375,35815.42578125
7650.357421875,35777.1640625
7751.85986328125,35762.0859375
7828.9169921875,35800.72265625
7743.005859375,35850.2421875
7668.37939453125,35915.71875
7572.5859375,35951.5546875
7489.4736328125,36002.98046875
7424.3291015625,36082.26953125
7445.99462890625,36172.6796875
7450.083984375,36276.23046875
7435.69482421875,36377.859375
7426.2197265625,36481
7390.00830078125,36573.16015625
7343.017578125,36662.69140625
7277.232421875,36739.9921875
7179.271484375,36772.29296875
7075.9130859375,36776.65625
7215.3974609375,36609.10546875
7257.25341796875,36514.54296875
7283.345703125,36414.34375
7290,36311.13671875
7280.3056640625,36208.64453125
7248.21826171875,36179.99609375
7190.2314453125,36247.69921875
7120.1171875,36320.79296875
7060.2724609375,36403.7578125
7013.2822265625,36495.875
7001.44921875,36586.96875
7087.3232421875,36642.06640625
20019,35194
19941.6875,35154.546875
19867.546875,35081.7734375
19801.740234375,35001.1484375
19728.041015625,34927.88671875
19661.9765625,34847.45703125
19600.9140625,34763.18359375
19540.1015625,34681.26953125
19506.259765625,34583.04296875
19469.701171875,34485.66015625
19459.44921875,34382.3828125
19473.72265625,34279.50390625
19516.88671875,34185.4140625
19573.94921875,34100.40625
19660.8203125,34045.4921875
19757.34765625,34009.79296875
19855.615234375,33985.94921875
19958.845703125,33995.72265625
20051.291015625,34024.91796875
20125.47265625,34097.765625
20166.888671875,34190.8203125
20171.89453125,34292.7578125
20133.185546875,34384.34765625
20052.3515625,34447.93359375
19963.892578125,34493.40625
19864.294921875,34506.1640625
19760.658203125,34513.234375
19673.943359375,34527.734375
19710.091796875,34623.3671875
19767.767578125,34705.859375
19832.16015625,34786.171875
19896.98046875,34867.52734375
19965.439453125,34945.82421875
20032.47265625,35022.796875
20115.75390625,35080.0546875
20162.564453125,35154.22265625
20081.974609375,35204.72265625
19859.955078125,34358.6875
19935.169921875,34358.61328125
20016.748046875,34298.0234375
20034.732421875,34197.0078125
19963.798828125,34138.66796875
19862.96484375,34130.31640625
19763.19921875,34157.6640625
19692.49609375,34219.40625
19658.505859375,34310.1640625
19737.353515625,34376.5703125
18290,35180
18189.1796875,35163.53125
18088.5703125,35145.78125
18005.572265625,35092.87890625
18044.67578125,35007.828125
18144.244140625,34994.46875
18245.328125,35009.01171875
18347.13671875,35017.44140625
18447.67578125,35034.23046875
18549.080078125,35028.54296875
18651.158203125,35024.4453125
18753.265625,35021.0703125
18855.33203125,35016.65625
18953.216796875,35013.6484375
19053.126953125,35022.96875
19143.58984375,35053.9453125
19067.857421875,35104.0546875
18970.5,35095.66015625
18898.734375,35139.67578125
18798.123046875,35155.90234375
18696.427734375,35165.3359375
18594.73828125,35174.79296875
18493.396484375,35185.015625
18391.818359375,35180.37890625
16407,34715
16307.6611328125,34694.87109375
16205.0712890625,34684.60546875
16107.9912109375,34650.51171875
16008.923828125,34621.53125
15923.34375,34569.015625
15844.556640625,34503.1484375
15811.2197265625,34413.4765625
15832.3662109375,34313.12109375
15881.8505859375,34223.98046875
15938.31640625,34140.94921875
16023.408203125,34092.58984375
16116.345703125,34049.93359375
16217.3876953125,34042.53125
16320.1142578125,34051.8671875
16418.326171875,34082.45703125
16508.458984375,34102.90234375
16559.37890625,34013.14453125
16606.400390625,33921.24609375
16651.4609375,33828.3671875
16693.822265625,33734.23828125
16713.685546875,33633.8515625
16709.80859375,33531.58984375
16635.447265625,33464.8515625
16551.6328125,33405.62890625
16449.42578125,33416.90625
16347.427734375,33414.05859375
16261.9462890625,33460.65234375
16205.3603515625,33536.65234375
16184.65625,33637.3203125
16118.255859375,33698.796875
16056.4306640625,33621.328125
16045.703125,33519.6328125
16076.4306640625,33421.42578125
16150.046875,33352.578125
16243.478515625,33310.765625
16342.0703125,33282.4296875
16444.423828125,33269.32421875
16543.599609375,33264.08203125
16640.91015625,33277.40234375
16727.625,33326.39453125
16810.91015625,33386.7890625
16876.142578125,33459.83203125
16900.142578125,33559.328125
16895.44140625,33661.3046875
16860.84765625,33758.1171875
16834.404296875,33857.515625
16790.240234375,33950.6484375
16733.935546875,34033.1015625
16692.26171875,34127.1484375
16645.296875,34219.0234375
16618.0390625,34318.09375
16597.216796875,34418.6171875
16587.65625,34506.7265625
16624.359375,34596.5390625
16554.03125,34666.41015625
16465.626953125,34700.19921875
16385.5224609375,34504.71484375
16393.2255859375,34401.859375
16414.26171875,34300.91015625
16366.6435546875,34221.515625
16268.017578125,34205.0390625
16179.1435546875,34189.734375
16092.1455078125,34233.31640625
16027.6669921875,34313.37890625
16003.330078125,34409.46484375
16077.6748046875,34479.02734375
16176.205078125,34505.015625
16272.09765625,34521.48046875
18551,34706
18469.208984375,34680.93359375
18466.140625,34579.9453125
18481.6328125,34479.78125
18507.72265625,34381.76171875
18541.642578125,34288.5859375
18625.837890625,34233.296875
18715.814453125,34240.078125
18764.400390625,34321.49609375
18690.732421875,34378.234375
18661.767578125,34468.30078125
18650.701171875,34569.03515625
18625.51953125,34667.17578125
17832,34661
17756.015625,34610.64453125
17719.037109375,34513.453125
17705.369140625,34410.48828125
17685.76171875,34315.62890625
17607.00390625,34250.71875
17520.201171875,34201.46484375
17434.947265625,34242.22265625
17386.734375,34331.28125
17383.67578125,34434.9921875
17425.931640625,34525.62109375
17396.869140625,34610.8671875
17296.4140625,34628.22265625
17218.61328125,34573.9375
17203.2421875,34472.20703125
17200.416015625,34368.234375
17220.380859375,34267.078125
17264.396484375,34172.78515625
17337.666015625,34100.58984375
17426.302734375,34049.33984375
17522.974609375,34052.0625
17621.62890625,34081.97265625
17702.669921875,34146.8984375
17778.21875,34218.48828125
17866.173828125,34179.63671875
17956.396484375,34130.21484375
18044.6015625,34083.39453125
18127.375,34135.42578125
18076.169921875,34218.3515625
17992.6015625,34280.3125
17919.642578125,34341.3671875
17920.701171875,34440.46484375
17937.900390625,34539.65625
17925.228515625,34641.45703125
14850,34563
14749.134765625,34536.4375
14662.4931640625,34484.6875
14626.857421875,34386.94921875
14573.1416015625,34298.9140625
14553.478515625,34197.44140625
14555.1552734375,34093.09375
14585.1123046875,33998.07421875
14662.9072265625,33930.07421875
14738.7353515625,33858.48828125
14828.017578125,33834.140625
14931.7529296875,33824.25
15026.8701171875,33857.31640625
15123.859375,33885.921875
15215.4365234375,33934
15290.2353515625,34006.734375
15343.9736328125,34094.8203125
15378.29296875,34189.94921875
15370.2373046875,34293.984375
15330.0361328125,34386.87109375
15248.5791015625,34448.9140625
15157.451171875,34496.8125
15057.7431640625,34527.375
14955.2431640625,34545.55078125
14854.9765625,34564.046875
15117.8583984375,34387.2578125
15203.0546875,34331.875
15252.8447265625,34241.4609375
15231.8505859375,34141.078125
15169.916015625,34057.421875
15081.7373046875,34005.40234375
14981.5380859375,33977.37890625
14881.2314453125,33960.72265625
14795.6474609375,34020.1015625
14740.66796875,34106.16015625
14729.703125,34209.5390625
14765.3076171875,34306.96875
14822.1640625,34381.12890625
14916.734375,34418.375
13855,34453
13804.6572265625,34366.44140625
13765.701171875,34269.94140625
13723.4384765625,34181.62109375
13656.8935546875,34103.4921875
13560.8359375,34133.31640625
13476.5244140625,34194.48828125
13411.8359375,34266.71484375
13350.5966796875,34340.9140625
13274.7041015625,34406.234375
13176.6455078125,34396.21875
13137.9208984375,34303.39453125
13207.0576171875,34230.11328125
13274.935546875,34174.28125
13352.29296875,34106.80078125
13430.380859375,34037.8515625
13518.224609375,33982.76953125
13535.662109375,33903.1015625
13466.9755859375,33824.79296875
13404.087890625,33741.78125
13342.177734375,33659.6640625
13258.79296875,33597.52734375
13226.087890625,33507.8984375
13316.0458984375,33470.73828125
13400.009765625,33520.2265625
13469.478515625,33597.0390625
13523.234375,33677.37890625
13586.578125,33753.49609375
13667.5419921875,33818.2109375
13753.2451171875,33847.4453125
13844.302734375,33816.75390625
13942.05078125,33780.92578125
14040.79296875,33747.77734375
14142.5537109375,33725.74609375
14245.9130859375,33714.125
14335.7060546875,33748.12890625
14293.6943359375,33818.5234375
14202.5146484375,33837.1796875
14104.0654296875,33870.12109375
14007.0673828125,33907.0234375
13914.9130859375,33955.18359375
13823.015625,34001.6328125
13858.3427734375,34085.60546875
13906.2001953125,34178.14453125
13950.9287109375,34272.2421875
13990.8125,34368.21484375
13958.083984375,34452.58203125
12253,34166
12155.2470703125,34162.54296875
12060.3203125,34124.09765625
11981.0634765625,34100.36328125
11907.79296875,34033.96875
11839.0126953125,33957.33984375
11771.642578125,33879.51171875
11734.22265625,33784.1640625
11694.2529296875,33700.2109375
11611.2451171875,33654.53515625
11641.73046875,33563.16796875
11731.1591796875,33517.76171875
11795.3583984375,33437.484375
11887.4365234375,33392.73046875
11982.6220703125,33354.078125
12080.091796875,33341.06640625
12179.92578125,33365.421875
12275.291015625,33388.6875
12374.1337890625,33415.58203125
12465.0908203125,33459.6875
12565.619140625,33479.03125
12651.84765625,33511.73828125
12723.87890625,33559.546875
12632.3193359375,33586.88671875
12533.052734375,33561.375
12433.6611328125,33535.6484375
12333.787109375,33510.71484375
12232.61328125,33494.84375
12137.3984375,33493.32421875
12038.2275390625,33505.0078125
11951.669921875,33549.1640625
11988.5498046875,33629.2265625
12084.353515625,33664.06640625
12172.486328125,33716.6953125
12266.7353515625,33749.87890625
12349.0732421875,33811.671875
12418.73828125,33886.88671875
12442.8212890625,33985.53515625
12423.8330078125,34077.51171875
12359.181640625,34148.1171875
12262.1640625,34173.671875
12243.4404296875,33937.48828125
12163.0654296875,33884.8671875
12080.705078125,33824.00390625
11987.046875,33786.671875
11950.3447265625,33815.859375
12018.02734375,33891.92578125
12084.4326171875,33964.77734375
12176.166015625,34009.83203125
10999,34155
10904.4072265625,34120.23046875
10804.4892578125,34110.28515625
10751.2802734375,34024.17578125
10745.2841796875,33920.828125
10745.26953125,33817.2109375
10748.728515625,33713.66015625
10767.1669921875,33612.1328125
10780.072265625,33509.32421875
10794.0439453125,33406.65234375
10809.5546875,33304.25
10840.15625,33206.26171875
10860.0859375,33104.65625
10884.81640625,33004.0390625
10913.59765625,32904.58203125
10940.470703125,32804.6328125
10972.3037109375,32706.044921875
11002.541015625,32611.546875
11070.876953125,32533.9296875
11149.345703125,32561.916015625
11161.9521484375,32652.796875
11127.2587890625,32742.060546875
11110.9443359375,32843.97265625
11084.1455078125,32944.046875
11061.75390625,33032.5
11024.0849609375,33128.3125
11005.5380859375,33228.765625
10980.7685546875,33329.265625
11016.607421875,33353.2734375
11114.2265625,33368.08984375
11201.16796875,33397.8671875
11290.16796875,33412.625
11378.5595703125,33462.9765625
11441.201171875,33541.9375
11488.3896484375,33618.7734375
11481.66796875,33716.421875
11448.5009765625,33814.10546875
11407.869140625,33908.9453125
11337.068359375,33984.38671875
11264.6962890625,34058.53125
11187.0673828125,34126.2890625
11085.6572265625,34145.6640625
11105.49609375,33974.625
11190.7138671875,33921.1953125
11268.31640625,33853.86328125
11301.84765625,33757.07421875
11319.4453125,33655.2265625
11265.6259765625,33572.64453125
11188.3037109375,33514.87890625
11086.775390625,33495.375
10989.0908203125,33512.85546875
10937.154296875,33591.6328125
10937.8330078125,33686.6796875
10927.2353515625,33789.54296875
10958.185546875,33885.8984375
11004.2705078125,33978.44921875
9910,34029
9814.619140625,33991.0546875
9728.611328125,33942.0234375
9657.0537109375,33881.796875
9597.10546875,33801.96875
9536.0576171875,33721.1953125
9520.8896484375,33619.71484375
9532.3779296875,33518.21484375
9578.634765625,33428.36328125
9645.9072265625,33351.46484375
9730.482421875,33292.8671875
9820.6748046875,33243.33984375
9918.2294921875,33212.32421875
10018.4384765625,33195.421875
10121.341796875,33198.359375
10224.1416015625,33201.69140625
10323.205078125,33229.05078125
10419.0947265625,33265.10546875
10501.4140625,33323.63671875
10464.310546875,33390.9609375
10369.576171875,33361.0234375
10273.7119140625,33327.22265625
10174.693359375,33333.37890625
10072.48046875,33342.72265625
9970.755859375,33358.46875
9878.4638671875,33402.296875
9917.662109375,33466.80859375
10004.208984375,33521.65234375
10087.56640625,33576.671875
10157.5458984375,33643.87109375
10205.4912109375,33734.3984375
10221.97265625,33835.46875
10198.306640625,33934.94140625
10130.6005859375,34009.46484375
10030.2060546875,34030.7109375
9927.43359375,34031.5625
10045.541015625,33815.7265625
9992.060546875,33731.765625
9907.7392578125,33672.92578125
9817.9970703125,33622.52734375
9722.3994140625,33588.375
9727.1962890625,33688.44921875
9774.3046875,33778.8203125
9851.3447265625,33842.4296875
9936.8330078125,33896.65625
8870,33918
8777.21875,33874.52734375
8706.2958984375,33800.3359375
8666.2880859375,33732.625
8632.708984375,33658.93359375
8594.666015625,33754.66796875
8544.5146484375,33843.68359375
8477.2041015625,33912.16015625
8383.0126953125,33882.65625
8399.5712890625,33788.421875
8436.8056640625,33693.3359375
8463.5751953125,33594.16796875
8488.5263671875,33494.47265625
8520.951171875,33396.92578125
8539.0849609375,33295.6953125
8566.8291015625,33196.859375
8587.2236328125,33095.88671875
8671.1318359375,33053.2734375
8762.388671875,33094.62109375
8774.2255859375,33196.28125
8764.193359375,33298.84765625
8772.93359375,33401.44140625
8784.646484375,33503.84765625
8799.1865234375,33605.765625
8840.0107421875,33694.4921875
8902.0751953125,33774.7265625
8989.970703125,33735.4375
9044.728515625,33649.07421875
9055.052734375,33558.62890625
9082.6689453125,33466.70703125
9110.3681640625,33367.62109375
9136.0810546875,33268.01953125
9216.705078125,33207.70703125
9307.72265625,33240.0078125
9313.435546875,33334.49609375
9270.0185546875,33427.79296875
9246.818359375,33528.09765625
9204.939453125,33621.3046875
9179.6865234375,33720.03125
9139.2431640625,33814.51953125
9066.56640625,33886.40234375
8972.41796875,33923.67578125
19269,33454
19199.33203125,33377.0390625
19140.978515625,33299.5546875
19094.482421875,33208.7578125
19049.029296875,33116.44140625
19012.572265625,33019.12109375
18983.2109375,32921.515625
18953.30078125,32824.54296875
18918.41796875,32726.66796875
18894.890625,32625.427734375
18884.728515625,32523.279296875
18880.71484375,32421.42578125
18859.890625,32321.12890625
18840.369140625,32220.99609375
18783.796875,32157.0390625
18718.466796875,32098.21875
18636.3515625,32038.4375
18582.701171875,31959.859375
18648.90625,31899.69921875
18739.09765625,31935.826171875
18764.1796875,31874.056640625
18750.046875,31771.06640625
18717.236328125,31673.76953125
18729.24609375,31570.4765625
18808.673828125,31529.072265625
18835.685546875,31627.890625
18842.318359375,31728.953125
18858.828125,31829.318359375
18890.578125,31926.888671875
18887.173828125,32028.671875
18919.611328125,32125.880859375
18921.908203125,32229.857421875
18946.953125,32328.912109375
18960.744140625,32431.9609375
18970.884765625,32535.32421875
19000.751953125,32634.212890625
19014.865234375,32737.2734375
19037.421875,32838.08203125
19073.365234375,32923.4609375
19109.79296875,33020.93359375
19147.130859375,33117.921875
19195.69140625,33208.7890625
19237.345703125,33295.83984375
19291.033203125,33382.26953125
19353.330078125,33463.703125
17503,33441
17499.96484375,33341.71484375
17507.341796875,33242.203125
17488.966796875,33141.28125
17479.92578125,33039.87109375
17446.3359375,32944.51171875
17424.7578125,32843.8828125
17387.384765625,32749.2734375
17386.1015625,32649.52734375
17334.087890625,32574.806640625
17326.01953125,32479.4921875
17280.4296875,32387.865234375
17247.955078125,32290.408203125
17215.587890625,32199.509765625
17172.134765625,32106.98046875
17116.6484375,32021.349609375
17077.3046875,31927.92578125
17052.109375,31830.96484375
17114.400390625,31843.65625
17183.71484375,31912.10546875
17237.75,31997.73828125
17290.798828125,32085.6953125
17328.1015625,32175.66796875
17359.607421875,32273.185546875
17403.287109375,32366.22265625
17432.47265625,32464.8125
17458.31640625,32563.833984375
17474.419921875,32664.66796875
17492.103515625,32764.2109375
17523.740234375,32855.19140625
17548.21875,32951.40234375
17557.037109375,33053.32421875
17586.30859375,33151.25390625
17576.73828125,33247.5859375
17584.376953125,33331.3671875
17564.515625,33432.171875
21680,33311
21606.716796875,33246.38671875
21590.205078125,33146.36328125
21555.8046875,33064.2578125
21518.984375,32968.203125
21489.6484375,32870.05078125
21448.42578125,32781.359375
21411.861328125,32685.498046875
21383.919921875,32586.3125
21349.65234375,32489.234375
21320.556640625,32390.98046875
21282.078125,32295.513671875
21248.1328125,32199.041015625
21219.890625,32101.337890625
21185.5234375,32006.353515625
21130.43359375,31920.884765625
21094.421875,31824.697265625
21047.181640625,31735.892578125
20991.400390625,31649.978515625
20964.11328125,31557.822265625
20930.623046875,31475.603515625
20886.513671875,31394.3515625
20852.138671875,31297.9140625
20805.47265625,31208.048828125
20853.01953125,31185.765625
20911.0859375,31270.056640625
20952.076171875,31364.298828125
20996.265625,31455.6484375
21052.802734375,31528.798828125
21061.4140625,31590.671875
21100.490234375,31682.533203125
21157.44921875,31767.900390625
21185.791015625,31858.44140625
21227.787109375,31935.728515625
21244.34375,32004.501953125
21290.626953125,32093.2890625
21333.32421875,32186.048828125
21364.06640625,32276.091796875
21405.34375,32369.630859375
21441.953125,32459.287109375
21474.7109375,32556.87890625
21484.5859375,32658.521484375
21534.017578125,32745.88671875
21572.697265625,32841.15625
21582.12109375,32943.37109375
21623.048828125,33034.6953125
21654.677734375,33131.359375
21689.255859375,33228.1796875
15070,33280
15100.3408203125,33183.00390625
15153.3076171875,33095.5703125
15214.548828125,33017.7421875
15236.115234375,32930.671875
15272.9951171875,32837.77734375
15301.56640625,32739.287109375
15337.5771484375,32645.62109375
15370.2373046875,32549.267578125
15375.3447265625,32447.0078125
15402.3505859375,32358.025390625
15412.5478515625,32255.919921875
15423.4326171875,32153.853515625
15444.1923828125,32054.4140625
15445.2646484375,31952.525390625
15523.541015625,31906.4609375
15542.517578125,31809.8359375
15626.0625,31795.1953125
15652.7734375,31873.73828125
15655.82421875,31976.240234375
15635.93359375,32070.259765625
15641.1748046875,32166.32421875
15677.0078125,32090.1484375
15761.7763671875,32083.1171875
15821.3447265625,32165.58203125
15825.98828125,32246.982421875
15829.2333984375,32342.568359375
15824.1025390625,32430.36328125
15816.119140625,32532.408203125
15757.0341796875,32469.853515625
15723.80078125,32377.19140625
15696.7841796875,32278.279296875
15639.009765625,32239.28125
15599.2412109375,32331.9140625
15558.3994140625,32425.740234375
15525.19140625,32512.5703125
15494.5224609375,32600.486328125
15439.203125,32673.671875
15418.5712890625,32772.625
15385.8525390625,32864.484375
15356.27734375,32961.96875
15318.048828125,33052.421875
15276.79296875,33140.265625
15223.9296875,33225.55859375
15146.8212890625,33290.9296875
13823,33134
13836.208984375,33031.375
13847.953125,32928.09375
13873.6611328125,32836.18359375
13896.7841796875,32735.212890625
13921.111328125,32634.095703125
13958.84375,32540.185546875
13979.041015625,32457.341796875
14002.509765625,32358.0546875
14023.4208984375,32256.623046875
14041.626953125,32160.697265625
13953.7421875,32158.408203125
13922.53125,32070.970703125
13974.4052734375,31980.9375
14031.623046875,31904.90234375
14104.599609375,31846.19140625
14165.78515625,31776.16796875
14183.62890625,31673.82421875
14205.8037109375,31572.26171875
14234.544921875,31473.07421875
14259.8583984375,31372.353515625
14282.10546875,31273.48046875
14317.60546875,31176.185546875
14345.087890625,31076.365234375
14373.435546875,30992.26171875
14399.900390625,30892.0703125
14448.98828125,30801.794921875
14500.107421875,30716.763671875
14502.2080078125,30801.427734375
14491.6083984375,30884.447265625
14476.3125,30958.95703125
14436.37109375,31052.640625
14409.25,31151.810546875
14393.09375,31254.447265625
14367.19140625,31354.912109375
14333.8515625,31451.69921875
14313.478515625,31551.509765625
14290.427734375,31652.787109375
14261.1162109375,31752.57421875
14237.458984375,31848.826171875
14221.009765625,31951.380859375
14308.2099609375,31914.375
14390.8525390625,31965.37109375
14435.1513671875,32023.365234375
14444.8388671875,31921.263671875
14489.3564453125,31857.103515625
14498.876953125,31775.521484375
14590.345703125,31780.109375
14574.7666015625,31878.947265625
14611.9775390625,31931.244140625
14678.138671875,31982.19140625
14621.3779296875,32053.779296875
14571.142578125,32136.751953125
14588.7041015625,32228.8125
14515.013671875,32291.5703125
14431.322265625,32252.919921875
14385.5126953125,32189.810546875
14396.91796875,32097.458984375
14340.08203125,32044.833984375
14255.2978515625,32101.1640625
14163.4775390625,32125.173828125
14140.568359375,32226.482421875
14120.8984375,32313.646484375
14088.017578125,32412.10546875
14053.6845703125,32507.291015625
14024.0009765625,32593.28125
14009.603515625,32695.451171875
13989.3935546875,32796.9921875
13956.3701171875,32893.59765625
13920.0166015625,32990.9765625
13888.6240234375,33089.4296875
18064,32895
18046.119140625,32801.4453125
18033.38671875,32704.89453125
17989.091796875,32615.974609375
17945.15625,32538.126953125
17894.35546875,32447.77734375
17850.568359375,32353.5703125
17812.21484375,32256.1171875
17771.58203125,32159.84375
17732.162109375,32064.552734375
17693.466796875,31967.16796875
17664.978515625,31866.373046875
17625.494140625,31775.46484375
17638.798828125,31678.3359375
17649.5,31599.1875
17729.05859375,31662.359375
17760.400390625,31758.275390625
17798.701171875,31855.73046875
17851.826171875,31913.275390625
17933.611328125,31890.04296875
17935.587890625,31985.205078125
17863.556640625,32046.40625
17904.359375,32134.82421875
17931.291015625,32234.484375
17962.2109375,32332.880859375
18003.5625,32429.05859375
18040.20703125,32526.611328125
18065.140625,32628.251953125
18086.291015625,32730.212890625
18104.73828125,32832.33984375
16524,32815
16505.146484375,32716.2421875
16527.25,32618.875
16564.119140625,32526.880859375
16601.71484375,32432.87109375
16650.412109375,32343.896484375
16696.693359375,32253.673828125
16691.794921875,32166.380859375
16712.134765625,32067.263671875
16761.25390625,31980.39453125
16837.302734375,31913.87109375
16883.69921875,31982.3359375
16881.005859375,32082.86328125
16878.2109375,32160.42578125
16832.58203125,32249.623046875
16783.58203125,32334.498046875
16733.2734375,32419.958984375
16703.287109375,32511.466796875
16675.396484375,32608.36328125
16627.31640625,32696.607421875
16587.66796875,32787.54296875
14863,32678
14815.5712890625,32599.08984375
14842.6845703125,32502.650390625
14880.009765625,32405.25390625
14923.5966796875,32310.8671875
14970.3076171875,32218.896484375
14947.619140625,32175.0625
14907.62109375,32260.701171875
14846.2431640625,32341.314453125
14767.037109375,32344.060546875
14788.26171875,32252.16015625
14825.322265625,32156.1015625
14859.041015625,32057.9453125
14909.3818359375,31968.798828125
14988.0576171875,32008.87109375
14971,32107.21484375
15040.90234375,32126.970703125
15124.6826171875,32101.384765625
15123.08984375,32196.869140625
15058.7294921875,32278.490234375
15038.8203125,32349.345703125
15021.9365234375,32451.201171875
14992.8935546875,32547.669921875
14948.3330078125,32642.013671875
24105,32611
24025.078125,32564.181640625
23964.62109375,32481.333984375
23891.75,32408.482421875
23823.99609375,32331.173828125
23748.408203125,32264.453125
23686.72265625,32188.98046875
23612.208984375,32117.84375
23539.490234375,32051.107421875
23479.5234375,31967.6953125
23411.376953125,31890.392578125
23350.234375,31808.107421875
23279.9765625,31743.666015625
23223.4296875,31664.203125
23159.9453125,31605.5234375
23105.40234375,31523.27734375
23054.197265625,31440.46484375
22977.29296875,31373.869140625
22914.412109375,31292.478515625
22844.46484375,31216.8046875
22774.03515625,31141.626953125
22714.576171875,31057.6640625
22649.115234375,30978.171875
22586.078125,30897.5078125
22535.6875,30816.541015625
22462.458984375,30750.7421875
22460.78515625,30662.33203125
22553.310546875,30703.4375
22620.98828125,30779.6796875
22687.236328125,30858.607421875
22749.744140625,30940.521484375
22812.919921875,31021.828125
22877.177734375,31096.6328125
22942.48828125,31170.123046875
23008.431640625,31249.20703125
23068.77734375,31322.603515625
23122.21875,31400.150390625
23186.888671875,31459.521484375
23241.49609375,31541.822265625
23297.16015625,31628.3828125
23357.453125,31696.029296875
23417.986328125,31746.271484375
23474.642578125,31831.826171875
23528.1484375,31917.970703125
23604.361328125,31971.931640625
23662.482421875,32054.109375
23737.103515625,32123.28515625
23795.625,32206.796875
23857.28515625,32284.259765625
23925.25,32351.572265625
23986.759765625,32417.982421875
24042.197265625,32488.048828125
24105.927734375,32546.9453125
19495,32452
19479.388671875,32372.291015625
19515.890625,32275.349609375
19544.83984375,32176.330078125
19585.123046875,32084.62890625
19587.205078125,31981.12890625
19617.21484375,31883.587890625
19642.681640625,31783.564453125
19715.27734375,31716.283203125
19789.767578125,31751.283203125
19776.798828125,31851.529296875
19744.244140625,31949.87109375
19714.23046875,32049.0078125
19686.20703125,32146.87109375
19655.666015625,32242.48046875
19629.908203125,32339.271484375
19578.658203125,32428.353515625
18227,32423
18162.3828125,32350.826171875
18108.90234375,32269.71484375
18064.482421875,32180.169921875
18032.400390625,32089.130859375
17995.072265625,31995.3671875
17977.28515625,31898.578125
18030.798828125,31820.88671875
18128.81640625,31802.263671875
18204.44921875,31837.89453125
18289.642578125,31880.896484375
18332.439453125,31876.810546875
18425.013671875,31843.513671875
18489.984375,31910.287109375
18540.486328125,31997.31640625
18533.421875,32086.48046875
18444.751953125,32083.513671875
18383.837890625,32004.4921875
18324.9609375,32009.078125
18251.4609375,32036.654296875
18194.99609375,31960.001953125
18148.236328125,31950.337890625
18157.384765625,32050.875
18198.978515625,32127.34375
18245.283203125,32212.349609375
18309.3203125,32288.814453125
18299.224609375,32376.755859375
16375,32392
16339.8984375,32312.357421875
16306.142578125,32214.8203125
16363.8154296875,32132.748046875
16449.08984375,32088.296875
16541.224609375,32125.646484375
16529.59375,32214.28125
16482.330078125,32280.89453125
16466.66796875,32383.4453125
16077,32356
15992.3271484375,32328.2734375
15956.25,32239.01171875
15980.810546875,32136.576171875
16003.5146484375,32032.07421875
16021.201171875,31926.998046875
16108.8896484375,31931.20703125
16146.115234375,32024.66796875
16153.5439453125,32131.28515625
16191.4150390625,32231.125
16168.9130859375,32328.03515625
19337,32218
19305.560546875,32127.451171875
19293.2265625,32027.2421875
19275.302734375,31927.63671875
19251.146484375,31829.388671875
19232.892578125,31730.5390625
19213.599609375,31631.896484375
19185.720703125,31535.65625
19152.796875,31440.03515625
19121.625,31344.365234375
19146.439453125,31248.16796875
19237.740234375,31224.359375
19286.201171875,31308.49609375
19305.1171875,31407.701171875
19327.287109375,31505.591796875
19321.845703125,31602.82421875
19359.123046875,31696.26171875
19364.361328125,31792.310546875
19377.998046875,31886.005859375
19387.72265625,31983.888671875
19379.26953125,32084.10546875
19386.580078125,32182.12109375
17502,32188
17426.720703125,32135.986328125
17363.822265625,32049.080078125
17336.216796875,31981.80078125
17307.587890625,31889.455078125
17378.701171875,31886.51953125
17446.564453125,31969.650390625
17501.375,32062.228515625
17568.33984375,32141.568359375
13510,32120
13411.46484375,32095.673828125
13334.27734375,32082.044921875
13258.9404296875,32047.0625
13246.349609375,31948.880859375
13321.076171875,31889.748046875
13419.927734375,31855.060546875
13522.1630859375,31874.697265625
13615.6025390625,31844.8203125
13697.2216796875,31892.587890625
13790.6552734375,31845.07421875
13858.548828125,31813.248046875
13947.7265625,31852.830078125
13938.017578125,31945.068359375
13851.216796875,31979.9921875
13774.4814453125,32045.29296875
13693.8720703125,32108.5859375
13595.5244140625,32083.580078125
20123,32078
20101.294921875,31990.728515625
20078.6015625,31888.66796875
20062.025390625,31784.6953125
20057.671875,31685.23046875
20112.78515625,31630.6953125
20150.544921875,31714.43359375
20172.84765625,31810.7734375
20180.40234375,31916.74609375
20177.857421875,32023.01953125
10632,31958
10645.158203125,31865.306640625
10657.8505859375,31762.314453125
10673.853515625,31662.013671875
10690.779296875,31559.974609375
10695.86328125,31459.3671875
10714.125,31359.169921875
10711.765625,31255.447265625
10728.2578125,31170.1484375
10743.4716796875,31067.40234375
10754.8662109375,30964.16015625
10761.232421875,30860.51953125
10776.3427734375,30761.3984375
10823.0654296875,30676.896484375
10816.767578125,30584.384765625
10860.1943359375,30499.423828125
10879.1728515625,30397.93359375
10953.484375,30344.873046875
10939.9140625,30445.7734375
10901.08984375,30537.73828125
10892.6318359375,30639.634765625
10874.892578125,30735.61328125
10883.15625,30835.736328125
10868.591796875,30925.087890625
10853.33203125,31027.818359375
10842.39453125,31131.109375
10834.9951171875,31234.55078125
10822.904296875,31334.5546875
10816.8330078125,31428.89453125
10783.4755859375,31524.154296875
10785.3798828125,31619.607421875
10769.2353515625,31722.029296875
10741.2734375,31821.6171875
10702.8798828125,31916.125
21962,31936
21911.806640625,31846.779296875
21864.22265625,31756.31640625
21802.3203125,31672.912109375
21732.5078125,31600.67578125
21670.220703125,31524.462890625
21681.13671875,31433.02734375
21657.166015625,31339.306640625
21603.982421875,31249.54296875
21563.65625,31157.099609375
21580.658203125,31065.703125
21667.876953125,31113.123046875
21709.369140625,31206.5859375
21752.130859375,31298.80078125
21805.234375,31387.314453125
21871.115234375,31468.365234375
21925.41015625,31554.3203125
21972.037109375,31643.865234375
21991.08203125,31745.0703125
22037.9296875,31836.283203125
22037.669921875,31940.025390625
12416,31863
12437.3603515625,31763.11328125
12472.974609375,31671.74609375
12485.408203125,31576.322265625
12547.8583984375,31498.927734375
12628.5673828125,31435.62890625
12695.3701171875,31370.22265625
12791.7451171875,31393.921875
12820.94921875,31485.26953125
12740.8544921875,31545.03125
12664.892578125,31608.033203125
12605.9853515625,31692.759765625
12544.0341796875,31766.830078125
12491.9345703125,31855.171875
13007,31872
12938.3544921875,31842.12890625
12832.8837890625,31834.033203125
12785.0673828125,31758.896484375
12860.9169921875,31688.451171875
12928.130859375,31616.58203125
12995.08203125,31567.462890625
13061.509765625,31633.197265625
13107.3876953125,31699.607421875
13199.748046875,31710.603515625
13185.1328125,31810.90234375
13111.4677734375,31876.134765625
20549,31810
20492.380859375,31730.59765625
20447.958984375,31642.15234375
20468.904296875,31586.271484375
20546.8671875,31654.89453125
20629.333984375,31717.05078125
20684.171875,31798.314453125
20623.623046875,31862.62109375
22774,31792
22706.513671875,31716.224609375
22631.53125,31680.921875
22620.59375,31613.8984375
22571.712890625,31526.09375
22515.404296875,31448.041015625
22459.03125,31363.412109375
22407.033203125,31278.79296875
22359.533203125,31188.935546875
22315.6328125,31097.18359375
22259.322265625,31013.177734375
22208.263671875,30925.2734375
22173.248046875,30831.28125
22176.744140625,30736.62890625
22255.86328125,30701.107421875
22323.09765625,30765.03125
22359.78515625,30859.8046875
22403.833984375,30949.408203125
22448.275390625,31040.935546875
22485.59375,31134.701171875
22534.802734375,31223.69140625
22577.06640625,31316.18359375
22621.33984375,31407.07421875
22659.482421875,31500.330078125
22726.490234375,31575.974609375
22776.681640625,31663.87109375
22836.060546875,31721.52734375
22849.59765625,31812.99609375
21510,31650
21452.037109375,31579.822265625
21413.056640625,31489.736328125
21360.744140625,31410.716796875
21321.548828125,31323.037109375
21302.37890625,31226.419921875
21389.15625,31256.333984375
21450.849609375,31330.130859375
21490.46875,31420.185546875
21533.5390625,31507.0546875
21568.79296875,31599.4609375
22060,31421
22007.015625,31345.90234375
21961.890625,31254.7109375
21920.349609375,31161.5625
21941.56640625,31076.03125
22022.689453125,31116.76171875
22074.52734375,31206.01953125
22122.37109375,31295.259765625
22115.109375,31395.4765625
11555,31421
11474.5595703125,31361.662109375
11501.1416015625,31265.3359375
11449.9619140625,31242.216796875
11365.134765625,31282.009765625
11274.720703125,31234.27734375
11186.8408203125,31249.5390625
11094.5712890625,31235.33984375
11094.212890625,31136.201171875
11117.2275390625,31035.83984375
11045.3310546875,30976.736328125
11047.7509765625,30885.2265625
11114.0439453125,30806.6875
11163.9873046875,30718.5859375
11241.138671875,30655.18359375
11322.701171875,30601.080078125
11227.2294921875,30562.46875
11130.0029296875,30565.09765625
11105.9228515625,30467.123046875
11057.2646484375,30378.291015625
10983.400390625,30306.962890625
10941.236328125,30221.60546875
10927.8603515625,30120.65234375
10936.5810546875,30018.1796875
10955.296875,29917.517578125
10922.9599609375,29850.5390625
10855.2607421875,29773.333984375
10905.12890625,29697.26953125
10997.630859375,29685.12109375
11020.9794921875,29773.51171875
10984.5087890625,29869.25
11075.9599609375,29848.955078125
11174.1552734375,29836.51953125
11182.46875,29917.8984375
11138.3720703125,30001.673828125
11142.1455078125,30102.9609375
11125.88671875,30198.640625
11162.2158203125,30285.22265625
11240.3134765625,30351.29296875
11306.853515625,30429.85546875
11359.9736328125,30517.224609375
11383.2705078125,30596.7578125
11406.3056640625,30690.861328125
11350.4296875,30775.015625
11309.7724609375,30869.244140625
11292.98828125,30970.162109375
11266.9267578125,31067.37890625
11348.658203125,31075.15234375
11426.033203125,31031.91796875
11504.9912109375,31053.0703125
11578.51171875,31052.958984375
11669.0771484375,31032.5078125
11732.787109375,31104.123046875
11803.9609375,31137.3125
11818.595703125,31036.025390625
11867.7275390625,30950.447265625
11957.3955078125,30913.791015625
12044.3818359375,30963.15234375
12088.7099609375,31032.677734375
12057.1171875,31126.859375
11970.498046875,31114.140625
11930.416015625,31194.720703125
11839.494140625,31193.63671875
11779.958984375,31266.404296875
11710.6259765625,31324.166015625
11629.3662109375,31371.734375
12473,31348
12381.947265625,31327.31640625
12276.8994140625,31326.04296875
12245.4697265625,31240.068359375
12150.810546875,31247.787109375
12109.8857421875,31154.48046875
12131.33984375,31065.943359375
12217.8056640625,31017.419921875
12273.181640625,30941.560546875
12335.412109375,30962.892578125
12360.9931640625,31059.3203125
12417.4501953125,31037.90625
12452.6875,30949.353515625
12496.677734375,30868.650390625
12570.89453125,30875.619140625
12599.578125,30962.009765625
12586.556640625,31059.412109375
12610.7822265625,31128.5859375
12585.345703125,31215.2890625
12547.05078125,31304.39453125
9762,31308
9807.2216796875,31244.6015625
9882.447265625,31181.052734375
9968.1787109375,31127.69921875
10016.484375,31040.267578125
10081.7890625,30965.345703125
10150.2451171875,30888.76171875
10214.3037109375,30808.603515625
10287.18359375,30744.951171875
10346.6416015625,30661.2578125
10414.5244140625,30584.103515625
10494.708984375,30525.15234375
10569.0068359375,30493.326171875
10516.177734375,30579.9375
10460.814453125,30664.8515625
10386.1611328125,30735.490234375
10326.818359375,30811.02734375
10270.6357421875,30877.79296875
10199.294921875,30948.998046875
10139.6962890625,31031.888671875
10083.5263671875,31117.671875
10012.583984375,31191.830078125
9935.4697265625,31252.20703125
9851.2822265625,31304.185546875
17138,31215
17163.828125,31132.8125
17227.9296875,31053.908203125
17293.826171875,30978.2578125
17362.96484375,30908.64453125
17413.07421875,30824.130859375
17474.83984375,30745.763671875
17528.873046875,30660.08203125
17583.24609375,30578.0078125
17638.609375,30492.630859375
17672.4921875,30398.392578125
17733.74609375,30320.0625
17797.587890625,30246.158203125
17835.306640625,30168.525390625
17866.138671875,30072.3203125
17930.12890625,30005.76171875
17956.390625,29917.935546875
18025.513671875,29960.9140625
17986.111328125,30053.55078125
17929.806640625,30136.083984375
17889.375,30221.349609375
17855.794921875,30316.447265625
17806.93359375,30397.3359375
17760.701171875,30486.19921875
17723.259765625,30580.2578125
17670.466796875,30667.17578125
17605.740234375,30745.685546875
17541.4921875,30824.5390625
17494.421875,30913.3203125
17427.7734375,30990.25
17360.794921875,31063.666015625
17287.884765625,31134.671875
17217.515625,31202.67578125
26298,31225
26195.279296875,31214.642578125
26093.74609375,31194.953125
25993.6328125,31169.158203125
25896.2890625,31140.0078125
25796.994140625,31111.82421875
25704.849609375,31066.337890625
25623.591796875,31059.896484375
25541.728515625,31009.61328125
25479.623046875,30970.26953125
25392.857421875,30969.443359375
25297.4453125,30932.501953125
25208.2734375,30889.767578125
25111.740234375,30854.43359375
25015.92578125,30816.419921875
24931.197265625,30757.8125
24844.9375,30704.89453125
24760.052734375,30663.125
24677.623046875,30628.013671875
24596.94140625,30565.078125
24502.34765625,30530.013671875
24502.361328125,30453.732421875
24591.849609375,30505.392578125
24678.220703125,30560.525390625
24766.783203125,30611.234375
24855.10546875,30653.32421875
24946.259765625,30686.525390625
25030.30078125,30735.9765625
25118.603515625,30786.33984375
25211.623046875,30826.07421875
25301.45703125,30875.638671875
25397.65625,30910.681640625
25494.755859375,30945.095703125
25587.640625,30987.234375
25683.51953125,31023.796875
25783.427734375,31042.830078125
25875.3671875,31081.41796875
25974.453125,31111.326171875
26072.70703125,31139.486328125
26167.224609375,31170.03125
26267.044921875,31195.546875
17699,31113
17711.6328125,31017.900390625
17760.478515625,30926.220703125
17807.4765625,30832.6640625
17862.765625,30748.5625
17937.369140625,30675.4765625
17999.974609375,30598.4921875
18041.111328125,30506.55078125
18097.26171875,30461.546875
18143.828125,30384.1953125
18213.98046875,30417.19140625
18173.4921875,30497.58984375
18111.83203125,30580.685546875
18058.947265625,30668.953125
18007.97265625,30757.453125
17946.154296875,30832.15234375
17891.16015625,30919.53515625
17832.607421875,31004.4921875
17783.25,31089.904296875
12703,31071
12674.5498046875,30980.712890625
12744.5517578125,30927.595703125
12755.810546875,30847.14453125
12748.400390625,30773.564453125
12780.59375,30715.947265625
12851.1142578125,30774.05078125
12902.826171875,30854.244140625
12921.6572265625,30822.5390625
12945.37109375,30723.015625
13010.3671875,30643.189453125
13083.7353515625,30677.5390625
13106.978515625,30776.537109375
13061.166015625,30858.634765625
12974.630859375,30889.423828125
12948.29296875,30965.146484375
12855.74609375,31000.95703125
12802.4130859375,31079.388671875
13211,30827
13144.6650390625,30755.875
13154.580078125,30654.4140625
13172.1708984375,30554.041015625
13259.44140625,30534.390625
13353.341796875,30569.701171875
13386.3388671875,30661.62890625
13329.33203125,30729.2421875
13302.857421875,30820.12109375
23933,30763
23895.16796875,30670.494140625
23871.9296875,30571.73046875
23821.166015625,30483.4921875
23770.021484375,30396.71484375
23707.42578125,30316.080078125
23650.1015625,30230.81640625
23587.00390625,30149.63671875
23532.509765625,30063.9609375
23453.208984375,30000.892578125
23386.33984375,29930.84765625
23331.6875,29848.78125
23402.919921875,29781.9921875
23493.357421875,29830.787109375
23562.7578125,29905.521484375
23637.24609375,29976.3515625
23695.15625,30060.47265625
23756.2109375,30135.802734375
23801.6015625,30227.2578125
23852.13671875,30309.1640625
23890.92578125,30399.8203125
23933.767578125,30493.1953125
23971.154296875,30587.724609375
23976.0390625,30685.51171875
18275,30723
18240.912109375,30652.4140625
18329.9375,30602.310546875
18410.3046875,30649.2578125
18356.48046875,30710.490234375
20944,30705
20896.58984375,30644.818359375
20922.291015625,30547.001953125
20938.2578125,30442.314453125
20970.552734375,30341.29296875
20994.71875,30237.53515625
21032.263671875,30139.10546875
21122.109375,30090.8984375
21168.44140625,30170.853515625
21140.796875,30273.5703125
21111.67578125,30375.759765625
21086.0078125,30479.134765625
21066.451171875,30583.869140625
21024.9609375,30681.916015625
7100,30678
7136.11865234375,30582.1171875
7175.228515625,30487.7265625
7205.50390625,30394.53515625
7246.99560546875,30349.421875
7288.99267578125,30262.060546875
7338.884765625,30174.66796875
7392.86376953125,30096.546875
7421.58154296875,29997.9765625
7465.68212890625,29905.59375
7515.87109375,29817.25390625
7560.05419921875,29726.78515625
7607.22412109375,29639.580078125
7626.4951171875,29542.650390625
7681.99560546875,29458.900390625
7721.5009765625,29363.943359375
7756.61572265625,29270.796875
7800.02392578125,29199.578125
7829.64599609375,29164.876953125
7837.39013671875,29076.0859375
7879.5146484375,28982.625
7906.25390625,28886.90234375
7925.564453125,28799.21875
7957.14111328125,28709.837890625
8003.67578125,28626.07421875
8052.23388671875,28555.25
8077.36181640625,28478.857421875
8090.64453125,28377.84765625
8122.33544921875,28281.220703125
8165.0400390625,28191.875
8198.3427734375,28098.798828125
8248.501953125,28009.517578125
8286.3154296875,27914.185546875
8338.2109375,27860.078125
8296.88671875,27952.943359375
8280.2041015625,28052.185546875
8243.0224609375,28148.083984375
8205.3505859375,28239.806640625
8158.5546875,28327.509765625
8136.66455078125,28427.556640625
8104.2958984375,28525.130859375
8066.64599609375,28620.837890625
8023.0830078125,28711.89453125
8007.6328125,28811.24609375
7966.6396484375,28905.57421875
7934.1943359375,29000.748046875
7900.115234375,29096.29296875
7868.1044921875,29192.75390625
7822.54443359375,29265.873046875
7805.04345703125,29341.404296875
7772.4970703125,29435.626953125
7737.771484375,29526.927734375
7674.7080078125,29597.294921875
7661.5205078125,29691.400390625
7617.28466796875,29773.3984375
7583.52783203125,29867.041015625
7524.74951171875,29950.697265625
7493.9013671875,30042.26953125
7452.369140625,30135.83203125
7407.91162109375,30225.755859375
7338,30301.1953125
7294.6025390625,30385.55078125
7267.88037109375,30479.1640625
7224.90673828125,30570.96484375
7173.9677734375,30659.642578125
22930,30673
22844.8125,30627.318359375
22802.994140625,30552.587890625
22900.4921875,30538.513671875
22998.3203125,30562.8515625
23013.79296875,30661.75
13583,30675
13516.7861328125,30600.62109375
13485.2099609375,30513.8828125
13499.849609375,30419.138671875
13579.560546875,30358.744140625
13665.1962890625,30305.73828125
13764.7900390625,30315.634765625
13839.6640625,30382.3671875
13824.228515625,30480.900390625
13751.349609375,30492.111328125
13703.6728515625,30471.822265625
13664.732421875,30536.703125
13649.2314453125,30637.671875
17206,30645
17226.357421875,30566.888671875
17277.05859375,30480.37109375
17331.568359375,30396.255859375
17388.357421875,30317.630859375
17438.8671875,30240.23828125
17513.298828125,30173.44921875
17578.2578125,30096.9375
17664.1328125,30050.392578125
17704.658203125,30102.96875
17654.6484375,30185.146484375
17585.9140625,30257.791015625
17527.890625,30339.798828125
17469.845703125,30417.97265625
17409.228515625,30496.5625
17345.90234375,30574.26171875
17286.685546875,30640.11328125
25404,30575
25302.44921875,30544.482421875
25255.17578125,30472.705078125
25358.521484375,30494.88671875
25459.556640625,30538.9921875
25502.240234375,30567.951171875
20652,30535
20586.416015625,30491.708984375
20491.166015625,30520.966796875
20487.15625,30429.037109375
20525.447265625,30337.373046875
20558.20703125,30239.958984375
20628.91796875,30167.029296875
20713.251953125,30159.87890625
20717.990234375,30253.23046875
20769.767578125,30163.947265625
20858.951171875,30120.9609375
20888.71484375,30203.201171875
20882.642578125,30277.302734375
20838.751953125,30365.6953125
20792.544921875,30458.42578125
20742.86328125,30544.41015625
21129,30508
21145.9609375,30403.921875
21189.76171875,30307.55078125
21287.697265625,30266.005859375
21328.36328125,30346.052734375
21299.921875,30448.892578125
21230.794921875,30521.21875
25155,30490
25063.0390625,30450.955078125
24974.06640625,30408.185546875
24876.708984375,30380.853515625
24786.361328125,30331.990234375
24698.84765625,30282.109375
24612.203125,30234.822265625
24524.1171875,30183.626953125
24435.767578125,30131.205078125
24356.197265625,30074.091796875
24275.0078125,30017.208984375
24214.755859375,29935.03125
24127.40234375,29886.21484375
24065.73828125,29918.521484375
23988.728515625,29851.328125
23904.576171875,29792.0078125
23816.685546875,29739.296875
23741.75,29672.43359375
23649.72265625,29627.162109375
23577.89453125,29555.1875
23618.71875,29494.66015625
23704.6875,29533.828125
23775.361328125,29532.72265625
23834.462890625,29518.65234375
23914.33984375,29583.080078125
23985.9375,29644.79296875
24060.88671875,29713.19140625
24142.91796875,29773.314453125
24214.5859375,29839.99609375
24293.08984375,29897.421875
24368.41796875,29966.08203125
24451.197265625,30026.583984375
24528.3515625,30087.544921875
24620.6640625,30131.978515625
24703.30859375,30184.0859375
24787.630859375,30224.91015625
24866.14453125,30291.05078125
24957.537109375,30332.5859375
25049.755859375,30370.263671875
25145.50390625,30405.708984375
25222.775390625,30462.265625
24350,30435
24263.814453125,30387.701171875
24219.732421875,30300.083984375
24142.59375,30307.240234375
24059.580078125,30251.0078125
23990.326171875,30181.2421875
23908.373046875,30122.79296875
23841.833984375,30048.7734375
23756.275390625,30004.904296875
23688.4296875,29929.8359375
23738.41796875,29912.00390625
23828.16796875,29947.740234375
23886.4609375,30003.23046875
23955.072265625,30076.69140625
24044.265625,30123.7421875
24125.197265625,30180.720703125
24206.07421875,30233.580078125
24278.8984375,30298.8515625
24354.498046875,30360.482421875
24426.267578125,30421.228515625
24440.765625,30462.501953125
20302,30362
20256.07421875,30275.04296875
20257.001953125,30169.216796875
20264.619140625,30063.609375
20324.029296875,29981.275390625
20404.62109375,30023.376953125
20409.09375,30119.748046875
20399.005859375,30218.1796875
20385.986328125,30316.419921875
9901,30333
9802.6298828125,30312.08203125
9715.380859375,30261.853515625
9763.8447265625,30185.458984375
9866.3115234375,30217.037109375
9950.9560546875,30282.708984375
13848,30320
13804.220703125,30235.6796875
13819.4189453125,30141.0234375
13879.0576171875,30072.75390625
13950.1953125,30053.283203125
13998.4111328125,30126.10546875
14032.396484375,30209.025390625
14027.01953125,30297.912109375
13938.8369140625,30335.927734375
16968,30309
16981.1484375,30223.59375
17047.244140625,30149.896484375
17132.62890625,30102.611328125
17229.052734375,30079.55859375
17284.62109375,30129.705078125
17214.458984375,30199.650390625
17129.357421875,30245.47265625
17061.5390625,30311.458984375
22857,30262
22789.41796875,30205.328125
22701.53125,30161.1484375
22622.375,30109.353515625
22551.9296875,30041.7265625
22608.251953125,29982.974609375
22701.2109375,30017.056640625
22782.236328125,30073.357421875
22847.9609375,30141.4609375
22930.71484375,30194.24609375
22943.68359375,30285.236328125
6799,30269
6807.26220703125,30167.9765625
6846.35498046875,30071.353515625
6895.6943359375,29981.67578125
6943.064453125,29888.7890625
6995.1142578125,29798.736328125
7039.01708984375,29721.705078125
7087.55712890625,29631.73828125
7151.3994140625,29556.71875
7170.17041015625,29455.521484375
7210.02001953125,29362.634765625
7249.55810546875,29267.70703125
7298.61669921875,29175.767578125
7346.09619140625,29086.150390625
7374.431640625,29000.478515625
7418.85302734375,28907.890625
7467.13671875,28828.033203125
7499.90380859375,28729.328125
7543.349609375,28634.544921875
7580.68212890625,28539.15234375
7627.95947265625,28448.009765625
7664.42578125,28351.369140625
7707.36328125,28257.216796875
7769.51708984375,28180.4765625
7804.3955078125,28101.24609375
7795.171875,28203.8125
7755.56640625,28299.29296875
7718.3203125,28394.51171875
7702.73291015625,28493.474609375
7647.41357421875,28581.685546875
7616.3994140625,28679.8203125
7576.33935546875,28775.951171875
7532.1953125,28870.14453125
7497.701171875,28967.62109375
7453.87646484375,29062.23828125
7406.48193359375,29155.107421875
7356.76171875,29246.5
7309.240234375,29337.759765625
7275.41162109375,29436.205078125
7236.31787109375,29529.990234375
7182.37939453125,29618.91796875
7130.494140625,29705.44921875
7103.4912109375,29793.0546875
7067.076171875,29887.013671875
7019.54296875,29979.82421875
6969.3515625,30068.18359375
6923.708984375,30155.025390625
6875.962890625,30243.3125
16693,30280
16708.634765625,30199.2734375
16776.197265625,30120.716796875
16836.369140625,30033.93359375
16894.65625,29948.017578125
16974.744140625,29880.19140625
17043.044921875,29938.490234375
16998.8359375,30025.177734375
16939.39453125,30112.05078125
16868.17578125,30190.8203125
16791.49609375,30264.30078125
14131,30229
14101.693359375,30144.205078125
14158.33984375,30106.5078125
14232.3056640625,30161.748046875
14211.3623046875,30244.474609375
12285,30118
12185.3427734375,30088.978515625
12082.43359375,30074.869140625
11985.3994140625,30044.8671875
11887.419921875,30010.345703125
11797.38671875,29970.82421875
11707.041015625,29920.822265625
11615.8818359375,29873.095703125
11527.90625,29819.744140625
11436.3564453125,29771.966796875
11349.421875,29715.228515625
11264.298828125,29662.953125
11184.814453125,29613.974609375
11139.392578125,29529.97265625
11236.775390625,29513.302734375
11328.8515625,29556.72265625
11409.259765625,29621.978515625
11493.13671875,29683.251953125
11574.0390625,29744.474609375
11663.3828125,29795.67578125
11756.3466796875,29839.93359375
11846.3447265625,29885.267578125
11934.98046875,29938.814453125
12036.1337890625,29959.4765625
12135.306640625,29990.2578125
12235.0859375,30017.333984375
12336.236328125,30040.23046875
12439.9365234375,30042.59375
12543.6123046875,30035.3125
12646.9609375,30024.2734375
12749.9140625,30010.013671875
12852.802734375,29995.294921875
12955.185546875,29977.6640625
13052.111328125,29945.099609375
13154.341796875,29929.958984375
13251.94921875,29894.720703125
13345.6962890625,29849.8515625
13431.7353515625,29794.869140625
13520.4990234375,29743.236328125
13592.376953125,29668.935546875
13662.42578125,29592.701171875
13727.1611328125,29540.05859375
13771.6376953125,29621.158203125
13707.029296875,29698.078125
13651.8720703125,29782.298828125
13572.75,29849.357421875
13475.0068359375,29881.466796875
13389.1845703125,29938.767578125
13293.3486328125,29978.658203125
13201.0283203125,30022.9140625
13098.349609375,30036.150390625
13005.59765625,30073.484375
12904.8642578125,30077.513671875
12802.6044921875,30095.904296875
12699.140625,30105.33203125
12595.6123046875,30114.451171875
12492.291015625,30125.53515625
12388.4033203125,30127.490234375
23240,30080
23171.80078125,30017.5
23120.0703125,29937.275390625
23166.115234375,29865.751953125
23243.484375,29909.716796875
23323.619140625,29957.751953125
23318.435546875,30053.46875
9262,29904
9214.1552734375,29839.958984375
9299.7255859375,29802.541015625
9361.896484375,29783.255859375
9437.154296875,29824.015625
9452.01953125,29897.9453125
9357.5712890625,29920.498046875
8955,29703
9002.837890625,29625.60546875
9027.939453125,29531.9140625
9090.6240234375,29466.48828125
9140.4931640625,29407.666015625
9163.98046875,29460.373046875
9134.7880859375,29554.220703125
9087.0283203125,29640.6484375
9026.6923828125,29708.32421875
10150,29615
10155.7734375,29515.177734375
10180.5009765625,29419.029296875
10206.236328125,29319.4609375
10229.5576171875,29221.203125
10260.646484375,29124.57421875
10283.7294921875,29024.296875
10316.3984375,28926.443359375
10352.072265625,28829.734375
10400.5029296875,28743.234375
10435.9697265625,28646.74609375
10485.3310546875,28566.05078125
10531.98046875,28476.5703125
10574.3388671875,28382.619140625
10622.5859375,28291.408203125
10672.6826171875,28201.189453125
10726.65234375,28113.236328125
10779.412109375,28025.46484375
10843.6591796875,27945.44921875
10901.5400390625,27865.50390625
10966.3583984375,27786.087890625
11029.16796875,27705.0546875
11109.3544921875,27640.451171875
11086.498046875,27711.02734375
11034.6796875,27799.830078125
10978.083984375,27882.638671875
10915.498046875,27960.283203125
10865.1533203125,28049.072265625
10820.5703125,28141.421875
10750.9560546875,28202.33203125
10732.8095703125,28286.84375
10744.74609375,28372.56640625
10810.52734375,28452.056640625
10860.6064453125,28541.68359375
10904.494140625,28560.560546875
10987.8271484375,28504.166015625
11062.306640625,28549.373046875
11089.5859375,28648.857421875
11141.5048828125,28736.8359375
11184.3876953125,28830.669921875
11183.5185546875,28902.673828125
11182.0830078125,28985.810546875
11231.2236328125,29072.90625
11204.4140625,29135.580078125
11121.1630859375,29083.923828125
11020.4365234375,29080.107421875
10922.3671875,29075.84375
10843.8017578125,29018.37109375
10881.0986328125,28932.806640625
10872.4833984375,28869.01953125
10822.3935546875,28779.40625
10768.37109375,28693.962890625
10717.3173828125,28606.5
10662.1591796875,28519.34765625
10584.5048828125,28537.154296875
10543.783203125,28630.486328125
10500.849609375,28723.9296875
10475.9423828125,28823.9765625
10437.6923828125,28918.951171875
10389.3271484375,29009.390625
10367.3857421875,29108.90625
10335.94921875,29207.1640625
10308.3759765625,29306.205078125
10284.5498046875,29389.6875
10253.66796875,29487.28125
10226.0068359375,29582.662109375
10845,29611
10777.431640625,29535.798828125
10773.0498046875,29431.50390625
10780.4599609375,29327.46875
10858.87890625,29263.013671875
10948.6044921875,29287.990234375
10931.1259765625,29388.07421875
11016.244140625,29356.619140625
11083.6318359375,29317.833984375
11143.587890625,29402.9765625
11075.056640625,29468.845703125
10979.8896484375,29512.03515625
10938.16015625,29601.783203125
22331,29610
22331.185546875,29508.78515625
22353.109375,29407.43359375
22359.017578125,29303.796875
22317.291015625,29263.42578125
22265.22265625,29330.296875
22183.943359375,29319.466796875
22205.79296875,29227.708984375
22287.16796875,29181.83984375
22222.55859375,29105.505859375
22277.119140625,29026.69921875
22341.291015625,28964.958984375
22441.453125,28950.603515625
22383.59765625,28871.4921875
22478.65625,28898.24609375
22488.154296875,29000.60546875
22504.21875,29103.2578125
22523.021484375,29202.38671875
22508.59375,29305.447265625
22497.52734375,29408.84765625
22492.62109375,29512.98046875
22431.037109375,29585.82421875
24805,29606
24705.115234375,29576.1484375
24605.83984375,29544.5078125
24519.4765625,29497.806640625
24432.8359375,29471.986328125
24377.705078125,29501.2421875
24292.236328125,29509.783203125
24202.46875,29463.669921875
24128.98046875,29407.451171875
24191.607421875,29376.447265625
24141.5234375,29314.708984375
24053.646484375,29258.548828125
23966.640625,29203.087890625
23887.349609375,29142.125
23802.48828125,29087.509765625
23717.783203125,29030.744140625
23630.5078125,28978.810546875
23548.275390625,28919.92578125
23468.263671875,28853.24609375
23394.3046875,28783.560546875
23378.2421875,28695.595703125
23469.4609375,28664.984375
23545.78125,28735.55078125
23603.7578125,28814.396484375
23684.90625,28879.740234375
23775.125,28931.921875
23856.94140625,28992.767578125
23926.27734375,29070.224609375
24013.146484375,29120.412109375
24098.134765625,29173.107421875
24178.4609375,29235.701171875
24267.33984375,29289.958984375
24333.87109375,29332.162109375
24420.03515625,29379.259765625
24514.70703125,29420.349609375
24605.66015625,29466.794921875
24697.19140625,29515.404296875
24792.654296875,29548.849609375
24883.62109375,29581.18359375
8311,29601
8347.1015625,29512.865234375
8410.123046875,29437.134765625
8495.5263671875,29378.7578125
8562.2587890625,29336.724609375
8521.5927734375,29425.1875
8470.9658203125,29504.037109375
8396.833984375,29566.845703125
8666,29601
8607.3232421875,29535.19921875
8692.8212890625,29496.591796875
8780.8515625,29450.68359375
8853.611328125,29426.529296875
8925.53125,29469.0234375
8862.55078125,29550.091796875
8770.5732421875,29595.490234375
14814,29601
14824.009765625,29513.21875
14875.8193359375,29435.87109375
14934.533203125,29356.20703125
14973.1953125,29260.59765625
15028.6962890625,29184.693359375
15086.201171875,29098.56640625
15149.3916015625,29016.30078125
15208.1748046875,28931.80859375
15267.1416015625,28846.267578125
15353.490234375,28792.103515625
15410.2158203125,28846.26953125
15342.7666015625,28925.396484375
15288.673828125,29001.84765625
15237.5751953125,29088.41015625
15197.4736328125,29181.673828125
15160.4912109375,29273.978515625
15092.923828125,29346.892578125
15042.3271484375,29435.603515625
14978.107421875,29517.275390625
14908.8583984375,29592.1171875
5431,29486
5488.0595703125,29411.1484375
5550.82568359375,29330.609375
5623.9873046875,29264.912109375
5682.24755859375,29201.8125
5734.1474609375,29116.287109375
5800.6630859375,29040.6484375
5849.02197265625,28984.2265625
5890.42333984375,28912.755859375
5978.05126953125,28885.302734375
5983.77197265625,28824.5234375
6046.44970703125,28744.59375
6103.021484375,28673.064453125
6157.93603515625,28592.3203125
6222.4990234375,28511.509765625
6293.77001953125,28436.4375
6361.4453125,28365.5625
6424.15966796875,28295.271484375
6483.181640625,28211.984375
6534.78369140625,28126.32421875
6603.84423828125,28050.169921875
6588.16650390625,28007.16796875
6495.6328125,27966.919921875
6431.34375,27890.560546875
6359.13232421875,27816.712890625
6289.9541015625,27740.99609375
6213.16943359375,27673.033203125
6208.0927734375,27587.0234375
6300.54248046875,27623.775390625
6379.49169921875,27690.521484375
6460.19921875,27752.349609375
6532.24365234375,27826.66015625
6604.94189453125,27889.9453125
6682.28662109375,27949.154296875
6746.072265625,27872.443359375
6823.400390625,27804.521484375
6895.908203125,27744.44921875
6878.03466796875,27831.9765625
6797.17041015625,27887.880859375
6748.2705078125,27972.697265625
6718.59765625,28056.62890625
6653.4521484375,28091.24609375
6599.97802734375,28176.625
6528.4697265625,28246.99609375
6469.337890625,28331.794921875
6391.92919921875,28397.416015625
6342.5166015625,28486.337890625
6279.18701171875,28565.826171875
6214.533203125,28645.396484375
6155.37060546875,28728.58203125
6110.92236328125,28799.94921875
6043.6337890625,28877.3203125
5974.802734375,28954.55078125
5912.77978515625,29029.962890625
5849.1962890625,29107.130859375
5783.42138671875,29184.939453125
5717.34326171875,29264.248046875
5652.3330078125,29340.236328125
5578.24658203125,29404.0234375
5507.13037109375,29472.083984375
15201,29452
15217.0283203125,29362.654296875
15261.6953125,29269.955078125
15319.716796875,29185.123046875
15392.0732421875,29108.27734375
15471.013671875,29042.470703125
15554.0556640625,29072.40625
15533.4345703125,29174.015625
15488.9599609375,29220.923828125
15410.830078125,29287.826171875
15350.28515625,29372.62109375
15276.9853515625,29443.029296875
15580,29420
15584.1103515625,29336.41015625
15638.1728515625,29256.4765625
15717.9765625,29238.55078125
15792.51171875,29281.724609375
15730.3095703125,29347.423828125
15652.130859375,29406.794921875
22634,29345
22599.822265625,29252.330078125
22579.578125,29155.53125
22591.279296875,29066.26953125
22686.25390625,29034.525390625
22758.001953125,29083.6328125
22832.705078125,29062.23828125
22908.078125,29110.85546875
22849.771484375,29181.16796875
22760.92578125,29194.08984375
22784.693359375,29281.486328125
22732.322265625,29358.65625
6899,29330
6881.34228515625,29264.154296875
6952.70458984375,29188.154296875
7019.8935546875,29108.853515625
7078.48095703125,29028.9765625
7133.54345703125,28940.921875
7199.9873046875,28945.880859375
7181.7021484375,29047.876953125
7124.09228515625,29132.04296875
7058.9453125,29212.775390625
6988.88720703125,29289.822265625
19262,29292
19243.009765625,29192.572265625
19241.2578125,29089.384765625
19253.62109375,28987.65625
19226.869140625,28979.84375
19183.3984375,29073.18359375
19130.091796875,29160.701171875
19046.595703125,29170.1015625
19024.080078125,29078.271484375
19047.150390625,28979.064453125
19079.625,28882.359375
19105.822265625,28782.90625
19148.4453125,28688.978515625
19096.849609375,28693.908203125
19041.392578125,28780.787109375
18978.181640625,28844.16796875
18893.548828125,28805.3125
18916.0703125,28705.19140625
18945.65625,28606.52734375
18863.890625,28648.7890625
18801.171875,28730.27734375
18713.212890625,28738.55078125
18706.984375,28644.310546875
18753.29296875,28555.466796875
18818.75,28475.9453125
18917.84375,28467.552734375
19011.890625,28506.3671875
19100.5390625,28473.611328125
19164.05859375,28528.912109375
19143.98828125,28622.9375
19201.322265625,28569.12109375
19295.46484375,28527.15625
19331.369140625,28604.390625
19357.904296875,28648.724609375
19423.29296875,28575.78515625
19503.751953125,28595.4140625
19488.150390625,28697.166015625
19445.583984375,28786.40625
19417.650390625,28882.0703125
19417.427734375,28981.181640625
19387.9921875,29080.08203125
19361.0078125,29176.91015625
19344.146484375,29275.8203125
21325,29277
21314.6328125,29174.74609375
21324.955078125,29075.541015625
21326.609375,28971.876953125
21338.900390625,28868.697265625
21330.94140625,28792.361328125
21245.48828125,28813.705078125
21193.984375,28730.75390625
21110.033203125,28773.361328125
21040.396484375,28709.32421875
20973.740234375,28745.716796875
20898.962890625,28812.537109375
20826.95703125,28773.865234375
20859.5625,28675.44921875
20912.302734375,28586.06640625
20978.73828125,28506.279296875
21066.412109375,28472.3203125
21144.484375,28526.544921875
21224.439453125,28496.4921875
21302.447265625,28477.404296875
21378.751953125,28430.205078125
21450.599609375,28470.884765625
21525.732421875,28400.16015625
21575.458984375,28416.412109375
21607.494140625,28480.2109375
21572.029296875,28577.03125
21527.7421875,28671.00390625
21584.974609375,28717.7421875
21688.75,28712.6640625
21784.830078125,28707.26171875
21828.603515625,28785.95703125
21769.986328125,28871.232421875
21701.412109375,28945.248046875
21625.087890625,29006.6953125
21598.302734375,29106.328125
21540.42578125,29191.21484375
21457.310546875,29203.357421875
21405.626953125,29280.111328125
8166,29224
8192.6240234375,29150.4765625
8266.9150390625,29084.125
8329.578125,29023.25
8386.751953125,28941.98828125
8464.9384765625,28896.947265625
8505.20703125,28962.3125
8477.91015625,29039.125
8411.8408203125,29109.921875
8341.1494140625,29174.083984375
8253.7314453125,29220.373046875
13039,29226
12935.3623046875,29218.685546875
12831.470703125,29214.361328125
12740.068359375,29199.271484375
12663.5078125,29161.431640625
12569.4765625,29125.765625
12476.0751953125,29084.21875
12399.2509765625,29014.541015625
12325.5625,28941.185546875
12361.068359375,28872.53125
12463.1162109375,28864.1328125
12499.3974609375,28960.22265625
12570.9228515625,29029.1015625
12663.267578125,29063.556640625
12760.1943359375,29082.126953125
12856.0087890625,29112.296875
12959.357421875,29123.376953125
13063.142578125,29129.650390625
13125.41015625,29180.03515625
25375,29186
25279.9921875,29146.890625
25189.4609375,29104.408203125
25096.158203125,29076.3828125
25003.248046875,29033.87109375
24973.69140625,28987.390625
24887.970703125,28989.87890625
24799.14453125,28954.615234375
24710.291015625,28914.46484375
24615.0703125,28878.041015625
24520.1953125,28840.818359375
24423.279296875,28808.712890625
24398.890625,28719.291015625
24488.013671875,28751.1640625
24574.474609375,28785.8203125
24671.953125,28814.439453125
24764.00390625,28856.9453125
24863.630859375,28883.630859375
24952.640625,28933.4921875
25044.333984375,28969.60546875
25140.50390625,29004.650390625
25229.947265625,29052.783203125
25324.05859375,29094.544921875
25399.962890625,29158.662109375
14815,29069
14820.244140625,28978.25390625
14867.0517578125,28891.169921875
14930.1982421875,28809.478515625
14964.1220703125,28749.873046875
14924.474609375,28747.498046875
14888.890625,28801.22265625
14812.10546875,28864.5859375
14736.9306640625,28909.240234375
14714.80078125,28832.1796875
14662.8583984375,28831.716796875
14562.7314453125,28849.453125
14530.2626953125,28765.841796875
14590.390625,28697.8828125
14601.2841796875,28634.244140625
14545.248046875,28718.580078125
14482.6416015625,28800.666015625
14412.564453125,28870.74609375
14314.798828125,28903.25390625
14284.666015625,28833.234375
14343.376953125,28754.09375
14405.916015625,28679.62890625
14465.443359375,28608.7734375
14532.2646484375,28534.50390625
14620.8642578125,28486.60546875
14645.548828125,28584.482421875
14745.0419921875,28610.5078125
14814.59375,28650.216796875
14909.5322265625,28621.9609375
14977.822265625,28647.513671875
15048.0234375,28663.490234375
15134.046875,28666.03125
15166.7119140625,28755.666015625
15107.7978515625,28830.08984375
15049.6083984375,28914.564453125
14985.60546875,28991.4609375
14900.8837890625,29049.740234375
24376,29073
24283.60546875,29051.4296875
24189.73828125,29032.427734375
24107.30859375,28980.951171875
24056.84765625,28910.0703125
24155.0625,28898.166015625
24234.28125,28942.8671875
24328.716796875,28973.076171875
24421.80078125,29006.509765625
24467.064453125,29048.0078125
6717,28862
6725.05322265625,28773.990234375
6773.76123046875,28688.505859375
6838.65673828125,28616.111328125
6921.2548828125,28562.90234375
6988.044921875,28609.37109375
6930.54541015625,28681.5234375
6868.70751953125,28758.24609375
6800.5048828125,28818.365234375
9657,28844
9550.5732421875,28818.84375
9447.5732421875,28803.005859375
9411.375,28734.734375
9516.9462890625,28709.056640625
9624.0390625,28728.537109375
9712.8935546875,28787.412109375
8385,28820
8347.0888671875,28733.34765625
8357.171875,28632.41015625
8374.6689453125,28532.724609375
8392.591796875,28433.25390625
8406.9560546875,28333.576171875
8433.541015625,28246.966796875
8456.201171875,28148.078125
8505.1669921875,28115.4921875
8523.4013671875,28017.265625
8582.0029296875,27935.1484375
8659.5693359375,27887.166015625
8689.0546875,27962.6875
8640.9873046875,28051.734375
8605.0205078125,28145.095703125
8562.7744140625,28237.1953125
8542.1708984375,28336.62109375
8527.486328125,28437.10546875
8496.7724609375,28518.1484375
8480.9267578125,28612.65625
8455.3876953125,28693.09375
8448.5615234375,28772.134765625
12765,28774
12699.0634765625,28705.02734375
12742.095703125,28635.271484375
12827.15234375,28677.396484375
12849.2001953125,28766.734375
24305,28761
24209.583984375,28722.53125
24116.37109375,28678.931640625
24027.64453125,28636.26171875
23939.626953125,28585.62890625
23871.134765625,28531.92578125
23908.326171875,28492.35546875
24001.705078125,28533.572265625
24096.416015625,28570.09375
24193.26953125,28603.2265625
24287.240234375,28644.298828125
24354.765625,28713.76171875
11365,28717
11300.2568359375,28642.041015625
11272.4833984375,28546.14453125
11240.060546875,28454.8828125
11227.76953125,28366.875
11221.1494140625,28272.31640625
11310.0859375,28241.052734375
11393.509765625,28282.474609375
11430.9345703125,28359.951171875
11424.13671875,28451.001953125
11481.076171875,28521.546875
11484.1279296875,28610.12109375
11455.7451171875,28704.271484375
18495,28638
18502.720703125,28549.5546875
18565.513671875,28467.09375
18618.25390625,28377.505859375
18658.25390625,28292.369140625
18744.458984375,28231.3515625
18790.708984375,28303.205078125
18756.197265625,28395.671875
18711.306640625,28484.43359375
18661.935546875,28575.150390625
18596.5078125,28653.47265625
11586,28441
11513.41015625,28389.287109375
11584.9443359375,28325.634765625
11679.814453125,28333.58203125
11681.3994140625,28438.63671875
6708,28429
6680.08056640625,28337.439453125
6718.34521484375,28258.673828125
6792.5703125,28283.16796875
6832.17529296875,28352.205078125
6800.5,28439.54296875
19086,28433
18990.00390625,28416.5625
18946.951171875,28365.470703125
19020.732421875,28301.9375
19089.404296875,28241.681640625
19172.61328125,28277.580078125
19147.908203125,28368.052734375
24105,28370
24008.91015625,28334.296875
23917.255859375,28288.3046875
23829.353515625,28242.859375
23739.12109375,28196.865234375
23667.46484375,28123.748046875
23665.373046875,28043.9765625
23757.828125,28082.96484375
23839.048828125,28143.7421875
23922.244140625,28202.07421875
24010.38671875,28252.484375
24098.8359375,28304.06640625
24189.5,28339.28515625
10457,28322
10376.9013671875,28264.697265625
10321.703125,28181.365234375
10256.1357421875,28111.99609375
10223.05859375,28025.798828125
10263.705078125,27951.68359375
10357.955078125,27933.53515625
10448.01171875,27891.70703125
10537.9990234375,27847.740234375
10555.7802734375,27938.34765625
10520.0810546875,28030.41796875
10511.6875,28124.341796875
10544.27734375,28216.337890625
10552.6953125,28302.5078125
24292,28300
24267.1875,28215.904296875
24363.16796875,28168.69140625
24467.353515625,28152.42578125
24535.130859375,28158.21484375
24585.140625,28239.11328125
24489.751953125,28270.404296875
24384.990234375,28274.251953125
8920,28292
8870.76171875,28209.041015625
8869.984375,28106.23828125
8882.6865234375,28003.9453125
8899.634765625,27902.294921875
8984.1337890625,27877.70703125
9030.3525390625,27951.3203125
9008.916015625,28032.2890625
8995.642578125,28134.359375
8981.5751953125,28236.134765625
16426,28254
16431.408203125,28162.150390625
16469.857421875,28067.712890625
16513.39453125,27974.8359375
16560.275390625,27884.2265625
16604.052734375,27794.3984375
16642.955078125,27699.6875
16600.537109375,27726.2734375
16552.71484375,27816.9921875
16502.625,27906.169921875
16442.181640625,27988.935546875
16375.7685546875,28058.61328125
16298.419921875,28021.8828125
16328.6943359375,27926.609375
16377.6650390625,27836.759765625
16412.029296875,27749.765625
16475.951171875,27674.275390625
16516.53125,27581.439453125
16544.029296875,27485.08203125
16597.822265625,27404.86328125
16640.240234375,27311.640625
16698.4921875,27227.421875
16786.80078125,27183.916015625
16847.724609375,27234.939453125
16829.744140625,27311.55078125
16762.310546875,27382.70703125
16705.91796875,27467.763671875
16680.630859375,27553.34375
16672.177734375,27640.470703125
16738.0546875,27597.83203125
16772.705078125,27502.916015625
16823.232421875,27413.677734375
16904.64453125,27382.240234375
16942.0859375,27445.103515625
16878.94140625,27520.650390625
16851.796875,27618.6171875
16810.54296875,27712.029296875
16771.296875,27806.74609375
16720.025390625,27892.31640625
16675.92578125,27983.9609375
16618.31640625,28068.857421875
16577.66015625,28157.666015625
16515.474609375,28239.09375
16695,28209
16703.400390625,28113.333984375
16738.322265625,28020.962890625
16779.552734375,27929.083984375
16821.513671875,27837.5078125
16868.865234375,27748.66796875
16924.119140625,27665.939453125
16988.822265625,27590.939453125
17041.13671875,27505.228515625
17080.619140625,27441.158203125
17168.849609375,27452.005859375
17166.75390625,27546.046875
17121.421875,27635.95703125
17064.6640625,27715.958984375
17020.49609375,27805.931640625
16970.142578125,27893.197265625
16920.05078125,27979.43359375
16866.23828125,28062.16015625
16833.76171875,28136.083984375
16776.537109375,28217.533203125
9880,28156
9787.291015625,28127.509765625
9691.880859375,28120.083984375
9668.99609375,28032.669921875
9748.8046875,27981.126953125
9837.8642578125,28013.189453125
9925.5498046875,28052.765625
9949.2724609375,28126.78515625
9202,28108
9216.5869140625,28012.876953125
9297.8037109375,27968.173828125
9380.07421875,27918.5234375
9445.298828125,27841.67578125
9511.2275390625,27907.28515625
9459.8818359375,27988.236328125
9371.4287109375,28029.2734375
9299.310546875,28100.10546875
17122,27988
17106.30078125,27889.06640625
17145.3046875,27794.12890625
17180.1796875,27697.447265625
17219.69140625,27604.90625
17254.68359375,27513.63671875
17312.640625,27442.884765625
17374.162109375,27372.201171875
17455.3203125,27423.037109375
17420.9296875,27502.990234375
17387.169921875,27597.87890625
17343.388671875,27687.419921875
17309.578125,27782.56640625
17263.705078125,27873.76171875
17192.486328125,27945.07421875
7293,27960
7223.43359375,27906.8984375
7157.12841796875,27841.9765625
7180.92138671875,27774.76953125
7277.73681640625,27784.138671875
7351.8291015625,27847.84765625
7432.74755859375,27898.541015625
7466.650390625,27937.12890625
7384.2001953125,27975.74609375
20669,27954
20644.376953125,27855.81640625
20594.96484375,27819.82421875
20504.76171875,27824.716796875
20470.234375,27728.521484375
20465.55859375,27626.0546875
20464.33984375,27531.458984375
20455.423828125,27429.03515625
20443.462890625,27327.681640625
20355.25,27359.693359375
20291.615234375,27282.294921875
20232.1328125,27273.197265625
20155.765625,27222.48828125
20058.48046875,27222.373046875
20013.7734375,27143.197265625
20023.69140625,27040.794921875
20027.16796875,26943.744140625
20082.15234375,26866.6484375
20176.16796875,26896.484375
20262.478515625,26922.017578125
20355.67578125,26904.5625
20436.068359375,26908.96484375
20475.142578125,26839.380859375
20544.259765625,26766.267578125
20626.6015625,26789.986328125
20630.00390625,26881.78515625
20604.53515625,26981.359375
20577.177734375,27080.15234375
20610.71484375,27143.0234375
20610.521484375,27051.8125
20689.962890625,26986.6953125
20763.12890625,26945.986328125
20821.423828125,27020.791015625
20840.11328125,27109.806640625
20927.958984375,27105.1953125
20988.033203125,27188.455078125
21068.8671875,27240.1171875
21111.97265625,27323.8203125
21095.841796875,27412.7421875
21013.337890625,27461.50390625
20941.12890625,27432.65234375
20883.2109375,27505.671875
20798.41796875,27454.990234375
20779.09765625,27357.63671875
20746.095703125,27444.84375
20744.919921875,27545.564453125
20755.4296875,27647.787109375
20748.716796875,27741.62890625
20762.115234375,27840.703125
20752.1015625,27943.048828125
10275,27884
10276.421875,27801.09375
10330.0693359375,27727.12109375
10391.7373046875,27648.07421875
10441.298828125,27559.48828125
10489.380859375,27470.341796875
10544.96484375,27387.337890625
10625.302734375,27386.435546875
10632.552734375,27486.0390625
10596.40234375,27580.455078125
10558.9482421875,27663.076171875
10504.9306640625,27748.896484375
10439.8896484375,27826.96484375
10360.9853515625,27886.765625
23982,27858
24027.7890625,27785.76171875
24123.359375,27748.1015625
24218.158203125,27709.681640625
24180.888671875,27623.3671875
24249.75390625,27549.306640625
24344.6953125,27511.921875
24442.734375,27530.517578125
24420.615234375,27616.05078125
24454.5390625,27655.556640625
24556.474609375,27635.9375
24659.779296875,27627.107421875
24660.982421875,27700.90234375
24560.08203125,27721.47265625
24463.662109375,27751.58203125
24372.529296875,27764.22265625
24283.55859375,27808.154296875
24183.57421875,27829.779296875
24082.2578125,27852.044921875
17532,27725
17520.109375,27646.462890625
17534.767578125,27542.30859375
17577.0859375,27447.78125
17640.349609375,27378.931640625
17715.544921875,27343.802734375
17789.36328125,27404.322265625
17791.55078125,27466.43359375
17875.88671875,27405.771484375
17958.9609375,27451.8359375
17927.712890625,27549.275390625
17874.28125,27639.4375
17797.595703125,27698.228515625
17726.58203125,27627.271484375
17762.150390625,27537.189453125
17714.265625,27511.658203125
17657.634765625,27597.33203125
17616.376953125,27692.2109375
6935,27690
6885.74267578125,27634.251953125
6792.37353515625,27599.837890625
6729.62548828125,27526.271484375
6810.4775390625,27480.080078125
6890.2783203125,27511.560546875
6971.486328125,27563.5546875
7067.27490234375,27585.08984375
7106.1259765625,27643.859375
7010.8037109375,27668.83203125
9255,27610
9192.763671875,27540.287109375
9151.9248046875,27451.72265625
9133.9736328125,27354.10546875
9226.8544921875,27331.41796875
9294.55078125,27399.744140625
9314.2890625,27320.4921875
9410.818359375,27297.19140625
9498.7509765625,27347.875
9582.2763671875,27398.962890625
9646.896484375,27476.787109375
9627.443359375,27556.439453125
9534.880859375,27516.7578125
9448.474609375,27463.27734375
9354.111328125,27425.8125
9345.9931640625,27506.693359375
9335.4814453125,27600.232421875
7654,27606
7568.91357421875,27557.650390625
7521.2265625,27474.076171875
7568.11962890625,27428.76953125
7655.6328125,27448.568359375
7729.46044921875,27511.396484375
7804.89453125,27555.6796875
7750.78125,27616.931640625
16295,27593
16283.6923828125,27494.591796875
16339.0107421875,27408.267578125
16323.265625,27393.1484375
16225.900390625,27402.541015625
16177.603515625,27327.00390625
16100.7890625,27270.943359375
16112.75390625,27169.6484375
16056.462890625,27210.171875
15977.7138671875,27273.04296875
15899.12109375,27228.62109375
15931.6669921875,27138.1328125
15991.8037109375,27056.400390625
16070.341796875,27024.9375
16110.5302734375,27114.6015625
16187.0703125,27144.83203125
16284.767578125,27167.453125
16363.0361328125,27158.6875
16433.544921875,27223.279296875
16525.71484375,27259.67578125
16546.08984375,27358.87109375
16530.923828125,27456.18359375
16459.951171875,27524.908203125
16381.7001953125,27587.595703125
10144,27575
10127.8916015625,27489.1015625
10067.3466796875,27548.021484375
9969.9951171875,27523.576171875
9900.5322265625,27475.427734375
9955.4228515625,27395.6484375
10047.6279296875,27359.33203125
10148.2861328125,27342.12890625
10243.744140625,27324.18359375
10327.6748046875,27380.068359375
10352.12109375,27462.701171875
10315.20703125,27552.552734375
10225.697265625,27595.134765625
7963,27329
7859.373046875,27307.423828125
7753.07275390625,27295.1875
7647.94677734375,27281.791015625
7562.38525390625,27219.580078125
7581.865234375,27157.919921875
7663.07421875,27172.404296875
7755.6142578125,27209.67578125
7849.1279296875,27219.466796875
7942.5439453125,27260.697265625
8012.28759765625,27268.259765625
8060.07470703125,27305.513671875
23160,27300
23116.236328125,27212.16015625
23025.080078125,27168.6484375
22961.890625,27086.232421875
22905.587890625,27005.28515625
22835.73828125,26928.859375
22789.130859375,26837.33203125
22803.298828125,26765.37890625
22890.904296875,26757.611328125
22952.521484375,26840.91796875
23023.927734375,26916.3984375
23060.484375,26904.1640625
23013.365234375,26812.439453125
23033.4296875,26718.974609375
23128.634765625,26742.9296875
23129.638671875,26669.0078125
23181.19921875,26591.236328125
23272.630859375,26632.92578125
23369.392578125,26631.515625
23409.416015625,26720.546875
23370.7109375,26816.8828125
23304.173828125,26889.419921875
23296.7734375,26934.96875
23313.587890625,27017.521484375
23233.4453125,27064.537109375
23134.025390625,27039.658203125
23103.0625,27024.576171875
23165.72265625,27105.302734375
23233.23046875,27184.294921875
23292.306640625,27268.271484375
23245.232421875,27323.85546875
22197,27308
22111.833984375,27267.865234375
22029.572265625,27209.751953125
21966.7265625,27134.087890625
22020.205078125,27064.12890625
22114.1640625,27097.439453125
22187.763671875,27089.0859375
22279.70703125,27050.666015625
22365.744140625,27088.890625
22397.24609375,27160.115234375
22355.876953125,27241.373046875
22253.587890625,27248.68359375
7306,27260
7208.60400390625,27246.212890625
7110.01904296875,27232.76171875
7016.630859375,27205.3046875
6922.958984375,27169.462890625
6830.6416015625,27137.07421875
6752.22900390625,27083.779296875
6779.17919921875,26990.88671875
6867.4482421875,27019.76953125
6952.79248046875,27062.541015625
7036.181640625,27084.162109375
7114.287109375,27117.36328125
7211.95654296875,27138.38671875
7308.0234375,27165.87890625
7402.31005859375,27196.837890625
7405.24609375,27256.931640625
8627,27246
8625.794921875,27152.470703125
8721.0185546875,27115.21875
8825.669921875,27116.9453125
8893.3046875,27191.7421875
8830.3203125,27255.6484375
8728.5009765625,27239.896484375
10105,27248
10019.51953125,27209.927734375
10014.77734375,27111.130859375
10031.6337890625,27013.7890625
10058.6904296875,26927.830078125
10137.962890625,26874.392578125
10226.3408203125,26907.853515625
10209.2119140625,27002.482421875
10189.595703125,27096.884765625
10174.30859375,27194.79296875
6121,27240
6027.056640625,27216.986328125
5932.462890625,27175.486328125
5843.9296875,27119.943359375
5758.279296875,27060.22265625
5692.02197265625,26995.5625
5692.3388671875,26903.455078125
5787.81982421875,26919.037109375
5862.537109375,26988.76171875
5935.97216796875,27044.904296875
6014.17041015625,27113.279296875
6096.13134765625,27175.046875
22566,27225
22510.169921875,27132.353515625
22587.375,27073.958984375
22661.853515625,27139.19140625
22670.9453125,27235.814453125
22844,27225
22769.83984375,27158.63671875
22701.509765625,27085.845703125
22649.41796875,27001.029296875
22606.119140625,26914.3671875
22667.265625,26853.91015625
22748.10546875,26908.421875
22807.951171875,26988.37109375
22845.953125,27069.859375
22925.125,27129.234375
22936.181640625,27218.85546875
24100,27151
24147.759765625,27096.142578125
24240.6796875,27056.376953125
24337.58203125,27029.140625
24435.9375,27016.8359375
24464.009765625,27105.98046875
24392.81640625,27119.736328125
24293.02734375,27137.751953125
24195.57421875,27164.615234375
15607,27095
15642.677734375,27030.580078125
15726.091796875,26973.404296875
15797.9951171875,26903.02734375
15872.232421875,26873.41796875
15927.6435546875,26955.111328125
15885.2021484375,27037.201171875
15802.2626953125,27083.87109375
15702.888671875,27104.12890625
9370,27020
9274.2939453125,26973.46875
9179.9091796875,26924.203125
9095.5595703125,26858.927734375
9072.25,26768.4140625
9162.2587890625,26760.853515625
9252.1630859375,26815.0078125
9338.693359375,26876.658203125
9425.923828125,26924.16015625
9468.212890625,27016.78515625
4953,26953
5018.84130859375,26894.15625
5100.365234375,26847.685546875
5190.5537109375,26803.865234375
5282.83642578125,26771.41796875
5361.43017578125,26720.580078125
5456.59814453125,26693.171875
5552.71240234375,26663.36328125
5651.873046875,26647.7421875
5743.8955078125,26616.57421875
5792.25390625,26670.7890625
5697.12353515625,26703.17578125
5601.60986328125,26730.4296875
5506.00244140625,26761.388671875
5412.26171875,26797.41796875
5318.6953125,26834.376953125
5227.57861328125,26872.724609375
5134.3681640625,26906.513671875
5044.87060546875,26944.70703125
23729,26894
23779.0390625,26818.37109375
23850.748046875,26742.755859375
23905.87109375,26658.78515625
23990.765625,26609.369140625
24085.220703125,26623.0625
24186.1328125,26598.248046875
24286.265625,26570.0390625
24380.0234375,26559.056640625
24480.03515625,26550.908203125
24582.701171875,26569.37890625
24681.38671875,26589.30859375
24773.578125,26598.685546875
24788.513671875,26668.283203125
24685.412109375,26652.26171875
24581.283203125,26642.8125
24476.748046875,26639.580078125
24372.16015625,26639.0703125
24267.810546875,26644.75
24175.458984375,26690.474609375
24076.244140625,26721.798828125
23983.818359375,26770.63671875
23893.64453125,26822.84375
23813.330078125,26889.140625
9890,26769
9846.205078125,26694.935546875
9759.1416015625,26659.826171875
9670.365234375,26612.21484375
9603.072265625,26545.427734375
9531.3125,26481.2578125
9463.064453125,26407.365234375
9528.189453125,26338.91015625
9495.9814453125,26285.134765625
9415.1201171875,26335.54296875
9359.5244140625,26407.6796875
9298.2138671875,26489.373046875
9219.181640625,26549.189453125
9152.333984375,26524.001953125
9179.517578125,26426.49609375
9233.234375,26339.28515625
9298.013671875,26268.04296875
9353.2119140625,26187.98828125
9297.3837890625,26126.794921875
9340.0263671875,26035.400390625
9361.7724609375,25976.53125
9292.28125,25900.927734375
9221.142578125,25826.8671875
9150.2451171875,25752.57421875
9065.3623046875,25721.37890625
8970.2724609375,25730.9609375
8904.884765625,25662.45703125
8948.9375,25573.71875
8985.611328125,25484.56640625
9024.927734375,25408.16796875
9103.357421875,25373.546875
9136.3876953125,25454.341796875
9136.8701171875,25552.59765625
9168.8515625,25595.453125
9229.5751953125,25671.56640625
9312.705078125,25721.12109375
9382.134765625,25796.201171875
9458.69140625,25861.068359375
9549.94921875,25860.724609375
9641.0302734375,25893.310546875
9734.2802734375,25933.58984375
9726.5908203125,26005.48046875
9633.2958984375,25998.380859375
9548.4716796875,26044.29296875
9506.595703125,26096.271484375
9589.5966796875,26154.314453125
9667.2568359375,26221.46484375
9736.1328125,26291.455078125
9677.7734375,26348.208984375
9618.734375,26371.275390625
9710.9130859375,26416.23046875
9799.810546875,26464.05078125
9879.638671875,26499.853515625
9792.705078125,26542.0078125
9833.2373046875,26583.84375
9933.1826171875,26595.134765625
10026.6416015625,26606.828125
10121.4306640625,26595.134765625
10215.3798828125,26623.798828125
10169.7412109375,26696.716796875
10067.1396484375,26700.287109375
9988.4794921875,26762.099609375
8284,26693
8207.8896484375,26627.177734375
8148.35302734375,26545.53515625
8090.4375,26468.556640625
8133.58203125,26410.794921875
8229.6767578125,26421.74609375
8273.9169921875,26509.791015625
8330.1064453125,26592.462890625
8411.9404296875,26645.142578125
8378.5439453125,26718.7421875
7810,26653
7714.20849609375,26605.646484375
7653.5673828125,26518.677734375
7683.28125,26436.296875
7776.744140625,26470.357421875
7842.83154296875,26538.087890625
7897.4345703125,26617.818359375
7462,26637
7381.43505859375,26579.501953125
7317.68505859375,26503.287109375
7273.8935546875,26416.423828125
7255.4091796875,26331.63671875
7344.072265625,26296.0703125
7406.66259765625,26372.505859375
7465.45458984375,26444.974609375
7531.6015625,26519.4453125
7601.10400390625,26590.828125
7560.64501953125,26645.716796875
5228,26595
5229.89208984375,26501.068359375
5319.05419921875,26445.857421875
5415.72607421875,26404.283203125
5495.7734375,26378.451171875
5596.77392578125,26356.560546875
5592.5048828125,26443.521484375
5500.64306640625,26482.634765625
5414.08740234375,26541.998046875
5328.01513671875,26604.7734375
6915,26555
6839.599609375,26489.544921875
6767.4052734375,26416.509765625
6741.26953125,26321.216796875
6659.6904296875,26265.08984375
6589.8154296875,26190.537109375
6518.72412109375,26178.916015625
6416.859375,26167.6953125
6336.1806640625,26110.708984375
6273.73291015625,26034.927734375
6211.974609375,25954.923828125
6158.83935546875,25868.70703125
6099.9990234375,25785.9453125
6092.716796875,25695.8828125
6168.98779296875,25730.765625
6224.1904296875,25813.447265625
6224.017578125,25870.05859375
6297.7177734375,25877.4453125
6364.47509765625,25951.853515625
6433.28515625,26027.822265625
6508.18505859375,26066.896484375
6507.22900390625,25978.939453125
6592.32861328125,26008.232421875
6667.9697265625,26077.62109375
6734.33349609375,26155.71484375
6818.0673828125,26208.853515625
6830.6279296875,26307.44921875
6901.53466796875,26381.498046875
6983.12353515625,26442.634765625
7069.318359375,26489.103515625
7015.99609375,26563.92578125
6291,26525
6218.69921875,26448.373046875
6158.83642578125,26360.06640625
6101.7021484375,26270.71875
6052.14111328125,26184.072265625
6130.8525390625,26150.78515625
6208.3759765625,26211.09765625
6275.91064453125,26287.357421875
6329.85302734375,26377.34375
6384.3525390625,26465.451171875
6393.4306640625,26544.296875
17706,26513
17603.58984375,26502.802734375
17501.82421875,26486.375
17401.390625,26463.197265625
17299.46875,26446.091796875
17204.140625,26408.458984375
17117.39453125,26352.755859375
17041.947265625,26285.333984375
16953.9921875,26233.833984375
16876.490234375,26165.50390625
16798.919921875,26098.2578125
16724.16015625,26032.986328125
16662.716796875,25951.390625
16592.63671875,25875.404296875
16538.529296875,25789.224609375
16491.109375,25697.796875
16438.828125,25608.919921875
16399.814453125,25513.328125
16364.5244140625,25419.91015625
16325.7568359375,25417.572265625
16289.216796875,25502.392578125
16202.69140625,25461.802734375
16154.142578125,25445.181640625
16110.033203125,25529.68359375
16024.736328125,25525.87890625
15994.65234375,25431.4140625
15989.9208984375,25331.4609375
15942.951171875,25288.4765625
15931.13671875,25385.1640625
15950.49609375,25486.515625
15974.1435546875,25587.068359375
15964.576171875,25677.67578125
15864.658203125,25699.201171875
15824.5234375,25610.546875
15779.732421875,25519.431640625
15751.8388671875,25420.19140625
15759.728515625,25317.73046875
15800.544921875,25223.212890625
15840.046875,25134.748046875
15933.0078125,25130.275390625
16015.689453125,25163.171875
16049.3046875,25088.3125
16039.673828125,25001.451171875
15945.3623046875,24967.544921875
15865.89453125,24906.515625
15826.9541015625,24821.33984375
15875.4990234375,24744.498046875
15961.5986328125,24751.419921875
16000.4697265625,24829.724609375
16062.2353515625,24907.626953125
16118.6982421875,24983.361328125
16211.94921875,25026.439453125
16284.9248046875,25028.833984375
16374.3583984375,24983.248046875
16426.443359375,24902.4375
16505.94921875,24869.640625
16567.826171875,24789.865234375
16659.0625,24751.271484375
16746.51171875,24702.216796875
16839.33203125,24665.166015625
16929.734375,24620.2421875
17021.94921875,24578.390625
17116.943359375,24537.724609375
17215.15625,24505.55078125
17316.380859375,24484.900390625
17416.25,24458.21484375
17517.234375,24436.404296875
17614.849609375,24402.478515625
17716.8203125,24388.427734375
17818.42578125,24371.021484375
17920.458984375,24356.67578125
18023.39453125,24347.287109375
18121.0390625,24355.751953125
18212.98828125,24336.86328125
18312.65625,24351.982421875
18406.876953125,24377.18359375
18505.623046875,24396.880859375
18601.962890625,24430.5625
18696.826171875,24465.955078125
18796.701171875,24480.716796875
18879.37890625,24517.19921875
18952.8984375,24535.89453125
19031.5703125,24597.67578125
19044.693359375,24698.77734375
19047.673828125,24801.626953125
19009.994140625,24890.720703125
18994.001953125,24992.677734375
18969.24609375,25091.654296875
18935.66796875,25188.765625
18925.96484375,25291.40234375
18910.822265625,25390.8203125
18870.39453125,25484.076171875
18829.9921875,25577.703125
18793.494140625,25673.681640625
18753.71484375,25762.595703125
18704.283203125,25852.294921875
18660.189453125,25943.28125
18597.375,26025.326171875
18522.5,26093.703125
18471.78515625,26167.20703125
18389.087890625,26227.681640625
18307.974609375,26288.677734375
18226.48828125,26351.927734375
18135.6015625,26399.326171875
18044.439453125,26447.30859375
17953.32421875,26494.43359375
17850.974609375,26508.4296875
17747.87109375,26515.7265625
17523.458984375,26252.23046875
17457.55859375,26173.798828125
17421.06640625,26079.041015625
17364.552734375,26002.333984375
17320.640625,25911.82421875
17271.240234375,25821.720703125
17215.51171875,25734.9296875
17168.650390625,25642.794921875
17106.814453125,25626.4375
17069.7578125,25721.728515625
17028.78125,25815.388671875
17006.2734375,25908.26171875
16969.37890625,25982.486328125
17039.40625,26058.427734375
17115.765625,26128.05078125
17203.7890625,26178.78125
17285.666015625,26230.724609375
17380.876953125,26270.8671875
17479.982421875,26300.04296875
18425.23828125,25943.728515625
18470.990234375,25853.880859375
18530.87109375,25775.974609375
18568.1796875,25681.6640625
18619.93359375,25595.091796875
18654.203125,25498.19140625
18689.232421875,25401.888671875
18721.3515625,25304.630859375
18742.255859375,25203.40625
18769.888671875,25104.115234375
18790.666015625,25004.515625
18820.3125,24905.91015625
18849.12109375,24806.955078125
18851.9375,24706.939453125
18755.34375,24683.81640625
18672.240234375,24622.609375
18573.130859375,24606.767578125
18477.603515625,24567.29296875
18377.380859375,24543.80078125
18279.421875,24532.322265625
18177.50390625,24522.55078125
18074.20703125,24526.603515625
17972.1328125,24540.63671875
17870.701171875,24560.21875
17767.830078125,24569.939453125
17666.427734375,24588.37109375
17567.69140625,24618.896484375
17465.79296875,24635.236328125
17365.912109375,24658.447265625
17262.935546875,24663.828125
17173.927734375,24714.69140625
17079.748046875,24753.263671875
16986.8046875,24794.03125
16892.568359375,24835.841796875
16795.41796875,24870.998046875
16705.869140625,24919.478515625
16618.029296875,24969.478515625
16584.736328125,25043.921875
16510.98828125,25115.775390625
16432.6875,25180.859375
16488.02734375,25258.31640625
16533.775390625,25344.994140625
16543.71875,25447.421875
16590.001953125,25539.05859375
16638.591796875,25624.43359375
16703.51953125,25698.1953125
16753.4609375,25787.744140625
16829.5078125,25794.779296875
16870.9296875,25709.869140625
16896.787109375,25613.09375
16947.845703125,25524.904296875
17001.06640625,25436.341796875
17058.458984375,25350.359375
17124.853515625,25274.00390625
17208.12890625,25221.78515625
17286.40234375,25159.154296875
17379.478515625,25114.5625
17473.63671875,25083.759765625
17543.0625,25013.3046875
17634.775390625,24974.22265625
17724.078125,24992.63671875
17813.783203125,25042.4296875
17889.26953125,25113.00390625
17958.52734375,25189.7265625
18025.611328125,25267.599609375
18081.087890625,25354.4140625
18137.185546875,25429.544921875
18194.287109375,25513.6328125
18262.052734375,25588.595703125
18320.6640625,25671.78515625
18353.65625,25766.966796875
18344.830078125,25869.7265625
18340.013671875,25963.193359375
8558,26451
8478.13671875,26387.98046875
8419.470703125,26310.015625
8340.400390625,26244.208984375
8312.7138671875,26144.52734375
8393.609375,26147.08203125
8456.92578125,26229.30078125
8527.6875,26298.59765625
8595.783203125,26374.31640625
8645.8359375,26449.349609375
14867,26177
14841.830078125,26077.625
14809.2119140625,25983.302734375
14725.537109375,25947.51171875
14680.287109375,25863.333984375
14655.169921875,25763.16796875
14624.416015625,25667.42578125
14612.08203125,25566.64453125
14583.203125,25467.3671875
14557.455078125,25367.607421875
14526.6767578125,25275.427734375
14495.1689453125,25177.97265625
14464.728515625,25079.525390625
14438.7275390625,24979.400390625
14406.2607421875,24881.26953125
14384.5302734375,24781.373046875
14344.6357421875,24789.162109375
14354.8935546875,24890.609375
14373.6015625,24983.27734375
14389.2978515625,25085.46484375
14416.8017578125,25184.845703125
14445.265625,25283.171875
14489.478515625,25376.62109375
14511.8798828125,25464.166015625
14487.1064453125,25526.576171875
14517.083984375,25625.55078125
14539.8125,25726.48046875
14535.3984375,25826.4921875
14526.556640625,25911.29296875
14441.802734375,25923.388671875
14417.15234375,25836.5390625
14375.25,25780.587890625
14392.7470703125,25882.0625
14417.4912109375,25980.525390625
14444.984375,26078.927734375
14405.3701171875,26145.279296875
14313.97265625,26107.451171875
14271.6201171875,26014.966796875
14232.0283203125,25919.384765625
14199.982421875,25821.349609375
14114.3203125,25823.787109375
14021.4052734375,25795.91015625
13982.1376953125,25700.294921875
13936.7802734375,25608.33203125
13890.583984375,25517.10546875
13837.544921875,25428.322265625
13763.876953125,25370
13696.400390625,25309.302734375
13684.3779296875,25206.75
13611.8564453125,25154.9375
13606.1962890625,25216.140625
13627.958984375,25315.572265625
13628.9560546875,25418.814453125
13588.056640625,25497.15625
13495.953125,25492.22265625
13502.919921875,25580.5703125
13526.705078125,25681.25390625
13506.7880859375,25776.82421875
13409.0185546875,25796.7109375
13359.90625,25710.251953125
13335.462890625,25763.361328125
13398.015625,25840.017578125
13463.4130859375,25919.890625
13514.0947265625,26009.3203125
13505.4833984375,26086.80078125
13416.3017578125,26037.76953125
13357.5556640625,25958.052734375
13316.9140625,25875.9921875
13238.984375,25811.67578125
13191.259765625,25721.060546875
13135.6806640625,25634.83984375
13131.501953125,25696.6875
13174.97265625,25790.29296875
13225.626953125,25878.865234375
13251.5654296875,25977.08984375
13250.552734375,26026.453125
13153.3798828125,25994.5390625
13082.734375,25930.97265625
13037.2626953125,25844.17578125
13007.107421875,25745.494140625
12972.615234375,25651.666015625
12912.3623046875,25574.193359375
12865.998046875,25482.810546875
12833.3759765625,25385.69140625
12809.28515625,25311.728515625
12747.2255859375,25236.091796875
12727.1796875,25135.10546875
12658.9423828125,25074.423828125
12651.419921875,25129.4609375
12693.2001953125,25223.630859375
12730.150390625,25317.99609375
12755.9013671875,25404.9140625
12679.81640625,25361.751953125
12595.126953125,25368.79296875
12540.8251953125,25345.498046875
12452.705078125,25374.416015625
12398.693359375,25286.5234375
12351.560546875,25194.412109375
12310.3330078125,25099.6328125
12268.0908203125,25009.9921875
12220.396484375,24920.87890625
12150.4501953125,24961.705078125
12195.5234375,25053.55859375
12240.486328125,25146.23828125
12284.1689453125,25240.025390625
12315.0908203125,25337.8359375
12336.7421875,25438.25
12267.876953125,25497.974609375
12175.140625,25500.0546875
12122.0244140625,25412.974609375
12067.94140625,25330.2109375
12023.009765625,25239.958984375
11966.580078125,25158.615234375
11925.490234375,25117.72265625
11958.7666015625,25190.931640625
12005.8642578125,25282.986328125
12036.201171875,25381.78125
12041.8349609375,25482.974609375
11959.9033203125,25531.58203125
11893.3486328125,25559.392578125
11908.5,25660.91796875
11902.4462890625,25764.115234375
11859.7607421875,25823.927734375
11829.814453125,25877.87890625
11862.99609375,25974.1875
11901.9697265625,26068.46484375
11849.19921875,26121.96875
11762.7138671875,26072.07421875
11706.5234375,25986.3046875
11675.716796875,25887.5625
11643.345703125,25789.375
11609.46875,25692.658203125
11551.1298828125,25610.1875
11535.39453125,25513.708984375
11490.6953125,25450.12890625
11441.38671875,25369.32421875
11386.2529296875,25282.083984375
11335.400390625,25191.98828125
11290.3525390625,25098.865234375
11251.119140625,25006.25390625
11204.36328125,24917.728515625
11164.615234375,24822.224609375
11121.47265625,24732.65234375
11074.298828125,24641.10546875
11019.9912109375,24553.595703125
10983.4677734375,24456.994140625
10940.3662109375,24362.92578125
10900.318359375,24267.994140625
10887.927734375,24175.9140625
10836.6474609375,24100.28515625
10814.8134765625,24002.15234375
10770.27734375,23914.568359375
10727.775390625,23848.02734375
10734.916015625,23764.314453125
10810.048828125,23824.63671875
10890.0966796875,23887.01953125
10964.5078125,23955.166015625
11017.4912109375,24037.794921875
11119.5771484375,24045.21875
11202.7978515625,24097.880859375
11261.4072265625,24177.9921875
11310.5634765625,24268.255859375
11376.9775390625,24347.5078125
11416.3662109375,24441.373046875
11468.9501953125,24507.392578125
11530.7734375,24426.349609375
11532.5556640625,24337.767578125
11494.1962890625,24244.62890625
11457.89453125,24197.384765625
11403.048828125,24112.435546875
11357.6318359375,24027.4375
11403.865234375,23973.34765625
11469.9970703125,24051.99609375
11533.8857421875,24102.6796875
11595.166015625,24185.19921875
11650.5087890625,24272.228515625
11715.73046875,24352.310546875
11775.08984375,24434.853515625
11827.85546875,24520.728515625
11886.1328125,24605.810546875
11971.6103515625,24632.05859375
12067.96484375,24667.796875
12147.185546875,24734.181640625
12234.7119140625,24692.638671875
12335.4384765625,24705.96484375
12427.513671875,24667.228515625
12452.6787109375,24569.83203125
12434.8408203125,24492.34765625
12393.693359375,24404.919921875
12372.248046875,24305.275390625
12426.1669921875,24271.3046875
12470.4384765625,24357.53515625
12500.95703125,24453.625
12543.6962890625,24538.732421875
12586.240234375,24618.60546875
12636.685546875,24707.044921875
12680.4697265625,24800.69921875
12730.642578125,24891.142578125
12771.6708984375,24984.478515625
12829.3447265625,25067.6953125
12875.1328125,25160.48828125
12923.947265625,25251.7109375
12954.2763671875,25349.640625
13007.8466796875,25437.4609375
13032.9609375,25537.556640625
13093.4453125,25545.826171875
13055.4208984375,25452.0234375
13019.978515625,25355.232421875
12978.69921875,25260.83203125
12950.6201171875,25161.861328125
12911.310546875,25066.19140625
12885.794921875,24966.029296875
12856.29296875,24867.015625
12820.0419921875,24770.765625
12783.783203125,24682.919921875
12749.4619140625,24587.517578125
12736.57421875,24486.9296875
12693.38671875,24398.6015625
12681.62890625,24296.5625
12752.7666015625,24233.806640625
12793.7626953125,24328.66015625
12833.1201171875,24424.326171875
12873.681640625,24514.380859375
12914.052734375,24609.36328125
12952.1552734375,24705.3828125
12970.0439453125,24636.708984375
12941.0302734375,24537.9921875
12916.3564453125,24438.6171875
12878.2607421875,24342.919921875
12842.92578125,24247.85546875
12810.4716796875,24156.34765625
12865.4921875,24071.08984375
12944.1005859375,24046.462890625
12986.1240234375,24139.267578125
12993.52734375,24242.46875
13032.611328125,24332.38671875
13073.6640625,24426.22265625
13133.5205078125,24506.546875
13216.4697265625,24568.2421875
13266.560546875,24658.263671875
13302.5908203125,24751.6640625
13357.076171875,24833.92578125
13376.177734375,24920.923828125
13380.408203125,24847.80859375
13353.0625,24748.033203125
13317.64453125,24652.49609375
13288.796875,24554.51171875
13254.7705078125,24456.8046875
13222.236328125,24358.587890625
13194.2099609375,24259.775390625
13178.36328125,24158.373046875
13214.939453125,24062.3359375
13289.4951171875,24041.3671875
13354.544921875,24111.46875
13328.1591796875,24205.572265625
13365.9794921875,24297.169921875
13395.82421875,24387.5078125
13417.1376953125,24486.64453125
13467.9521484375,24574.822265625
13483.0615234375,24668.765625
13561.7490234375,24676.716796875
13559.130859375,24587.0234375
13538.296875,24488.193359375
13534.9658203125,24385.77734375
13513.0771484375,24295.5390625
13503.70703125,24192.572265625
13538.703125,24106.78125
13623.9736328125,24090.419921875
13667.220703125,24179.96484375
13690.01953125,24149.86328125
13776.337890625,24142.560546875
13847.5830078125,24197.36328125
13882.2841796875,24293.083984375
13881.9990234375,24393.533203125
13932.806640625,24481.349609375
13957.4619140625,24491.75390625
14037.08203125,24467.9453125
14119.384765625,24489.310546875
14140.4248046875,24586.16796875
14174.6123046875,24678.3359375
14193.79296875,24585.365234375
14196.884765625,24481.93359375
14206.185546875,24378.943359375
14215.1240234375,24276.228515625
14185.169921875,24183.939453125
14215.8955078125,24095.49609375
14298.19921875,24064.939453125
14347.5576171875,24152.05078125
14346.125,24247.05859375
14335.7412109375,24349.947265625
14372.5068359375,24413.400390625
14433.3564453125,24381.30859375
14494.314453125,24449.4609375
14440.1357421875,24524.720703125
14479.236328125,24613.419921875
14515.451171875,24709.1484375
14579.2197265625,24650.9375
14650.994140625,24658.833984375
14685.3203125,24740.794921875
14692.4638671875,24843.126953125
14714.6845703125,24943.31640625
14713.78515625,25046.765625
14767.9248046875,25118.93359375
14790.7265625,25218.255859375
14806.3955078125,25320.40625
14848.4638671875,25414.919921875
14857.9375,25335.681640625
14837.408203125,25234.5390625
14828.33203125,25131.46484375
14822.7412109375,25028.220703125
14840.3876953125,24926.64453125
14922.4765625,24911.306640625
14992.015625,24985.22265625
15072.2412109375,25023.310546875
15149.259765625,25089.478515625
15164.1240234375,25190.27734375
15163.216796875,25290.423828125
15197.50390625,25348.29296875
15212.8818359375,25450.6171875
15225.7685546875,25553.283203125
15250.16015625,25653
15275.85546875,25752.03125
15312.6435546875,25848.201171875
15334.6337890625,25949.3125
15245.9365234375,25992.86328125
15170.2919921875,25925.181640625
15125.7265625,25842.095703125
15044.78125,25903.58203125
14976.1884765625,25854.419921875
14949.888671875,25755.166015625
14917.5029296875,25656.931640625
14899.7490234375,25555.068359375
14853.560546875,25472.3515625
14870.478515625,25567.640625
14885.3837890625,25669.59765625
14910.689453125,25769.150390625
14926.5107421875,25871.40625
14940.0791015625,25973.9765625
14963.18359375,26074.76953125
14986.751953125,26175.49609375
14896.2109375,26198.681640625
14357.1484375,25628.802734375
14335.1572265625,25528.181640625
14299.9921875,25431.32421875
14268.3447265625,25335.19140625
14252.4208984375,25391.001953125
14257.435546875,25493.759765625
14291.4091796875,25591.439453125
14332.0517578125,25685.916015625
13345.6025390625,25646.205078125
13326.6689453125,25554.16015625
13292.7958984375,25456.447265625
13265.7666015625,25356.8828125
13223.29296875,25262.54296875
13178.2958984375,25169.376953125
13142.0146484375,25073.849609375
13103.90625,25103.921875
13119.0400390625,25205.564453125
13153.3369140625,25302.431640625
13183.876953125,25399.322265625
13234.080078125,25478.7265625
13264.6015625,25575.990234375
13311.044921875,25662.166015625
11685.37109375,25516.27734375
11649.42578125,25422.080078125
11607.3974609375,25328.10546875
11565.6845703125,25233.974609375
11523.2265625,25140.1015625
11470.2041015625,25052.083984375
11437.154296875,24957.79296875
11395.5830078125,24900.79296875
11334.623046875,24817.443359375
11301.2265625,24808.84765625
11326.4140625,24903.396484375
11393.412109375,24980.03125
11445.55078125,25068.63671875
11492.46484375,25160.166015625
11536.533203125,25253.423828125
11582.5107421875,25346.083984375
11621.580078125,25440.720703125
11647.400390625,25535.2734375
11708.509765625,25615.888671875
24180,26177
24082.306640625,26157.439453125
23982.333984375,26153.931640625
23882.357421875,26150.591796875
23819.330078125,26097.689453125
23892.40234375,26033.31640625
23984.42578125,26002.263671875
24039.310546875,25928.02734375
24132.333984375,25941.9921875
24194.908203125,26019.5078125
24247.24609375,26102.451171875
24273.0703125,26186.947265625
25444,26135
25361.451171875,26074.16015625
25271.115234375,26024.9765625
25191.609375,25965.255859375
25102.21875,25913.103515625
25019.9375,25852.287109375
24933.015625,25797.578125
24844.365234375,25755.103515625
24762.0234375,25693.64453125
24680.11328125,25636.162109375
24590.671875,25589.80859375
24499.888671875,25547.234375
24418.9453125,25487.8984375
24325.99609375,25443.376953125
24240.986328125,25397.9765625
24152.751953125,25348.96484375
24057.486328125,25308.498046875
23962.42578125,25267.650390625
23861.115234375,25248.16796875
23764.291015625,25218.85546875
23669.14453125,25191.12109375
23572.568359375,25183.052734375
23481.556640625,25230.111328125
23380.630859375,25242.650390625
23293.51953125,25195.150390625
23201.7265625,25239.654296875
23138.392578125,25183.564453125
23102.703125,25092.294921875
23064.927734375,24998.9765625
23057.380859375,24896.111328125
23017.16015625,24965.87890625
23021.611328125,25068.982421875
23012.853515625,25172.15625
23002.390625,25275.173828125
22984.390625,25376.984375
22959.533203125,25475.25
22935.31640625,25575.8125
22893.537109375,25670.435546875
22843.078125,25760.84375
22793.703125,25851.837890625
22749.873046875,25945.564453125
22685.986328125,26026.712890625
22608.310546875,26085.15625
22511.76953125,26121.8046875
22409.66015625,26129.162109375
22306.82421875,26137.998046875
22203.998046875,26128.271484375
22117.6875,26096.55078125
22036.3046875,26045.501953125
21957.109375,25985.119140625
21874.55859375,25926.134765625
21787.482421875,25873.228515625
21725.3671875,25794.51171875
21669.19140625,25707.837890625
21621.208984375,25616.087890625
21576.658203125,25522.62109375
21533.509765625,25428.685546875
21520.265625,25350.029296875
21441.955078125,25304.337890625
21448.306640625,25201.232421875
21473.37109375,25101.84375
21453.587890625,25001.10546875
21459.638671875,24897.828125
21470.654296875,24794.8984375
21445.322265625,24697.974609375
21461.462890625,24597.08203125
21456.044921875,24496.384765625
21453.720703125,24401.484375
21531.33203125,24333.216796875
21617.35546875,24282.01953125
21706.8828125,24233.021484375
21804.193359375,24197.732421875
21900.203125,24159.046875
21995.279296875,24125.28125
22073.0390625,24080.18359375
22168.337890625,24084.30078125
22271.73046875,24078.94921875
22375.271484375,24078.251953125
22478.7734375,24081.11328125
22581.9375,24089.611328125
22683.8671875,24106.177734375
22786.78125,24116.734375
22879.466796875,24160.3515625
22968.87890625,24197.5703125
23031.23828125,24278.724609375
23045.005859375,24377.0546875
23072.33203125,24469.826171875
23060.35546875,24570.734375
23053.0859375,24660.07421875
23045.72265625,24760.65234375
23038.265625,24858.98828125
23129.71875,24854.755859375
23227.109375,24860.703125
23304.240234375,24929.48046875
23372.970703125,24873.1328125
23465.47265625,24841.087890625
23555.333984375,24884.515625
23539.6875,24784.642578125
23522.51953125,24700.91796875
23581.1796875,24631.7890625
23664.009765625,24638.337890625
23714.54296875,24723.099609375
23740.181640625,24818.474609375
23769.69140625,24917.16015625
23785.1328125,25016.13671875
23832.763671875,25102.078125
23929.6015625,25134.068359375
24028.921875,25161.701171875
24122.689453125,25205.5703125
24211.896484375,25257.9375
24304.291015625,25299.88671875
24385.4765625,25356.4140625
24470.638671875,25415.103515625
24559.822265625,25460.599609375
24639.73828125,25515.076171875
24725.630859375,25569.9921875
24813.9921875,25621.703125
24899.94921875,25679.04296875
24984.4609375,25737.52734375
25069.53125,25795.54296875
25157.654296875,25849.279296875
25232.439453125,25908.5078125
25321.802734375,25957.419921875
25398.41015625,26023.82421875
25442.728515625,26109.130859375
25525.07421875,26139.923828125
22228.556640625,25924.740234375
22190.9609375,25828.3671875
22147.41796875,25735.119140625
22107.400390625,25639.953125
22041.908203125,25559.943359375
22003.265625,25464.45703125
21956.37890625,25372.15234375
21892.857421875,25302.607421875
21839.240234375,25274.78515625
21801.966796875,25366.6953125
21775.1484375,25466.2109375
21792.455078125,25568.169921875
21855.396484375,25640.412109375
21918.234375,25717.865234375
21989.255859375,25792.498046875
22076.515625,25840.3984375
22148.427734375,25902.54296875
22694.89453125,25606.25390625
22746.203125,25518.01953125
22778.322265625,25419.638671875
22800.07421875,25318.451171875
22813.44140625,25215.78125
22822.359375,25112.623046875
22827.046875,25009.19140625
22828.03515625,24905.677734375
22850.48046875,24805.529296875
22870.61328125,24704.05859375
22857.78515625,24604.67578125
22849.193359375,24513.18359375
22876.23046875,24425.640625
22808.15625,24348.91796875
22715.56640625,24304.376953125
22612.732421875,24292.373046875
22510.041015625,24279.083984375
22407.05078125,24268.40234375
22303.6484375,24263.671875
22201.298828125,24277.42578125
22104.36328125,24296.810546875
22007.408203125,24327.810546875
21911.181640625,24354.97265625
21820.6875,24404.923828125
21745.3125,24466.748046875
21763.791015625,24566.70703125
21718.005859375,24650.962890625
21635.990234375,24691.185546875
21651.044921875,24779.8203125
21643.2421875,24882.79296875
21698.33203125,24858.76953125
21767.90234375,24782.123046875
21850.671875,24721.451171875
21938.2734375,24676.611328125
21998.041015625,24609.708984375
22099.01171875,24620.95703125
22195.20703125,24652.4453125
22268.751953125,24724.544921875
22324.822265625,24799.935546875
22378.72265625,24888.23828125
22431.318359375,24977.361328125
22478.751953125,25069.3984375
22520.173828125,25164.263671875
22550.75,25263.111328125
22586.3046875,25359.87890625
22604.6953125,25446.61328125
22627.748046875,25546.580078125
22659.90234375,25643.921875
15435,26102
15383.6298828125,26013.044921875
15369.099609375,25910.5546875
15360.91796875,25807.0625
15339.876953125,25706.0234375
15336.626953125,25602.279296875
15332.3134765625,25498.546875
15321.390625,25395.5078125
15313.3623046875,25292.068359375
15312.65625,25192.19140625
15331.5390625,25094.27734375
15427.087890625,25113.60546875
15463.0537109375,25208.978515625
15472.0634765625,25312.296875
15483.61328125,25414.298828125
15480.359375,25517.53515625
15514.01171875,25615.634765625
15540.7666015625,25580.83203125
15549.6572265625,25477.396484375
15563.888671875,25374.576171875
15570.8681640625,25271.05078125
15600.232421875,25173.51953125
15689.013671875,25142.904296875
15749.541015625,25137.73046875
15748.0009765625,25235.734375
15734.0830078125,25331.84375
15727.607421875,25435.275390625
15703.78515625,25533.970703125
15695.923828125,25637.44921875
15677.2431640625,25717.40625
15716.4208984375,25793.34765625
15653.2080078125,25859.654296875
15586.3037109375,25804.900390625
15535.9150390625,25764.310546875
15537.14453125,25868.02734375
15530.462890625,25968.58203125
15519.150390625,26070.64453125
7936,26035
7910.47412109375,25944.38671875
7992.33203125,25896.3828125
8084.88330078125,25913.873046875
8080.03857421875,26002.990234375
8012.6484375,26026.41796875
4994,25971
4985.4755859375,25902.486328125
5077.61865234375,25872.7578125
5175.2998046875,25863.615234375
5263.529296875,25829.880859375
5334.5068359375,25864.822265625
5275.7255859375,25932.8359375
5183.748046875,25958.234375
5089.65234375,25984.6953125
24027,25878
23934.373046875,25851.08203125
23837.3203125,25840.84765625
23765.611328125,25799.837890625
23826.4140625,25728.169921875
23923.40625,25720.001953125
23991.943359375,25765.765625
24074.611328125,25813.423828125
24114.13671875,25876.833984375
7387,25844
7327.75634765625,25795.099609375
7250.818359375,25732.80078125
7161.89697265625,25682.634765625
7104.234375,25614.66015625
7186.89013671875,25567.306640625
7280.32080078125,25577.76953125
7352.6904296875,25636.658203125
7381.732421875,25704.697265625
7419.337890625,25759.294921875
6811,25764
6733.34765625,25698.091796875
6668.814453125,25620.06640625
6620.72705078125,25531.7734375
6550.00244140625,25459.140625
6551.92431640625,25369.47265625
6638.390625,25379.634765625
6698.3388671875,25460.86328125
6768.2734375,25533.400390625
6835.83740234375,25598.322265625
6893.76904296875,25681.83984375
6956.01171875,25749.408203125
6887.265625,25823.96484375
8603,25806
8524.701171875,25751.697265625
8462.6962890625,25669.72265625
8405.828125,25588.66015625
8350.048828125,25503.486328125
8315.0302734375,25412.630859375
8253.01171875,25360.634765625
8321.1796875,25290.841796875
8385.677734375,25360.9765625
8437.9755859375,25449.564453125
8500.7744140625,25530.890625
8559.630859375,25610.869140625
8617.6953125,25693.240234375
8678.0498046875,25776.70703125
3366,25651
3447.479736328125,25598.419921875
3539.57666015625,25559.1015625
3628.24365234375,25507.212890625
3715.72216796875,25453.0390625
3811.69384765625,25417.166015625
3910.54443359375,25392.142578125
4004.021484375,25356.931640625
4096.32568359375,25325.248046875
4195.19091796875,25298.833984375
4291.244140625,25265.994140625
4386.5634765625,25246.2890625
4486.27294921875,25230.01171875
4585.35595703125,25215.0625
4679.89990234375,25203.771484375
4767.50537109375,25202.044921875
4868.8798828125,25219.072265625
4971.0400390625,25215.7109375
5068.78369140625,25211.431640625
5164.166015625,25214.765625
5247.81591796875,25258.705078125
5304.38818359375,25234.859375
5370.81689453125,25268.240234375
5464.29345703125,25311.1015625
5554.01416015625,25346.90625
5632.9541015625,25386.48828125
5694.2880859375,25463.76953125
5609.24853515625,25476.369140625
5521.6259765625,25444.666015625
5428.80322265625,25407.51953125
5336.08251953125,25378.341796875
5236.52197265625,25352.615234375
5140.927734375,25342.95703125
5061.76025390625,25406.15234375
4974.64013671875,25355.134765625
4900.388671875,25306.41796875
4798.51318359375,25318.25390625
4695.72412109375,25322.986328125
4606.787109375,25323.6015625
4504.76953125,25334.626953125
4404.1064453125,25355.833984375
4303.126953125,25375.693359375
4201.66357421875,25392.9140625
4107.033447265625,25418.9140625
4012.337158203125,25451.505859375
3910.968994140625,25467.513671875
3817.993408203125,25506.52734375
3730.53955078125,25540.501953125
3644.31396484375,25565.927734375
3552.76318359375,25603.326171875
3452.909912109375,25627.15625
7785,25648
7705.0751953125,25586.0234375
7660.02197265625,25494.962890625
7564.84423828125,25466.486328125
7553.779296875,25372.501953125
7619.6845703125,25305.3125
7709.181640625,25350.109375
7755.49560546875,25437.72265625
7825.08935546875,25512.931640625
7845.92626953125,25602.21484375
23758,25642
23768.728515625,25560.650390625
23863.517578125,25518.91015625
23947.041015625,25482.095703125
24047.044921875,25491.541015625
24044.3125,25595.21484375
23961.234375,25656.435546875
23856.416015625,25633.74609375
11347,25622
11285.0556640625,25540.380859375
11228.7373046875,25453.68359375
11178.3759765625,25368.576171875
11126.7490234375,25279.837890625
11085.23828125,25192.23046875
11033.3779296875,25105.986328125
10984.59765625,25014.984375
10943.1435546875,24922.15625
10890.9443359375,24884.560546875
10927.4765625,24976.0859375
10984.75390625,25062.322265625
11022.8828125,25152.169921875
11069.78515625,25244.359375
11105.279296875,25338.271484375
11049.17578125,25410.251953125
10957.810546875,25410.7890625
10896.337890625,25330.9375
10828.6650390625,25259.759765625
10761.529296875,25180.87890625
10694.80859375,25163.87890625
10633.14453125,25233.3671875
10538.966796875,25228.962890625
10510.970703125,25129.443359375
10471.8017578125,25033.52734375
10413.9609375,25009.96875
10329.625,25009.220703125
10259.1826171875,24934.603515625
10172.21875,24878.455078125
10093.4658203125,24811.287109375
10013.77734375,24745.091796875
9947.1318359375,24676.96875
9891.7578125,24596.5703125
9826.36328125,24523.830078125
9771.9794921875,24446.205078125
9712.220703125,24361.935546875
9647.931640625,24281.958984375
9599.275390625,24201.865234375
9558.7421875,24124.330078125
9509.89453125,24043.048828125
9438.224609375,23968.3359375
9419.658203125,23882.294921875
9502.6806640625,23920.67578125
9579.9912109375,23989.478515625
9626.0546875,24081.384765625
9699.28125,24153.6328125
9765.8046875,24232.919921875
9822.978515625,24319.22265625
9881.6552734375,24404.16015625
9946.443359375,24484.884765625
10016.2529296875,24553.435546875
10092.6806640625,24623.35546875
10181.9833984375,24655.232421875
10264.5810546875,24695.583984375
10242.740234375,24598.8125
10175.701171875,24539.19140625
10118.1298828125,24453.2578125
10069.98046875,24374.537109375
10035.5205078125,24278.84765625
9959.6474609375,24213.9921875
9907.1884765625,24130.552734375
9846.6513671875,24050.068359375
9782.876953125,23971.982421875
9756.9365234375,23883.861328125
9808.703125,23815.98828125
9870.505859375,23899.08203125
9923.9267578125,23983.4765625
10002.3125,24047.962890625
10052.6220703125,24137.99609375
10116.2958984375,24207.669921875
10131.6591796875,24121.478515625
10047.166015625,24068.2265625
9993.619140625,23979.78125
9947.24609375,23887.57421875
9910.3056640625,23791.814453125
9970.14453125,23736.595703125
10051.505859375,23800.03125
10097.9853515625,23891.41796875
10140.3515625,23983.6328125
10199.826171875,24051.6171875
10250.3779296875,24140.232421875
10304.14453125,24228.201171875
10357.6123046875,24303.482421875
10414.7470703125,24385.376953125
10441.84765625,24465.80859375
10451.029296875,24422.04296875
10410.607421875,24327.3359375
10406.86328125,24224.552734375
10468.2607421875,24151.388671875
10418.29296875,24065.083984375
10360.126953125,23982.5703125
10303.8125,23895.787109375
10254.5595703125,23804.732421875
10194.21484375,23721.001953125
10144.2490234375,23634.39453125
10083.6142578125,23551.26953125
10034.6142578125,23460.32421875
9982,23376.392578125
9915.7998046875,23303.228515625
9863.9970703125,23214.35546875
9799.5009765625,23133.357421875
9761.5869140625,23038.046875
9813.3994140625,22991.76953125
9895.8115234375,23049.634765625
9941.7861328125,23137.328125
10001.798828125,23218.61328125
10069.2109375,23296.720703125
10133.7529296875,23366.47265625
10171.0546875,23462.240234375
10237.3984375,23539.412109375
10295.0380859375,23625.470703125
10349.8076171875,23713.13671875
10410.3505859375,23796.826171875
10467.7880859375,23879.494140625
10518.861328125,23966.9296875
10563.0693359375,24059.95703125
10614.19921875,24148.4453125
10705.458984375,24152.619140625
10779.9150390625,24210.732421875
10785.4345703125,24308.421875
10831.7099609375,24394.771484375
10880.0771484375,24485.70703125
10922.349609375,24577.3828125
10974.1025390625,24664.40234375
11019.4775390625,24756.513671875
11061.5048828125,24851.091796875
11111.2607421875,24941.884765625
11168.71875,25027.865234375
11222.6953125,25116.259765625
11261.5595703125,25212.021484375
11308.5712890625,25303.59765625
11360.6181640625,25391.869140625
11388.392578125,25491.189453125
11417.9609375,25587.9453125
8631,25504
8560.830078125,25433.994140625
8503.384765625,25359.330078125
8491.173828125,25298.455078125
8403.126953125,25245.412109375
8475.7470703125,25184.892578125
8561.861328125,25192.14453125
8573.8818359375,25272.177734375
8628.6416015625,25359.3203125
8699.65234375,25435.7890625
8726.21875,25524.658203125
8061,25428
8008.89208984375,25339.455078125
7922.8017578125,25283.7890625
7878.1728515625,25192.375
7821.75146484375,25110.41796875
7830.7255859375,25007.603515625
7824.83740234375,24930.95703125
7797.91455078125,24934.396484375
7759.2900390625,24851.0078125
7706.1806640625,24762.306640625
7645.51611328125,24684.16796875
7584.7685546875,24604.947265625
7516.9013671875,24545.068359375
7478.3955078125,24450.056640625
7482.4345703125,24364.845703125
7454.88720703125,24265.16796875
7401.01708984375,24177.044921875
7355.67041015625,24105.556640625
7400.16552734375,24062.677734375
7443.03466796875,24153.96484375
7482.1669921875,24213.982421875
7531.17236328125,24304.90234375
7599.60009765625,24346.44921875
7652.1103515625,24427.919921875
7661.6630859375,24530.966796875
7689.61865234375,24629.931640625
7749.79296875,24713.8359375
7767.548828125,24815.421875
7836.421875,24857.857421875
7875.98046875,24951.44921875
7915.16259765625,25041.765625
7958.193359375,25135.787109375
8019.62841796875,25211.8203125
8057.5263671875,25280.072265625
8038.73828125,25357.27734375
9245,25406
9146.9736328125,25370.224609375
9073.7587890625,25307.2109375
9005.1064453125,25239.998046875
9017.849609375,25169.3125
9110,25208.6171875
9196.541015625,25267.466796875
9284.724609375,25321.611328125
9339.0185546875,25397.2265625
6325,25340
6234.4091796875,25297.484375
6172.2109375,25214.767578125
6109.4814453125,25135.173828125
6097.68505859375,25044.201171875
6184.611328125,25024.392578125
6245.95654296875,25095.96875
6312.533203125,25175.236328125
6344.8212890625,25270.478515625
5760,25249
5698.7333984375,25191.232421875
5629.11181640625,25121.4140625
5583.53076171875,25031.203125
5524.72705078125,24948.49609375
5464.11865234375,24885.32421875
5401.08642578125,24805.576171875
5349.46044921875,24718.939453125
5289.7939453125,24636.615234375
5239.9326171875,24548.375
5221.6513671875,24453.65234375
5293.2958984375,24411.623046875
5354.8310546875,24489.107421875
5405.740234375,24575.33203125
5463.67822265625,24658.591796875
5524.861328125,24737
5602.77880859375,24792.923828125
5647.55078125,24866.912109375
5696.78369140625,24956.009765625
5749.28369140625,25041.703125
5806.73876953125,25124.142578125
5834.4736328125,25210.306640625
8761,25211
8774.7001953125,25127.107421875
8849.046875,25060.451171875
8902.69921875,24980.166015625
8982.1015625,24917.447265625
9071.4228515625,24934.4765625
9034.283203125,25006.380859375
8990.0751953125,25094.240234375
8923.541015625,25154.5234375
8847.798828125,25221.837890625
4841,24976
4887.791015625,24887.44140625
4991.3056640625,24859.04296875
5034.8173828125,24948.865234375
4934.6552734375,24976.2265625
6920,24979
6840.37939453125,24934.01953125
6812.2294921875,24853.1953125
6748.97412109375,24799.240234375
6703.16650390625,24718.853515625
6666.73095703125,24628.8515625
6645.71142578125,24532.77734375
6714.13720703125,24491.796875
6770.81201171875,24570.341796875
6808.37548828125,24657.884765625
6852.78076171875,24747.169921875
6896.34619140625,24836.72265625
6942.90966796875,24920.96875
7225,24961
7168.43212890625,24879.91015625
7148.8173828125,24788.78125
7091.66552734375,24710.248046875
7061.78125,24621.75
7097.78955078125,24542.125
7167.5185546875,24547.837890625
7198.22900390625,24636.54296875
7236.7294921875,24725.97265625
7277.830078125,24815.306640625
7321.396484375,24901.48828125
7313.42626953125,24979.181640625
24005,24981
23989.76953125,24904.564453125
24071.412109375,24869.759765625
24170.9140625,24857.439453125
24254.869140625,24816.671875
24338.724609375,24866.009765625
24296.080078125,24949.62109375
24202.123046875,24983.521484375
24105.380859375,24983.2265625
8743,24675
8668.1865234375,24614.8984375
8602.93359375,24536.87109375
8563.4375,24446.365234375
8517.6484375,24355.638671875
8467.841796875,24267
8408.5751953125,24184.330078125
8366.384765625,24093.912109375
8414.4677734375,24022.68359375
8488.5078125,24087.875
8557.9638671875,24150.697265625
8612.560546875,24235.41796875
8662.146484375,24324.2578125
8721.3251953125,24406.390625
8772.6884765625,24494.10546875
8835.41796875,24573.73828125
8838.6298828125,24670.791015625
24200,24664
24107.693359375,24637.203125
24153.939453125,24539.51953125
24259.13671875,24530.607421875
24280.58984375,24628.1328125
5992,24644
5913.4208984375,24585.662109375
5831.30419921875,24525.837890625
5756.41259765625,24458.36328125
5685.23828125,24396.455078125
5658.89111328125,24349.587890625
5601.13525390625,24290.134765625
5548.82666015625,24235.173828125
5484.86474609375,24158.25
5438.38134765625,24074.03515625
5524.81494140625,24075.650390625
5582.15673828125,24145.59375
5643.21044921875,24210.33984375
5708.94384765625,24274.376953125
5762.1162109375,24330.763671875
5822.9052734375,24406.439453125
5902.07373046875,24467.794921875
5972.5751953125,24541.408203125
6045.3583984375,24608.4375
6068.36962890625,24669.720703125
4885,24632
4812.94775390625,24559.19921875
4742.03759765625,24481.4609375
4765.193359375,24388.7265625
4840.6796875,24445.416015625
4893.68115234375,24538.45703125
4956.90234375,24619.986328125
15383,24639
15294.31640625,24608.388671875
15191.978515625,24624.318359375
15088.3525390625,24625.541015625
14990.98046875,24601.97265625
14908.158203125,24555.732421875
14957.3681640625,24478.576171875
15060.865234375,24477.720703125
15158.67578125,24492.849609375
15262.1708984375,24488
15356,24478.140625
15378.8916015625,24384.037109375
15460.0595703125,24371.12890625
15559.423828125,24392.4375
15623.4970703125,24470.40625
15712.5498046875,24522.56640625
15734.48046875,24618.1796875
15636.1279296875,24631.4140625
15540.1357421875,24598.57421875
15439.7890625,24588.931640625
23560,24601
23501.982421875,24517.775390625
23480.69921875,24419.78125
23400.583984375,24355.693359375
23313.041015625,24304.5546875
23228.0859375,24247.263671875
23150.208984375,24180.185546875
23069.984375,24124.51953125
22978.44140625,24086.2265625
22885.208984375,24043.755859375
22799.189453125,23987.416015625
22737.19140625,23908.361328125
22637.42578125,23884.607421875
22550.779296875,23873.025390625
22459.095703125,23826.9609375
22359.11328125,23803.3984375
22317.443359375,23727.40625
22395.966796875,23667.46484375
22497.154296875,23679.912109375
22587.9140625,23727.298828125
22671.556640625,23782.83984375
22769.3515625,23761.37890625
22839.66015625,23687.576171875
22928.107421875,23691.251953125
23011.724609375,23745.888671875
23014.4140625,23669.13671875
23076.896484375,23590.701171875
23174.240234375,23613.6171875
23240.515625,23555.357421875
23334.8828125,23516.77734375
23432.94921875,23487.439453125
23528.48046875,23449.458984375
23623.1171875,23412.998046875
23717.974609375,23378.560546875
23798.263671875,23352.439453125
23885.83203125,23298.537109375
23960.341796875,23228.474609375
23890.650390625,23249.05859375
23802.521484375,23299.5078125
23706.74609375,23336.95703125
23609.015625,23369.0390625
23508.3828125,23383.48046875
23450.169921875,23314.322265625
23512.73828125,23240.36328125
23565.767578125,23182.6875
23561.513671875,23086.626953125
23621.4609375,23015.375
23691.58203125,22949.4609375
23779.88671875,22915.1015625
23870.431640625,22866.873046875
23955.927734375,22820.638671875
23988.79296875,22732.998046875
24078.923828125,22696.115234375
24181.755859375,22698.724609375
24283.9765625,22687.95703125
24383.00390625,22681.728515625
24450.578125,22663.490234375
24455.69140625,22562.3125
24438.63671875,22461.9453125
24519.8125,22423.12109375
24587.9140625,22495.2578125
24623.265625,22589.345703125
24681.419921875,22619.52734375
24783.17578125,22633.21875
24874.421875,22624.865234375
24973.607421875,22624.50390625
25003.828125,22717.431640625
24919.958984375,22731.978515625
24842.466796875,22751.921875
24743.501953125,22726.87109375
24643.572265625,22708.396484375
24575.150390625,22776.1875
24497.0078125,22839.9765625
24398.68359375,22867.994140625
24298.63671875,22882.7265625
24282.06640625,22977.884765625
24226.28125,23063.427734375
24146.001953125,23127.404296875
24107.28125,23207.931640625
24059.63671875,23293.6015625
23999.146484375,23375.466796875
23910.640625,23427.578125
23828.6640625,23488.755859375
23735.4609375,23528.611328125
23647.73046875,23580.365234375
23567.6015625,23638.640625
23485.98046875,23694.927734375
23398.740234375,23747.671875
23302.29296875,23780.017578125
23257.654296875,23854.154296875
23235.2109375,23947.548828125
23275.9609375,24013.05859375
23311.236328125,24097.6875
23375.34765625,24174.083984375
23456.27734375,24235.779296875
23519.98046875,24309.080078125
23596.3203125,24308.498046875
23649.86328125,24391.369140625
23685.302734375,24485.05859375
23616.537109375,24557.830078125
24430,24505
24334.75390625,24484.26171875
24237.26953125,24461.111328125
24138.701171875,24443.1875
24043.208984375,24413.10546875
23950.517578125,24377.1640625
23935.46875,24291.90625
24025.158203125,24276.873046875
24115.501953125,24310.013671875
24214.787109375,24323.318359375
24304.947265625,24356.10546875
24400.5078125,24375.46875
24487.4609375,24415.853515625
24516.33984375,24486.66796875
15804,24425
15757.1865234375,24341.26953125
15801.1513671875,24285.990234375
15883.7587890625,24222.9453125
15966.6865234375,24162.041015625
16062.6806640625,24123.08203125
16166.3359375,24121.41015625
16263.96875,24155.673828125
16342.109375,24147.26953125
16406.279296875,24088.22265625
16507.314453125,24079.865234375
16600.6484375,24126.52734375
16688.51171875,24133.953125
16755.873046875,24066.82421875
16854.85546875,24048.697265625
16944.0625,24044.2109375
16977.728515625,24141.279296875
16926.2265625,24230.4296875
16825.375,24234.990234375
16737.7421875,24275.091796875
16673.12109375,24351.8984375
16587.029296875,24399.16796875
16491.85546875,24360.328125
16388.1220703125,24349.029296875
16285.8154296875,24333.908203125
16187.376953125,24365.625
16084.029296875,24360.599609375
15980.978515625,24358.314453125
15903.1318359375,24410.291015625
8749,24381
8691.009765625,24296.228515625
8635.8212890625,24209.55078125
8580.6923828125,24122.8515625
8520.791015625,24045.83984375
8453.708984375,23968.333984375
8373.1982421875,23904.72265625
8297.3115234375,23835.48828125
8208.79150390625,23787.1796875
8223.734375,23742.859375
8272.1337890625,23718.7109375
8332.3095703125,23668.775390625
8405.1982421875,23738.130859375
8475.603515625,23808.62109375
8543.6162109375,23884.791015625
8620.6396484375,23948.234375
8709.6083984375,23999.080078125
8794.40625,24056.634765625
8875.2568359375,24119.818359375
8954.2568359375,24182.2421875
8958.8251953125,24252.2109375
8864.79296875,24215.51171875
8848.6630859375,24246.46484375
8892.154296875,24339.431640625
8841.3837890625,24407.150390625
6242,24353
6197.27294921875,24255.30859375
6168.23291015625,24151.4296875
6201.18408203125,24054.65234375
6278.80078125,24115.65625
6334.345703125,24194.662109375
6317.5771484375,24300.869140625
17088,24219
17083.4140625,24136.015625
17093.65625,24060.890625
17032.40234375,23982.580078125
16971.529296875,23905.95703125
16874.771484375,23874.970703125
16799.625,23807.400390625
16712.935546875,23752.404296875
16619.359375,23717.79296875
16516.205078125,23713.740234375
16457.173828125,23779.71875
16367.8720703125,23825.703125
16265.703125,23811.1953125
16172.208984375,23770.451171875
16069.47265625,23763.28515625
15966.7451171875,23755.75
15901.541015625,23678.75390625
15811.9619140625,23629.978515625
15755.177734375,23656.0546875
15659.91796875,23673.0859375
15562.3720703125,23639.6171875
15465.5107421875,23606.341796875
15367.4267578125,23575.51171875
15271.919921875,23541.0625
15179.384765625,23500.388671875
15090.58203125,23448.86328125
14991.4921875,23422.60546875
14900.3232421875,23376.8203125
14818.43359375,23324.630859375
14734.251953125,23266.396484375
14652.171875,23206.62109375
14584.3896484375,23129.44921875
14504.89453125,23068.89453125
14490.7607421875,22974.427734375
14585.4521484375,22982.52734375
14677.3701171875,23029.44921875
14762.50390625,23087.455078125
14852.98046875,23136.291015625
14946.9853515625,23173.091796875
14882.2666015625,23112.259765625
14823.2890625,23061.283203125
14787.9658203125,22974.685546875
14862.361328125,22910.017578125
14917.5986328125,22930.857421875
14983.4921875,22999.869140625
15057.7685546875,23071.142578125
15129.634765625,23139.48046875
15199.4716796875,23146.453125
15115.7021484375,23090.107421875
15116.505859375,22997.564453125
15206.8037109375,22986.44921875
15300.625,23019.400390625
15363.5810546875,23100.6953125
15452.33203125,23143.33984375
15543.9150390625,23165.474609375
15646.18359375,23174.408203125
15694.2744140625,23238.7890625
15741.6982421875,23326.20703125
15814.6416015625,23391.62109375
15885.3720703125,23458.5703125
15953.9951171875,23531.95703125
16048.146484375,23574.029296875
16135.0458984375,23609.056640625
16228.3916015625,23652.642578125
16322.748046875,23667.02734375
16240.9462890625,23608.8359375
16146.5595703125,23570.205078125
16074.0771484375,23502.392578125
16100.302734375,23428.44921875
16198.083984375,23396.4140625
16300.2373046875,23390.96875
16295.416015625,23479.990234375
16386.2578125,23524.6875
16472.39453125,23482.66796875
16542.412109375,23510.8203125
16627.205078125,23568.82421875
16714.0703125,23623.73828125
16798.80859375,23677.47265625
16887.1796875,23721.052734375
16973.115234375,23777.2421875
17065.375,23818.28515625
17153.962890625,23870.982421875
17217.95703125,23947.4296875
17307.197265625,23998.25
17392.4921875,24042.21875
17468.302734375,24103.263671875
17386.0078125,24154.54296875
17295.611328125,24164.916015625
17213.130859375,24226.724609375
17120.009765625,24237.3203125
15592.162109375,23461.751953125
15510.806640625,23401.123046875
15431.2470703125,23336.41796875
15362.666015625,23327.046875
15306.4462890625,23391.685546875
15397.68359375,23418.6796875
15462.181640625,23493.333984375
15548.353515625,23539.544921875
7832,24174
7813.96044921875,24086.71875
7800.119140625,23998.7890625
7868.12841796875,23948.5
7911.44189453125,24034.7265625
7936.88525390625,24133.4921875
7912.994140625,24197.341796875
4335,24154
4326.44384765625,24086.3984375
4355.34130859375,23983.51171875
4413.1025390625,23893.23828125
4468.59228515625,23801.416015625
4571.09765625,23782.419921875
4591.26708984375,23852.513671875
4538.3212890625,23944.974609375
4491.50439453125,24038.412109375
4433.576171875,24129.294921875
24218,24141
24224.87890625,24070.80859375
24186.58984375,23993.6640625
24277.5625,23960.142578125
24380.041015625,23961.224609375
24480.953125,23955.794921875
24517.40625,24035.119140625
24427.607421875,24077.408203125
24334.48828125,24074.005859375
24302.890625,24124.80078125
5950,24109
5877.3974609375,24047.314453125
5831.6279296875,23960.796875
5780.48876953125,23874.865234375
5741.77880859375,23778.869140625
5686.65234375,23690.88671875
5641.818359375,23600.296875
5582.9404296875,23516.328125
5634.2080078125,23473.904296875
5705.6015625,23519.58984375
5760.5712890625,23604.900390625
5815.8505859375,23692.8359375
5863.74951171875,23785.048828125
5897.80126953125,23882.66796875
5936.9453125,23975.359375
5967.22509765625,24058.171875
25849,24065
25746.4296875,24055.802734375
25644.435546875,24044.87109375
25548.24609375,24032.4765625
25446.14453125,24018.771484375
25345.125,23998.82421875
25243.89453125,23979.49609375
25197.099609375,23925.818359375
25120.529296875,23927.705078125
25028.904296875,23921.716796875
24946.205078125,23873.513671875
24847.470703125,23853.064453125
24754.3828125,23818.689453125
24665.615234375,23769.732421875
24598.060546875,23739.966796875
24547.115234375,23793.3203125
24463.708984375,23802.73828125
24381.3828125,23761.134765625
24412.955078125,23695.626953125
24432.951171875,23633.4375
24347.267578125,23577.33203125
24260.56640625,23524.978515625
24176.24609375,23466.884765625
24170.697265625,23377.314453125
24269.044921875,23390.830078125
24344.294921875,23455.681640625
24431.283203125,23505.654296875
24513.119140625,23563.572265625
24595.21484375,23625.443359375
24687.265625,23668.5625
24780.66015625,23711.001953125
24861.0546875,23760.31640625
24954.71484375,23793.87890625
25041.421875,23825.30078125
25129.9921875,23849.42578125
25221.349609375,23886.75
25306.84765625,23890.818359375
25383.75,23941.234375
25486.154296875,23952.603515625
25585.408203125,23978.8515625
25682.080078125,24000.509765625
25782.720703125,24020.7890625
25885.298828125,24030.845703125
14506,23784
14423.42578125,23736.310546875
14331.7666015625,23689.4375
14239.0908203125,23644.017578125
14144.845703125,23601.330078125
14053.4462890625,23552.84765625
13969.033203125,23494.068359375
13880.2470703125,23441.19140625
13793.578125,23386.953125
13697.640625,23373.806640625
13595.412109375,23363.46875
13505.2177734375,23318.57421875
13428.2607421875,23259.931640625
13338.048828125,23215.81640625
13241.92578125,23179.302734375
13165.40234375,23116.248046875
13071.4501953125,23079.208984375
12984.6845703125,23024.466796875
12903.361328125,22961.369140625
12823.9638671875,22898.1171875
12758.787109375,22831.212890625
12715.162109375,22746.3125
12780.6162109375,22683.208984375
12857.9404296875,22745.466796875
12930.9296875,22811.443359375
13015.126953125,22870.36328125
13088.24609375,22943.513671875
13171.23046875,23004.658203125
13251.7373046875,23055.4921875
13339.82421875,23102.189453125
13423.9248046875,23159.373046875
13475.544921875,23139.810546875
13397.4560546875,23074.447265625
13331.9560546875,23000.01171875
13270.095703125,22917.97265625
13229.5615234375,22824.267578125
13225.814453125,22729.1640625
13297.591796875,22707.859375
13350.4873046875,22794.318359375
13404.3994140625,22879.87109375
13469.62109375,22956.771484375
13539.0478515625,23033.416015625
13616.8759765625,23092.24609375
13702.490234375,23148.587890625
13780.9208984375,23214.201171875
13857.54296875,23276.837890625
13948.2744140625,23324.888671875
14037.4140625,23373.4140625
14130.634765625,23417.970703125
14217.2138671875,23474.515625
14310.7265625,23518.689453125
14401.904296875,23567.59375
14492.2626953125,23618.037109375
14570.541015625,23684.474609375
14593.7392578125,23777.240234375
13475,23727
13389.8076171875,23669.3828125
13298.7880859375,23619.9921875
13213.615234375,23561.3828125
13123.3583984375,23510.166015625
13040.865234375,23447.568359375
12965.4443359375,23391.470703125
12891.3427734375,23326.775390625
12814.849609375,23257.154296875
12740.806640625,23185.50390625
12667.0341796875,23117.685546875
12627.705078125,23060.716796875
12556.763671875,22986.400390625
12500.4931640625,22899.794921875
12430.3759765625,22823.259765625
12366.3720703125,22744.5234375
12376.7138671875,22642.3203125
12452.01953125,22660.939453125
12508.1630859375,22732.701171875
12578.6630859375,22808.921875
12642.240234375,22890.72265625
12710.0849609375,22959.55078125
12782.6474609375,23030.515625
12853.7626953125,23106.13671875
12926.1103515625,23178.267578125
13008.58203125,23240.900390625
13086.6875,23309.275390625
13169.736328125,23371.376953125
13245.263671875,23440.4453125
13334.6943359375,23493.109375
13418.873046875,23536.9609375
13506.0458984375,23591.302734375
13597.208984375,23640.767578125
13647.5537109375,23728.732421875
13563.2744140625,23773.1484375
5050,23754
4948.63623046875,23732.11328125
4847.32568359375,23710.013671875
4744.318359375,23698.91796875
4641.13671875,23688.533203125
4538.107421875,23676.73046875
4435.4541015625,23662.0703125
4335.2880859375,23639.33984375
4253.23681640625,23622.416015625
4180.99365234375,23588.63671875
4204.0224609375,23517.0546875
4299.1953125,23553.037109375
4402.609375,23555.794921875
4505.04833984375,23570.513671875
4605.4443359375,23590.26171875
4709.0859375,23592.65234375
4812.72265625,23589.119140625
4916.052734375,23594.90625
5012.03369140625,23630.068359375
5105.61962890625,23674.16015625
5148.45361328125,23759.232421875
6998,23653
6986.71142578125,23553.109375
6934.3271484375,23471.04296875
7020.00439453125,23423.31640625
7087.5615234375,23486.83984375
7121.103515625,23583.88671875
7145.47900390625,23682.140625
7053.35498046875,23698.923828125
7870,23686
7784.93359375,23644.01953125
7713.82177734375,23573.015625
7665.4677734375,23486.599609375
7608.1953125,23419.3125
7624.62841796875,23359.994140625
7703.810546875,23386.310546875
7773.58154296875,23457.79296875
7831.95458984375,23539.693359375
7894.02001953125,23618.15234375
14990,23638
14896.345703125,23594.515625
14796.4580078125,23577.091796875
14710.16796875,23532.220703125
14614.5966796875,23523.3984375
14520.5380859375,23482.423828125
14429.494140625,23437.505859375
14333.904296875,23411.357421875
14245.0302734375,23368.62109375
14152.79296875,23322.080078125
14062.7294921875,23271.4375
13976.2119140625,23219.52734375
13891.291015625,23165.185546875
13811.849609375,23099.330078125
13741.12109375,23023.974609375
13682.517578125,22939.90234375
13749.8388671875,22885.84765625
13838.4228515625,22936.55859375
13919.4794921875,23000.44140625
14003.6533203125,23060.029296875
14077.7900390625,23130.58203125
14167.4228515625,23178.388671875
14253.509765625,23229.744140625
14346.853515625,23274.14453125
14441.529296875,23314.775390625
14525.6357421875,23362.4765625
14510.9033203125,23322.060546875
14428.1201171875,23260.173828125
14352.8515625,23190.10546875
14270.0146484375,23129.216796875
14185.6357421875,23071.427734375
14108.39453125,23002.767578125
14049.296875,22921.6328125
14083.7470703125,22842.3828125
14175.8837890625,22870.525390625
14251.3330078125,22941.126953125
14327.7587890625,23010.689453125
14409.6787109375,23073.6875
14494.80859375,23132.31640625
14569.986328125,23193.94140625
14641.3388671875,23246.646484375
14728.2060546875,23295.326171875
14815.4619140625,23350.5078125
14897.9619140625,23411.642578125
14979.611328125,23474.578125
15062.6513671875,23529.98828125
15135.4130859375,23601.85546875
15086.3056640625,23667.490234375
12455,23550
12362.8203125,23511.650390625
12310.830078125,23424.169921875
12222.298828125,23372.087890625
12143.91796875,23309.53515625
12071.89453125,23235.318359375
12031.763671875,23302.818359375
11946.5029296875,23252.240234375
11898.552734375,23203.650390625
11824.6669921875,23133.7109375
11762.0478515625,23061.92578125
11681.0791015625,23003.30078125
11582.337890625,22984.791015625
11493.7705078125,22953.185546875
11411.404296875,22894.99609375
11318.478515625,22853.36328125
11231.611328125,22801.2109375
11141.90625,22750.29296875
11057.474609375,22690.80078125
10984.8408203125,22667.486328125
10920.5234375,22715.66796875
10825.9482421875,22673.734375
10726.7109375,22647.896484375
10632.1904296875,22610.232421875
10533.6923828125,22579.982421875
10452.8935546875,22522.8359375
10362.5361328125,22472.54296875
10308.8779296875,22436.80078125
10208.982421875,22412.890625
10108.7578125,22396.408203125
10024.2998046875,22385.9609375
10113.1259765625,22435.443359375
10203.513671875,22481.693359375
10287.595703125,22532.224609375
10382.9150390625,22568.740234375
10468.033203125,22627.30859375
10560.869140625,22670.98046875
10650.4404296875,22719.115234375
10736.34765625,22758.1875
10818.814453125,22813.02734375
10860.251953125,22899.212890625
10793.8837890625,22910.630859375
10694.626953125,22887.34375
10601.5556640625,22844.015625
10507.4736328125,22806.90234375
10409.4111328125,22773.376953125
10314.6376953125,22731.474609375
10217.81640625,22695.767578125
10117.4833984375,22670.68359375
10016.689453125,22647.203125
9921.3837890625,22612.40625
9826.3076171875,22575.2890625
9724.91796875,22554.123046875
9638.736328125,22503.908203125
9680.3916015625,22442.150390625
9782.3525390625,22457.947265625
9881.5107421875,22487.912109375
9971.9296875,22528.4921875
9927.802734375,22480.0625
9840.0927734375,22425.19921875
9748.888671875,22377.94921875
9671.96875,22309.572265625
9576.21484375,22272.267578125
9482.494140625,22228.4765625
9458.00390625,22129.638671875
9501.9931640625,22061.06640625
9604.435546875,22066.8203125
9694.98046875,22107.037109375
9793.138671875,22137.400390625
9874.005859375,22152.2578125
9965.6953125,22199.033203125
10064.6005859375,22219.951171875
10157.755859375,22234.423828125
10072.8359375,22183.939453125
9990.310546875,22121.90625
9912.0087890625,22066.650390625
9845.9658203125,21990.8671875
9749.2451171875,21957.890625
9676.7099609375,21889.60546875
9601.330078125,21824.64453125
9651.4228515625,21799.736328125
9734.326171875,21850.17578125
9827.4365234375,21894.849609375
9912.48046875,21950.650390625
9992.9951171875,21990.71484375
10092.494140625,22016.6796875
10182.0166015625,22066.62109375
10271.82421875,22110.873046875
10361.6455078125,22160.837890625
10452.5341796875,22206.16796875
10538.5771484375,22260.91015625
10597.400390625,22335.3125
10697.52734375,22361.55078125
10789.5107421875,22407.20703125
10863.9931640625,22474.794921875
10959.345703125,22512.427734375
11039.255859375,22578.056640625
11124.5126953125,22629.658203125
11197.609375,22692.224609375
11285.337890625,22739.505859375
11375.0078125,22787.009765625
11463.3369140625,22839.966796875
11440.3681640625,22787.005859375
11362.025390625,22726.38671875
11276.5615234375,22668.55859375
11207.73828125,22599.46875
11128.5634765625,22534.6953125
11037.8564453125,22486.041015625
10955.6728515625,22422.935546875
10873.0576171875,22360.38671875
10793.2890625,22302.99609375
10712.4326171875,22238.5859375
10635.001953125,22172.39453125
10587.318359375,22083.021484375
10507.9248046875,22017.662109375
10450.193359375,21933.591796875
10489.7412109375,21883.228515625
10575.208984375,21941.5546875
10650.716796875,22012.443359375
10725.78515625,22075.962890625
10808.1552734375,22137.662109375
10880.4951171875,22204.552734375
10966.16015625,22262.755859375
11035.23046875,22330.36328125
11110.837890625,22392.658203125
11200.8857421875,22440.173828125
11253.287109375,22437.9921875
11186.70703125,22358.552734375
11117.8056640625,22283.248046875
11065.4326171875,22198.751953125
10989.689453125,22128.765625
10946.09375,22055.861328125
10976.330078125,21993.0234375
11059.5576171875,22047.240234375
11123.6142578125,22126.703125
11207.0205078125,22184.408203125
11269.1220703125,22266.923828125
11347.568359375,22324.833984375
11416.751953125,22401.828125
11482.1435546875,22481.064453125
11557.177734375,22548.294921875
11635.6259765625,22615.716796875
11706.2568359375,22691.5546875
11768.3251953125,22774.462890625
11835.22265625,22850.826171875
11927.8603515625,22884.767578125
12000.9384765625,22958.029296875
12067.5439453125,23037.4453125
12139.615234375,23108.724609375
12213.78125,23172.375
12279.0390625,23249.294921875
12349.3203125,23325.466796875
12413.9619140625,23406.486328125
12483.12109375,23483.158203125
8347,23463
8269.0390625,23427.51171875
8163.861328125,23444.88671875
8057.26318359375,23441.623046875
8002.31982421875,23383.744140625
8080.8017578125,23311.81640625
8181.4755859375,23287.0390625
8287.5400390625,23298.765625
8394.2177734375,23299.1484375
8448.1669921875,23375.7890625
8431.5791015625,23430.87109375
4835,23382
4751.6220703125,23315.796875
4684.97900390625,23233.591796875
4605.384765625,23162.400390625
4553.212890625,23071.78515625
4503.2587890625,22989.333984375
4575.2783203125,22971.330078125
4626.04248046875,23000.451171875
4680.58251953125,23091.970703125
4756.6201171875,23165.041015625
4822.71435546875,23248.935546875
4884.7275390625,23331.412109375
6435,23389
6353.4306640625,23327.412109375
6299.39306640625,23246.55859375
6241.23486328125,23164.904296875
6179.46533203125,23082.970703125
6109.9384765625,23006.73046875
6047.61279296875,22929.662109375
5997.40625,22844.26953125
5933.62060546875,22763.16796875
5866.767578125,22684.58203125
5805.11474609375,22602.96484375
5747.28076171875,22528.033203125
5693.6796875,22454.595703125
5634.33154296875,22370.2734375
5565.34521484375,22293.630859375
5493.36962890625,22225.08203125
5463.087890625,22143.59375
5439.51220703125,22062.234375
5502.55712890625,22071.818359375
5562.421875,22155.54296875
5621.1875,22235.50390625
5699.14990234375,22292.201171875
5760.02783203125,22375.2734375
5829.39990234375,22451.650390625
5880.759765625,22540.228515625
5949.27978515625,22615.123046875
6020.5,22688.43359375
6085.92236328125,22768.244140625
6143.822265625,22850.26953125
6205.0859375,22928.513671875
6261.91064453125,23013.904296875
6320.2919921875,23094.078125
6374.4287109375,23180.88671875
6428.6494140625,23268.642578125
6467.61376953125,23357.994140625
12560,23261
12467.8701171875,23216.978515625
12381.02734375,23166.876953125
12293.98046875,23114.32421875
12212.9931640625,23052.119140625
12129.0908203125,22997.607421875
12055.232421875,22933.439453125
11975.6376953125,22871.908203125
11904.921875,22798.1875
11827.7998046875,22732.763671875
11754.0771484375,22662.064453125
11684.1142578125,22587.677734375
11628.3671875,22503.1484375
11670.7509765625,22433.8828125
11761.56640625,22477.287109375
11830.8056640625,22534.759765625
11892.333984375,22614.306640625
11963.9404296875,22679.55078125
12033.451171875,22745.66015625
12104.12890625,22815.435546875
12170.9892578125,22881.64453125
12242.06640625,22944.986328125
12322.607421875,23006.13671875
12395.35546875,23065.494140625
12470.3232421875,23126.1953125
12557.048828125,23180.009765625
12619.4306640625,23249.984375
22690,23196
22610.693359375,23135.509765625
22507.31640625,23116.7734375
22409.6875,23076.849609375
22381.759765625,22994.78125
22480.541015625,22992.443359375
22583.978515625,23009.98828125
22685.828125,23038.130859375
22782.130859375,23062.2578125
22841.294921875,23135.91796875
22773.19140625,23187.78125
20150,23132
20052.431640625,23101.79296875
20067.068359375,23025.275390625
20160.6171875,22996.4296875
20259.998046875,22982.986328125
20358.4375,22955.119140625
20461.79296875,22950.158203125
20565.287109375,22949.83203125
20668.4453125,22943.23828125
20767.275390625,22918.109375
20823.048828125,22924.134765625
20920.943359375,22909.466796875
20921.798828125,22825.697265625
20836.0546875,22771.322265625
20749.240234375,22715.150390625
20667.845703125,22651.861328125
20579.892578125,22597.376953125
20495.47265625,22649.08203125
20421.560546875,22721.50390625
20353.0625,22799.04296875
20296.267578125,22883.94921875
20238.599609375,22942.42578125
20148.619140625,22934.333984375
20118.271484375,22847.962890625
20162.92578125,22754.701171875
20223.099609375,22671.21484375
20282.18359375,22587.802734375
20362.470703125,22531.7109375
20405.626953125,22439.31640625
20365.494140625,22372.91015625
20399.0390625,22287.388671875
20449.986328125,22229.236328125
20447.658203125,22154.583984375
20345.515625,22168.73046875
20273.748046875,22106.5
20234.35546875,22026.19921875
20313.931640625,21969.068359375
20226.77734375,21929.384765625
20134.25,21886.580078125
20031.177734375,21877.890625
19950.33203125,21829.146484375
19925.587890625,21729.6015625
19846.26953125,21704.125
19745.052734375,21718.12109375
19658.70703125,21666.1484375
19576.8359375,21626.10546875
19565.04296875,21533.25390625
19468.447265625,21553.779296875
19380.033203125,21591.2421875
19285.4765625,21628.39453125
19185.640625,21648.42578125
19097.037109375,21610.77734375
19123.28515625,21529.1015625
19119.048828125,21440.884765625
19167.943359375,21359.904296875
19265.986328125,21376.748046875
19323.28125,21460.556640625
19369.74609375,21407.39453125
19463.203125,21385.10546875
19555.830078125,21406.650390625
19597.8515625,21448.8828125
19615.328125,21523.56640625
19709.958984375,21495.984375
19764.451171875,21548.11328125
19850.650390625,21539.509765625
19952.052734375,21541.330078125
20008.353515625,21621.67578125
20094.353515625,21648.279296875
20195.22265625,21639.681640625
20272.80078125,21700.46875
20298.96484375,21796.708984375
20384.142578125,21780.484375
20438.759765625,21692.900390625
20511.4296875,21621.37109375
20581.19921875,21549.7421875
20674.283203125,21523.916015625
20733.07421875,21597.392578125
20680.099609375,21678.142578125
20607.623046875,21746.017578125
20554.18359375,21831.375
20492.79296875,21913.759765625
20404.20703125,21965.66015625
20424.78125,22056.337890625
20487.08203125,22132.572265625
20582.85546875,22137.873046875
20624.423828125,22226.470703125
20615.466796875,22329.3359375
20613.8203125,22423.443359375
20701.2421875,22475.06640625
20783.267578125,22536.861328125
20862.6796875,22603.0625
20947.01171875,22660.255859375
21038.740234375,22702.662109375
21082.09375,22791.328125
21155.955078125,22860.248046875
21206.73046875,22941.189453125
21129.00390625,23003.212890625
21031.72265625,23036.578125
20951.5703125,23089.91015625
20851.95703125,23112.611328125
20748.861328125,23105.392578125
20646.33984375,23117.2109375
20548.060546875,23100.78515625
20455.412109375,23126.296875
20355.380859375,23130.373046875
20253.25,23138.45703125
24945,23110
24844.744140625,23069.7578125
24743.587890625,23032.0859375
24640.408203125,23001.21875
24699.896484375,22941.8203125
24799.7578125,22959.84375
24898.568359375,23000.583984375
24999.181640625,23039.572265625
25096.037109375,23076.45703125
25047.142578125,23132.94140625
6883,23071
6821.36181640625,22995.943359375
6878.5810546875,22921
6969.93212890625,22953.392578125
6971.2431640625,23054.083984375
8332,23058
8230.6083984375,23046.16796875
8148.7841796875,22997.759765625
8052.7255859375,22967.33203125
8083.1015625,22883.63671875
8066.919921875,22808.896484375
8027.71923828125,22715.8671875
8002.67431640625,22616.3359375
8042.11328125,22537.80859375
8118.001953125,22580.337890625
8163.33203125,22669.75
8167.85302734375,22759.294921875
8228.0439453125,22830.953125
8308.3681640625,22887.408203125
8387.0419921875,22941.43359375
8413.185546875,23001.380859375
22740,22848
22646.166015625,22810.763671875
22694.73828125,22729.9453125
22753.466796875,22652.34375
22729.8984375,22559.798828125
22797.5234375,22490.359375
22896.630859375,22475.85546875
22980.373046875,22490.810546875
23009.33203125,22580.232421875
23012.76171875,22662.5078125
22996.953125,22730.958984375
22895.291015625,22745.828125
22837.072265625,22831.154296875
4780,22671
4706.2626953125,22673.9375
4628.021484375,22615.630859375
4587.03955078125,22525.28125
4517.48828125,22474.810546875
4503.5439453125,22379.802734375
4579.31201171875,22330.19140625
4642.501953125,22366.142578125
4682.408203125,22454.5546875
4731.01123046875,22541.21875
4785.248046875,22624.3203125
17248,22609
17235.208984375,22517.54296875
17336.423828125,22471.40234375
17407.033203125,22545.841796875
17360.673828125,22619.107421875
6532,22538
6482.1669921875,22447.689453125
6426.7607421875,22366.12109375
6392.75927734375,22269.955078125
6361.3828125,22173.07421875
6422.86474609375,22122.392578125
6507.55859375,22158.349609375
6532.1806640625,22257.859375
6567.94677734375,22354.55859375
6624.5830078125,22436.58984375
6617.9921875,22536.77734375
22963,22429
22885.3671875,22363.181640625
22838.291015625,22278.986328125
22853.50390625,22201.064453125
22783.578125,22156.841796875
22808.736328125,22070.484375
22904.845703125,22033.84765625
22992.451171875,22006.45703125
23053.798828125,22039.03125
23156.8828125,22026.494140625
23252.77734375,21994.96484375
23355.48046875,21980.5625
23451.560546875,21997.65625
23409.90625,22066.021484375
23309.951171875,22082.517578125
23209.947265625,22110.115234375
23109.220703125,22134.55078125
23039.38671875,22184.8359375
23129.23828125,22225.369140625
23066.845703125,22272.095703125
23113.759765625,22344.642578125
23056.931640625,22409.9921875
8308,22403
8258.7705078125,22312.037109375
8223.240234375,22229.130859375
8310.080078125,22183.63671875
8404.64453125,22215.099609375
8495.4306640625,22256.884765625
8589.0400390625,22297.46484375
8653.5,22356.330078125
8587.490234375,22388.4609375
8493.4013671875,22355.01953125
8401.22265625,22393.587890625
17297,22403
17200.58203125,22387.205078125
17194.66796875,22299.974609375
17226.64453125,22226.4296875
17249.27734375,22128.69140625
17331.59765625,22075.703125
17425.779296875,22112.58203125
17432.615234375,22192.404296875
17447.525390625,22290.3828125
17383.45703125,22373.31640625
7565,22390
7524.7607421875,22326.703125
7496.73388671875,22234.849609375
7453.42529296875,22142.986328125
7442.419921875,22048.798828125
7410.9873046875,21962.333984375
7397.27685546875,21862.1328125
7378.44775390625,21762.2109375
7403.6103515625,21675.029296875
7489.84765625,21680.5546875
7451.4365234375,21760.337890625
7511.96533203125,21841.3203125
7508.22998046875,21941.759765625
7532.9765625,22026.728515625
7538.7353515625,22119.75
7576.759765625,22209.498046875
7609.744140625,22284.083984375
7640.57666015625,22352.974609375
7659.60009765625,22381.625
24583,22348
24588.783203125,22273.853515625
24687.85546875,22252.01953125
24789.7109375,22236.630859375
24894.9765625,22244.93359375
24894.130859375,22314.009765625
24790.32421875,22331.439453125
24687.998046875,22352.69921875
4893,22330
4822.03857421875,22260.251953125
4760.18408203125,22178.615234375
4702.97412109375,22093.783203125
4672.38134765625,22008.224609375
4719.10693359375,21944.248046875
4795.419921875,22006.458984375
4833.0390625,22055
4880.09716796875,22144.822265625
4928.9609375,22235.421875
4987.248046875,22319.712890625
17580,22133
17486.0625,22107.5625
17418.52734375,22053.662109375
17469.22265625,21993.30078125
17557.84375,21964.55078125
17644.630859375,21985.990234375
17724.376953125,22042.1484375
17656.888671875,22091.689453125
8015,22055
7920.2109375,22007.443359375
7955.60107421875,21901.923828125
8046.912109375,21915.099609375
8099.00244140625,22000.12890625
24295,22020
24244.9453125,21967.02734375
24340.416015625,21932.0078125
24442.0703125,21913.703125
24542.201171875,21887.974609375
24640.669921875,21857.85546875
24741.24609375,21833.890625
24838.830078125,21800.1796875
24936.490234375,21775.541015625
25030.779296875,21733.572265625
25125.525390625,21692.2890625
25223.10546875,21659.560546875
25322.107421875,21637.296875
25422.1015625,21614.025390625
25524.587890625,21600.3359375
25626.234375,21581.47265625
25720.12890625,21567.845703125
25814.5234375,21590.7109375
25754.2734375,21641.357421875
25651.078125,21647.80078125
25548.6328125,21661.345703125
25446.1171875,21674.11328125
25345.70703125,21696.365234375
25259.8359375,21736.4296875
25170.755859375,21784.271484375
25071.9765625,21811.703125
24975.16796875,21847.587890625
24878.712890625,21877.384765625
24780.736328125,21893.833984375
24688.37890625,21938.109375
24592.34375,21961.025390625
24493.02734375,21984.966796875
24395.982421875,22007.14453125
8565,21957
8498.2060546875,21878.330078125
8456.8037109375,21781.552734375
8409.73046875,21694.5078125
8365.4248046875,21623.84765625
8320.095703125,21530.951171875
8283.775390625,21432.626953125
8257.57421875,21336.103515625
8201.388671875,21256.53515625
8147.8017578125,21170.259765625
8101.81396484375,21077.49609375
8164.7021484375,21101.3671875
8222.0185546875,21188.720703125
8302.0888671875,21253.546875
8349.1875,21340.359375
8404.6494140625,21429.76171875
8447.427734375,21525.01171875
8479.1865234375,21601.099609375
8548.3173828125,21669.369140625
8590.04296875,21764.5546875
8642.0947265625,21854.306640625
8658,21951.03125
21794,21883
21843.203125,21801.18359375
21917.8828125,21730.130859375
21992.46484375,21658.98828125
22047.890625,21577.52734375
22108.07421875,21494.423828125
22162.94140625,21447.697265625
22260.884765625,21455.662109375
22347.27734375,21399.98828125
22391.955078125,21416.482421875
22316.08203125,21485.12890625
22248.1015625,21562.587890625
22183.490234375,21640.169921875
22085.439453125,21667.99609375
22025.001953125,21747.908203125
21938.853515625,21802.126953125
21871.658203125,21872.96484375
22692,21890
22603.994140625,21842.5078125
22546.9296875,21781.181640625
22499.693359375,21699.951171875
22415.478515625,21650.509765625
22474.044921875,21573.814453125
22576.26171875,21568.9609375
22589.94921875,21645.064453125
22565.298828125,21709.68359375
22657.798828125,21670.00390625
22741.7890625,21611.580078125
22821.48828125,21548.953125
22905.478515625,21558.470703125
22923.1171875,21638.859375
22887.82421875,21724.11328125
22849.49609375,21810.798828125
22768.654296875,21860.048828125
17611,21880
17525.044921875,21830.599609375
17466.361328125,21774.896484375
17516.7734375,21699.947265625
17610.99609375,21664.94921875
17706.541015625,21677.443359375
17731.470703125,21771.20703125
17703.236328125,21868.197265625
3896,21785
3794.607177734375,21779.330078125
3691.495361328125,21778.068359375
3593.924072265625,21755.037109375
3493.804931640625,21771.34765625
3408.609375,21755.052734375
3326.698974609375,21726.607421875
3224.601318359375,21723.5
3128.262451171875,21689.28515625
3034.211669921875,21647.369140625
2945.333984375,21606.888671875
2849.975830078125,21567.326171875
2756.31640625,21523.794921875
2668.900390625,21469.53125
2591.37255859375,21401.53125
2511.489013671875,21338.318359375
2434.153076171875,21272.619140625
2369.5,21205.1171875
2363.33154296875,21149.087890625
2448.63623046875,21205.62890625
2524.05126953125,21271.5859375
2607.876220703125,21331.28515625
2687.931884765625,21382.232421875
2776.181640625,21426.525390625
2857.401123046875,21484.822265625
2946.501953125,21530.10546875
3044.259033203125,21562.6015625
3125.484130859375,21585.201171875
3221.722412109375,21616.861328125
3318.1337890625,21642.978515625
3420.115234375,21648.951171875
3517.458251953125,21680.400390625
3605.78662109375,21655.8046875
3707.257568359375,21674.42578125
3808.1044921875,21686.271484375
3886.21533203125,21667.224609375
3970.959716796875,21690.26953125
4071.546630859375,21682.408203125
4171.78759765625,21676.80859375
4272.47119140625,21664.36328125
4356.67626953125,21648.7578125
4459.75244140625,21654.125
4556.4521484375,21620.287109375
4653.9560546875,21589.603515625
4755.6826171875,21574.615234375
4856.5107421875,21555.212890625
4948.353515625,21510.708984375
5049.60107421875,21496.615234375
5129.28173828125,21440.970703125
5227.2900390625,21418.80078125
5317.15185546875,21393.08984375
5399.95166015625,21343.380859375
5487.21142578125,21309.5859375
5583.01416015625,21271.978515625
5673.9599609375,21228.703125
5769.56640625,21189.533203125
5867.33544921875,21158.400390625
5965.47900390625,21128.384765625
6055.9541015625,21138.677734375
6026.076171875,21222.58203125
5936.76416015625,21270.2734375
5838.62548828125,21302.599609375
5744.2607421875,21344.32421875
5649.130859375,21384.453125
5555.341796875,21421.154296875
5460.67578125,21419.94140625
5381.43896484375,21483.43359375
5286.81591796875,21522.65234375
5190.84814453125,21556.662109375
5090.52001953125,21579.982421875
4994.9814453125,21591.619140625
4903.96826171875,21627.498046875
4808.59521484375,21666.916015625
4710.65234375,21685.90234375
4610.8828125,21711.076171875
4510.88427734375,21735.970703125
4407.95556640625,21744.701171875
4305.0498046875,21753.630859375
4203.146484375,21769.40234375
4100.008056640625,21775.78125
3996.875,21782.126953125
17912,21762
17830.71875,21693.283203125
17824.830078125,21598.4140625
17864.568359375,21507.1953125
17963.4375,21468.916015625
18067.349609375,21484.7421875
18102.025390625,21577.638671875
18035.876953125,21642.419921875
18068.474609375,21741.267578125
17992.94921875,21776.064453125
24011,21692
24034.927734375,21601.322265625
24089.67578125,21515.01171875
24150.552734375,21431.916015625
24207.751953125,21346.916015625
24278.419921875,21271.935546875
24353.255859375,21201.232421875
24424.939453125,21128.443359375
24507.556640625,21071.298828125
24544.037109375,21076.421875
24593.5546875,20999.06640625
24678.408203125,20940.791015625
24771.74609375,20898.640625
24861.203125,20857.1796875
24956.908203125,20820.6640625
25049.921875,20785.55859375
25130.3203125,20765.74609375
25229.634765625,20738.78515625
25331.052734375,20721.35546875
25433.8828125,20715.453125
25534.1796875,20713.052734375
25635.8359375,20726.423828125
25554.099609375,20759.30078125
25453.7421875,20782.388671875
25351.14453125,20790.025390625
25250.703125,20805.6484375
25150.431640625,20828.53125
25060.802734375,20869.822265625
24960.392578125,20890.166015625
24878.189453125,20941.767578125
24816.0703125,20986.24609375
24893.15234375,21049.998046875
24804.455078125,21000.4140625
24718.51953125,21044.099609375
24626.076171875,21085.185546875
24544.21875,21147.625
24483.013671875,21203.181640625
24410.73046875,21274.076171875
24348.728515625,21347.7890625
24282.125,21426.291015625
24218.294921875,21507.0234375
24155.849609375,21587.802734375
24094.70703125,21670.65625
18640,21668
18570.427734375,21589.009765625
18599.41015625,21505.185546875
18695.123046875,21463.4921875
18775.470703125,21495.689453125
18786.94921875,21390.880859375
18838.966796875,21304.34375
18934.212890625,21265.216796875
18994.109375,21330.16796875
19014.55859375,21429.3828125
18948.423828125,21504.19921875
18878.8046875,21569.69921875
18785.103515625,21585.763671875
18712.8984375,21635.6484375
18224,21649
18178.478515625,21578.880859375
18177.376953125,21491.19921875
18174.916015625,21397.048828125
18197.947265625,21321.240234375
18291.107421875,21302.857421875
18340.599609375,21383.39453125
18362.314453125,21475.666015625
18382.310546875,21559.712890625
18315.298828125,21632.345703125
6963,21483
6923.755859375,21391.48828125
6903.4052734375,21291.248046875
6878.2451171875,21191.96484375
6873.6279296875,21090.5625
6840.7421875,20997.96484375
6822.4619140625,20898.8203125
6812.8603515625,20797.248046875
6830.90576171875,20726.169921875
6895.70458984375,20778.408203125
6920.73681640625,20875.400390625
6923.7099609375,20973.837890625
6971.42138671875,21058.837890625
6984.3125,21159.26171875
7002.3076171875,21255.322265625
7036.12158203125,21351.404296875
7039.6884765625,21451.765625
20759,21470
20702.0390625,21409.34765625
20755.619140625,21324.421875
20841.78125,21307.00390625
20935.470703125,21345.49609375
20943.71484375,21432.859375
20857.76171875,21482.71484375
21857,21479
21756.150390625,21453.66796875
21694.62890625,21366.83203125
21768.89453125,21295.009765625
21774.240234375,21192.14453125
21867.572265625,21143.404296875
21928.11328125,21212.984375
21930.794921875,21320.826171875
21907.763671875,21419.28515625
21505,21394
21489.900390625,21310.923828125
21400.822265625,21332.154296875
21326.0625,21367.8046875
21245.234375,21310.509765625
21287.181640625,21229.798828125
21339.404296875,21188.421875
21247.244140625,21159.921875
21162.564453125,21105.6171875
21155.033203125,21010.251953125
21193.435546875,20918.79296875
21273.07421875,20940.208984375
21364.423828125,20981.6328125
21432.513671875,21050.248046875
21521.212890625,21080.791015625
21567.921875,21146.84765625
21602.08984375,21218.01953125
21676.68359375,21255.216796875
21667.46484375,21352.525390625
21595.21875,21411.390625
4399,21395
4330.00927734375,21342.083984375
4282.65283203125,21298.408203125
4212.2705078125,21232.09375
4262.20703125,21139.435546875
4313.16015625,21048.77734375
4389.3642578125,20975.486328125
4459.97998046875,20899.49609375
4550.76171875,20849.47265625
4647.63623046875,20807.03515625
4742.0068359375,20766.060546875
4820.0498046875,20824.98046875
4764.2578125,20891.388671875
4664.52392578125,20925.80078125
4579.2001953125,20986.67578125
4506.9833984375,21060.775390625
4442.50537109375,21142.25
4452.06103515625,21225.1953125
4453.9228515625,21327.779296875
21030,21350
20960.05078125,21297.21484375
20979.927734375,21207.162109375
21063.17578125,21169.484375
21149.865234375,21208.681640625
21202.380859375,21282.71875
21126.3515625,21343.130859375
6290,21333
6241.3525390625,21247.89453125
6177.39453125,21173.8125
6128.18212890625,21085.880859375
6081.0361328125,20995.341796875
6042.91015625,20900.97265625
5991.4140625,20812.84765625
5931.875,20730.041015625
5880.20849609375,20644.744140625
5846.0693359375,20552.484375
5786.73046875,20470.796875
5737.962890625,20382.724609375
5678.20947265625,20301.8984375
5615.8095703125,20223.455078125
5623.2646484375,20148.64453125
5696.4658203125,20185.216796875
5764.61181640625,20252.50390625
5822.8046875,20335.9921875
5888.29931640625,20413.861328125
5937.93798828125,20501.369140625
5992.8837890625,20587.318359375
6044.7158203125,20672.794921875
6103.052734375,20756.564453125
6156.01904296875,20843.85546875
6199.509765625,20935.7421875
6254.05126953125,21011.75390625
6288.2841796875,21100.38671875
6321.62060546875,21196.447265625
6357.9052734375,21290.837890625
7803,21303
7790.49609375,21201.8359375
7765.21484375,21104.54296875
7753.6962890625,21004.693359375
7771.94482421875,20907.87890625
7745.55078125,20809.8984375
7732.46435546875,20717.654296875
7719.552734375,20619.20703125
7695.9375,20520.224609375
7673.27490234375,20421.5625
7684.96923828125,20331.318359375
7697.14501953125,20236.90234375
7662.6962890625,20147.45703125
7667.3330078125,20048.001953125
7601.1513671875,20006.21484375
7612.63232421875,19907.466796875
7617.361328125,19825.859375
7655.9580078125,19909.681640625
7689.26220703125,20005.474609375
7707.56005859375,20094.0078125
7747.71240234375,20186.14453125
7758.12060546875,20287.509765625
7768.2109375,20389.078125
7780.291015625,20490.435546875
7794.75830078125,20591.443359375
7817.62744140625,20690.36328125
7825.58837890625,20791.919921875
7834.55419921875,20892.255859375
7854.20703125,20990.857421875
7856.33447265625,21092.90625
7861.15625,21194.849609375
7867.486328125,21293.16796875
4230,21040
4145.5908203125,20985.611328125
4081.6591796875,20908.958984375
4020.29638671875,20829.140625
4032.73876953125,20747.44140625
4119.017578125,20739.650390625
4187.0263671875,20809.91796875
4238.68212890625,20896.15234375
4281.1416015625,20980.02734375
11158,20987
11107.47265625,20900.509765625
11063.3115234375,20810.79296875
11025.7333984375,20717.5
10980.0087890625,20627.654296875
10947.5908203125,20531.654296875
10917.794921875,20434.697265625
10869.9921875,20344.890625
10827.1123046875,20255.96875
10786.421875,20164.8671875
10738.302734375,20076.60546875
10696.859375,19983.5703125
10652.2021484375,19892.0390625
10622.595703125,19802.580078125
10565.1279296875,19720.796875
10638.91015625,19705.6328125
10702.6923828125,19783.73046875
10747.1357421875,19874.515625
10800.1220703125,19960.41015625
10836.78125,20051.30859375
10891.6767578125,20134.001953125
10935.482421875,20225.9375
10986.4375,20313.8125
11032.2255859375,20399.951171875
11061.12109375,20497.47265625
11101.4423828125,20588.259765625
11165.845703125,20666.796875
11206.4453125,20758.123046875
11243.4697265625,20848.796875
11277.1328125,20912.552734375
11243.88671875,20989.73046875
23750,20979
23792.6484375,20889.373046875
23845.595703125,20811.109375
23916.763671875,20742.224609375
23992.07421875,20672.896484375
24058.642578125,20594.169921875
24130.0859375,20523.5390625
24201.53515625,20448.98828125
24269.64453125,20371.474609375
24326.357421875,20302.2265625
24395.3515625,20225.5234375
24451.611328125,20145.15625
24529.078125,20143.318359375
24481.2578125,20228.962890625
24418.888671875,20310.6640625
24366.0390625,20387.76171875
24306.560546875,20471.234375
24240.150390625,20548.271484375
24169.91796875,20620.140625
24093.275390625,20688.72265625
24043.54296875,20777.888671875
23970.05078125,20843.916015625
23903.931640625,20918.2265625
23822.09765625,20977.208984375
24232,20934
24137.591796875,20923.71875
24168.7109375,20853.58984375
24261.439453125,20823.2890625
24355.98046875,20810.7734375
24308.185546875,20896.212890625
7192,20880
7163.88671875,20786.220703125
7149.37158203125,20687.06640625
7219.71728515625,20623.60546875
7294.51708984375,20674.43359375
7313.29541015625,20774.46484375
7288.2255859375,20864.513671875
5153,20873
5087.205078125,20803.396484375
5027.94970703125,20719.998046875
4960.87109375,20645.681640625
4920.65869140625,20554.982421875
4970.740234375,20482.556640625
5064.19384765625,20523.6171875
5124.3681640625,20606.203125
5171.35546875,20695.7734375
5232.1982421875,20778.91015625
5235.56494140625,20845.865234375
21060,20850
20961.400390625,20810.30078125
20923.791015625,20716.439453125
20982.849609375,20669.564453125
21084.111328125,20696.23046875
21167.763671875,20748.287109375
21165.724609375,20852.181640625
8425,20838
8359.0166015625,20762.404296875
8308.525390625,20672.376953125
8233.41796875,20603.671875
8189.974609375,20507.515625
8131.1123046875,20420.603515625
8107.86474609375,20320.15625
8052.875,20239.787109375
8026.470703125,20147.21484375
7993.0751953125,20062.51171875
8069.38671875,20115.568359375
8109.70166015625,20202.89453125
8160.3525390625,20285.23046875
8211.3193359375,20375.05078125
8259.4072265625,20468.6171875
8290.3037109375,20569.328125
8343.23046875,20654.1640625
8391.009765625,20719.59765625
8423.7001953125,20792.21875
18313,20788
18319.283203125,20705.8125
18398.85546875,20640.34765625
18473.3046875,20588.646484375
18556.62890625,20524.33984375
18614.115234375,20574.732421875
18589.759765625,20674.978515625
18511.55078125,20744.6015625
18415.59765625,20787.634765625
12321,20779
12244.568359375,20720.796875
12232.103515625,20645.2734375
12175.5224609375,20564.677734375
12142.1640625,20468.05078125
12108.6533203125,20372.486328125
12088.412109375,20271.80859375
12042.7314453125,20182.083984375
12017.0703125,20083.109375
12000.8125,19983.43359375
12000.3955078125,19895.7265625
11959.39453125,19806.435546875
11945.87890625,19711.498046875
11913.1455078125,19617.23828125
11900.8662109375,19515.21484375
11905.1982421875,19418.533203125
11886.62890625,19317.98046875
11868.2451171875,19224.041015625
11863.3056640625,19124.05078125
11844.66796875,19023.505859375
11834.1435546875,18923.068359375
11822.0205078125,18821.126953125
11813.291015625,18719.044921875
11813.3779296875,18620.337890625
11798.828125,18519.416015625
11789.9638671875,18417.185546875
11791.7119140625,18314.408203125
11782.98828125,18211.9765625
11765.7509765625,18110.984375
11765.6044921875,18008.294921875
11778.1494140625,17908.794921875
11766.244140625,17823.9375
11751.7177734375,17723.537109375
11753.6298828125,17630.173828125
11754.828125,17527.39453125
11774.9912109375,17429.169921875
11748.626953125,17334.111328125
11746.115234375,17233.064453125
11749.15234375,17130.951171875
11802.2236328125,17086.849609375
11808.2275390625,17189.326171875
11822.6630859375,17290.908203125
11827.5810546875,17393.5859375
11823.56640625,17496.234375
11830.0927734375,17596.048828125
11836.51953125,17698.640625
11840.1337890625,17801.39453125
11843.3232421875,17904.16015625
11846.4375,18006.9296875
11850.1806640625,18109.677734375
11866.3203125,18210.3359375
11873.251953125,18312.873046875
11876.2001953125,18415.646484375
11883.6953125,18517.9765625
11889.232421875,18620.642578125
11892.896484375,18723.392578125
11900.7880859375,18825.84765625
11925.03515625,18924.599609375
11934.177734375,19026.931640625
11954.7451171875,19127.44921875
11958.71484375,19230.15234375
11970.744140625,19332.056640625
11979.107421875,19434.34765625
11992.37109375,19535.109375
12004.638671875,19636.888671875
12002.5078125,19705.58203125
12027.146484375,19796.638671875
12056.94921875,19888.99609375
12078.3876953125,19984.623046875
12110.5576171875,20072.712890625
12141.216796875,20169.9765625
12163.361328125,20270.34375
12199.302734375,20366.439453125
12234.9765625,20457.95703125
12277.9873046875,20549.787109375
12309.966796875,20646.78515625
12348.3681640625,20738.064453125
20804,20665
20704.46484375,20637.517578125
20622.900390625,20647.22265625
20521.06640625,20630.525390625
20509.076171875,20528.15625
20561.927734375,20440.57421875
20665.052734375,20432.419921875
20716.408203125,20512.673828125
20821.609375,20500.501953125
20898.994140625,20560.421875
20890.9453125,20649.041015625
18863,20618
18848.822265625,20515.458984375
18942.736328125,20474.25
19025.8984375,20526.03515625
18962.28515625,20599.927734375
7386,20543
7340.947265625,20467.6171875
7372.9765625,20382.642578125
7461.57861328125,20432.423828125
7488.83251953125,20529.587890625
23373,20518
23388.03515625,20438.4140625
23479.0859375,20389.791015625
23574.12890625,20352.572265625
23669.08984375,20311.2890625
23753.4921875,20271.349609375
23840.416015625,20215.345703125
23933.5,20166.462890625
24023.798828125,20112.91015625
24107.09375,20049.349609375
24184.392578125,20006.259765625
24270.13671875,19945.640625
24363.5546875,19909.7265625
24344.16015625,19977.689453125
24256.7578125,20035.67578125
24165.318359375,20082.8359375
24090.38671875,20154.708984375
24007.818359375,20212.05859375
23920.619140625,20269.966796875
23835.650390625,20329.7109375
23753.142578125,20385.689453125
23652.134765625,20409.587890625
23571.169921875,20473.353515625
23473.1328125,20510.931640625
19628,20480
19617.423828125,20378.900390625
19624.609375,20271.89453125
19623.634765625,20164.4140625
19644.37890625,20060.68359375
19707.970703125,20000.31640625
19770.27734375,20081.6875
19766.275390625,20189.1015625
19768.736328125,20296.51953125
19754.42578125,20400.62890625
19723.138671875,20500.849609375
4806,20424
4745.6748046875,20344.146484375
4692.9521484375,20259.01953125
4629.9912109375,20184.869140625
4621.5869140625,20095.33203125
4718.20654296875,20091.064453125
4780.1796875,20168.12109375
4815.6123046875,20258.931640625
4860.8173828125,20347.12890625
4873.52490234375,20445.361328125
3995,20418
3905.895263671875,20368.3125
3811.234619140625,20328.294921875
3792.011474609375,20247.0390625
3890.931884765625,20221.396484375
3973.06201171875,20265.91015625
4067.86865234375,20307.28515625
4088.684814453125,20403.779296875
19217,20392
19195.6796875,20293.123046875
19231.296875,20211.84375
19332.033203125,20213.642578125
19370.4140625,20315.537109375
19315.96484375,20383.767578125
20324,20356
20297.49609375,20272.025390625
20347.962890625,20257.7890625
20431.494140625,20214.34375
20478.13671875,20297.984375
20423.87109375,20374.802734375
20010,20313
19937.111328125,20248.369140625
19975.1484375,20155.310546875
19962.47265625,20057.271484375
19911.3515625,19968.287109375
19878.076171875,19884.62109375
19974.158203125,19870.357421875
20043.19921875,19939.955078125
20107.181640625,20018.5234375
20156.39453125,20107
20139.357421875,20199.431640625
20089.484375,20276.458984375
23304,20195
23314.923828125,20123.55859375
23392.140625,20056.275390625
23473.767578125,20000.013671875
23547.275390625,19938.30078125
23641.759765625,19896.45703125
23720.375,19827.978515625
23814.1171875,19782.173828125
23907.6015625,19736.447265625
24002.220703125,19695.3984375
24063.427734375,19644.544921875
24165.08984375,19623.505859375
24174.3359375,19684.396484375
24094.06640625,19751.037109375
24000.08984375,19797.423828125
23911.63671875,19850.32421875
23815.94921875,19893.103515625
23729.966796875,19953.501953125
23645.029296875,20015.208984375
23563.37109375,20079.1875
23484.45703125,20130.763671875
23395.1328125,20177.029296875
3875,20097
3787.241455078125,20052.3984375
3701.41650390625,20034.390625
3613.8037109375,19979.353515625
3663.45068359375,19907.224609375
3768.142822265625,19918.373046875
3867.684814453125,19953.8984375
3949.060546875,20008.435546875
3965.89892578125,20095.912109375
7844,20090
7799.98876953125,20004.876953125
7772.64404296875,19925.203125
7726.380859375,19833.26171875
7754.1923828125,19737.369140625
7686.26318359375,19676.009765625
7697.69775390625,19608.783203125
7647.28125,19542.47265625
7608.875,19451.673828125
7578.2490234375,19352.435546875
7552.73291015625,19255.630859375
7532.34033203125,19155.966796875
7516.67529296875,19055.86328125
7567.48388671875,19076.751953125
7605.17626953125,19144.806640625
7635.26513671875,19242.1640625
7655.9306640625,19338.5078125
7688.06982421875,19427.8203125
7742.49169921875,19511.23046875
7775.39990234375,19605.0234375
7779.66845703125,19666.7578125
7829.73828125,19733.939453125
7853.95361328125,19833.947265625
7886.9384765625,19932.087890625
7896.27001953125,20035.380859375
5975,20078
5940.87646484375,19990.55078125
5939.58935546875,19889.974609375
5946.673828125,19805.7109375
5933.6416015625,19718.330078125
5905.5751953125,19639.7109375
5903.15185546875,19550.90234375
5870.09130859375,19460.140625
5862.71923828125,19359.83984375
5898.615234375,19319.615234375
5966.7919921875,19393.453125
6008.1865234375,19484.505859375
6029.7783203125,19581.603515625
6059.5166015625,19676.58984375
6079.58349609375,19774.7265625
6093.42431640625,19873.78515625
6093.73583984375,19974.38671875
6071.18994140625,20068.173828125
11000,20072
10933.673828125,19997.126953125
10877.4443359375,19911.69921875
10829.3076171875,19827.90234375
10789.111328125,19733.9296875
10744.39453125,19650.345703125
10782.08984375,19584.564453125
10861.8828125,19638.009765625
10905.0732421875,19727.662109375
10945.447265625,19820.580078125
10985.85546875,19914.0859375
11031.2578125,20004.015625
22218,20008
22213.185546875,19906.322265625
22231.236328125,19804.556640625
22261.34765625,19705.49609375
22290.09375,19605.7109375
22324.498046875,19507.54296875
22375.552734375,19418.9296875
22404.416015625,19319.388671875
22473.6953125,19247.1328125
22462.39453125,19145.40625
22517.720703125,19062.921875
22560.470703125,18979.455078125
22606.39453125,18905.61328125
22634.275390625,18809.71484375
22669.748046875,18712.177734375
22711.95703125,18616.884765625
22784.552734375,18568.744140625
22777.3203125,18659.767578125
22747.537109375,18748.5625
22709.998046875,18844.20703125
22675.359375,18941.8046875
22634.986328125,19037.921875
22595.86328125,19134.5546875
22551.87890625,19228.34375
22515.443359375,19323.837890625
22472.55078125,19418.828125
22450.9140625,19511.720703125
22415.869140625,19609.01171875
22375.900390625,19702.236328125
22344.83984375,19801.177734375
22317.845703125,19898.376953125
22292.55078125,19997.947265625
9675,19987
9642.685546875,19888.4296875
9599.4619140625,19793.34375
9553.8603515625,19701.091796875
9467.654296875,19646.35546875
9438.3359375,19552.1328125
9422.3095703125,19448.92578125
9412.23828125,19344.95703125
9409.0966796875,19240.5703125
9393.76171875,19140.333984375
9372.53515625,19038.1796875
9433.6748046875,18968.322265625
9492.9658203125,18977.0546875
9496.8291015625,19074.896484375
9534.7822265625,19160.380859375
9540.0869140625,19255.875
9541.064453125,19360.328125
9538.615234375,19464.76171875
9527.0634765625,19567.400390625
9591.265625,19616.0078125
9640.8427734375,19627.95703125
9688.7646484375,19706.306640625
9722.232421875,19802.322265625
9762.91796875,19893.4921875
9765.2568359375,19997.689453125
5156,19943
5078.224609375,19875.05078125
5012.990234375,19794.568359375
4957.4521484375,19707.49609375
4899.52294921875,19621.884765625
4840.40380859375,19537.16015625
4779.12548828125,19457.388671875
4725.93212890625,19375.169921875
4668.46533203125,19289.40625
4595.72802734375,19226.61328125
4501.7724609375,19240.060546875
4420.27197265625,19189.48046875
4479.13720703125,19107.7890625
4483.59814453125,19050.03515625
4432.29541015625,18969.240234375
4373.9091796875,18887.8984375
4328.12451171875,18800.54296875
4264.2041015625,18733.8203125
4206.31591796875,18658.677734375
4147.69921875,18575.080078125
4069.987060546875,18508.37109375
4010.346435546875,18425.802734375
3941.843994140625,18373.767578125
3966.068603515625,18473.380859375
3960.407958984375,18526.015625
3884.513671875,18462.3046875
3818.927490234375,18382.2890625
3778.388427734375,18287.083984375
3745.82568359375,18193.17578125
3704.02587890625,18101.984375
3636.899658203125,18023.03515625
3577.5361328125,17937.947265625
3522.751708984375,17852.302734375
3448.511474609375,17786.794921875
3433.286865234375,17715.70703125
3487.005126953125,17657.427734375
3450.87109375,17568.9453125
3367.79443359375,17506.765625
3312.986328125,17425.396484375
3301.82373046875,17339.07421875
3339.18310546875,17280.755859375
3373.91748046875,17368.13671875
3399.258544921875,17426.359375
3463.92333984375,17505.818359375
3527.64697265625,17575.251953125
3560.20263671875,17672.802734375
3610.751953125,17763.40625
3660.916748046875,17852.056640625
3713.949462890625,17940.615234375
3772.648681640625,18008.880859375
3842.848388671875,18083.107421875
3907.114501953125,18164.310546875
3970.10888671875,18237.880859375
4024.185546875,18312.98828125
4094.260009765625,18386.9296875
4164.703125,18463.064453125
4220.8681640625,18549.736328125
4280.28369140625,18631.61328125
4346.57861328125,18705.712890625
4414.185546875,18783.29296875
4465.55810546875,18861.697265625
4532.37646484375,18941.076171875
4592.14697265625,19025.916015625
4651.68310546875,19109.859375
4704.49462890625,19194.10546875
4765.7353515625,19277.826171875
4821.15478515625,19364.587890625
4876.701171875,19450.06640625
4934.50390625,19534.31640625
4992.13427734375,19619.373046875
5048.65673828125,19705.615234375
5100.70849609375,19791.43359375
5155.55615234375,19879.029296875
8205,19930
8163.68701171875,19857.4296875
8111.9052734375,19773.521484375
8067.828125,19699.291015625
8004.23486328125,19629.037109375
7946.34375,19545.978515625
7900.32080078125,19455.26953125
7852.50537109375,19370.345703125
7798.35400390625,19288.505859375
7748.76904296875,19201.724609375
7695.90966796875,19124.12890625
7648.9677734375,19038.880859375
7590.482421875,18955.12890625
7544.94921875,18864.044921875
7482.54833984375,18782.951171875
7530.03076171875,18726.31640625
7611.96923828125,18776.48828125
7657.38623046875,18866.7265625
7714.615234375,18951.505859375
7781.982421875,19022.3359375
7813.5009765625,19114.642578125
7855.2001953125,19199.416015625
7908.49072265625,19274.890625
7951.33544921875,19367.78125
8006.03173828125,19451.853515625
8063.673828125,19536.197265625
8125.2197265625,19617.44921875
8152.93017578125,19699.80859375
8183.01318359375,19785.599609375
8240.041015625,19865.02734375
6558,19848
6490.26318359375,19776.494140625
6445.9306640625,19686.705078125
6413.8466796875,19591.62890625
6390.2880859375,19495.095703125
6448.8037109375,19418.166015625
6510.2978515625,19473.16796875
6555.3837890625,19563.11328125
6586.177734375,19656.599609375
6610.1357421875,19748.5234375
6653.232421875,19825.759765625
11130,19773
11071.0927734375,19690.3125
11049.0947265625,19589.337890625
11007.845703125,19495.50390625
10976.3046875,19408.4609375
10958.4404296875,19306.712890625
10951.80078125,19203.630859375
11019.060546875,19158.060546875
11063.466796875,19249.708984375
11091.400390625,19349.1484375
11135.30078125,19442.392578125
11166.8359375,19540.4921875
11186.4912109375,19642.033203125
11216.1767578125,19740.224609375
21141,19721
21122.66796875,19620.912109375
21161.578125,19526.4296875
21214.841796875,19437.890625
21275.970703125,19358.06640625
21333.341796875,19271.736328125
21399.724609375,19191.51953125
21458.22265625,19106.708984375
21523.248046875,19025.451171875
21581.28515625,18939.935546875
21642.2421875,18857.603515625
21693.330078125,18771.048828125
21741.88671875,18678.9140625
21792.46484375,18587.8671875
21851.271484375,18502.541015625
21889.744140625,18410.87890625
21949.49609375,18333.775390625
21976.1015625,18245.1640625
22020.912109375,18158.203125
22064.400390625,18066.662109375
22100.19921875,17971.416015625
22130.26171875,17874.236328125
22167.1484375,17777.6875
22240.72265625,17813.91796875
22208.390625,17895.185546875
22175.08203125,17993.17578125
22131.0234375,18086.62109375
22093.822265625,18183.037109375
22050.673828125,18277.005859375
22004.99609375,18368.919921875
21962.603515625,18456.109375
21918.98046875,18550.0625
21878.66015625,18645.97265625
21827.26171875,18736.484375
21773.59765625,18824.12109375
21713.060546875,18907.880859375
21657.3984375,18995.62109375
21596.173828125,19074.11328125
21550.58984375,19166.5625
21500.119140625,19240.9453125
21435.056640625,19322.052734375
21373.37890625,19405.978515625
21314.140625,19491.64453125
21258.630859375,19579.6875
21219.009765625,19675.779296875
4470,19695
4405.03271484375,19626.921875
4448.052734375,19553.037109375
4541.1669921875,19570.029296875
4619.90869140625,19613.478515625
4552.8671875,19677.5703125
6935,19696
6913.40283203125,19589.6328125
6872.80615234375,19490.322265625
6831.185546875,19395.986328125
6923.96435546875,19371.591796875
6986.51318359375,19431.494140625
7027.28125,19531.587890625
7077.7802734375,19627.17578125
7038.10693359375,19698.888671875
7315,19550
7287.46630859375,19453.205078125
7263.95068359375,19352.0078125
7278.5849609375,19248.451171875
7285.01708984375,19144.060546875
7287.84521484375,19048.63671875
7275.85107421875,18944.87890625
7288.154296875,18841.513671875
7294.197265625,18737.03515625
7281.3330078125,18635.19140625
7279.43798828125,18531.171875
7267.79931640625,18430.564453125
7304.61328125,18350.548828125
7288.7890625,18253.462890625
7293.44873046875,18154.373046875
7312.220703125,18058.591796875
7339.44287109375,17959.05859375
7365.96923828125,17884.5390625
7381.59912109375,17984.693359375
7364.890625,18087.974609375
7355.3203125,18192.1484375
7350.56787109375,18296.6953125
7346.87744140625,18401.28515625
7344.69970703125,18505.900390625
7358.9560546875,18609.232421875
7364.48779296875,18713.119140625
7356.09814453125,18817.412109375
7334.0126953125,18918.865234375
7356.02490234375,19011.12109375
7360.25244140625,19114.8828125
7370.26904296875,19217.8359375
7373.2763671875,19322.259765625
7358.79296875,19423.876953125
7368.01611328125,19527.1015625
8665,19504
8620.4033203125,19416.990234375
8556.029296875,19338.49609375
8550.4794921875,19248.943359375
8526.4580078125,19151.33984375
8493.693359375,19052.57421875
8532.5419921875,19019.89453125
8572.0615234375,19114.435546875
8599.9931640625,19213.333984375
8625.6953125,19313.205078125
8678.671875,19403.478515625
8704.849609375,19504.630859375
3712,19514
3627.74462890625,19470.09765625
3532.98193359375,19433.861328125
3447.9921875,19389.822265625
3437.22265625,19309.021484375
3534.775634765625,19292.052734375
3626.54296875,19335.0546875
3715.31298828125,19379.00390625
3752.30859375,19464.15234375
12592,19478
12552.0009765625,19385.900390625
12535.564453125,19286.826171875
12513.4921875,19186.326171875
12505.197265625,19083.537109375
12512.177734375,18983.287109375
12539.068359375,18887.802734375
12490.96875,18803.837890625
12494.865234375,18702.6953125
12554.54296875,18630.486328125
12583.0068359375,18721.955078125
12592.16796875,18819.302734375
12598.0771484375,18922.3515625
12608.63671875,19025.01171875
12616.2138671875,19127.89453125
12633.8095703125,19229.451171875
12646.1572265625,19331.87890625
12654.314453125,19433.017578125
8273,19357
8228.8466796875,19268.083984375
8202.16650390625,19168.708984375
8183.05322265625,19067.51953125
8184.91162109375,18967.12109375
8140.63037109375,18874.349609375
8123.365234375,18772.931640625
8118.80908203125,18669.958984375
8117.6865234375,18566.87890625
8117.55908203125,18463.791015625
8135.17236328125,18364.9296875
8158.10107421875,18292.49609375
8127.09228515625,18206.443359375
8109.86767578125,18105.123046875
8125.88623046875,18004.736328125
8108.47705078125,17911.48046875
8128.2060546875,17835.583984375
8151.73583984375,17758.44921875
8144.25830078125,17657.357421875
8160.37158203125,17557.861328125
8195.0927734375,17493.384765625
8218.638671875,17587.646484375
8178.03369140625,17681.1875
8197.66552734375,17770.994140625
8209.06689453125,17868.595703125
8211.314453125,17971.568359375
8205.78759765625,18072.58984375
8219.6455078125,18172.828125
8230.6162109375,18274.88671875
8215.2890625,18376.06640625
8227.0341796875,18477.125
8240.4853515625,18577.7890625
8239.8720703125,18679.474609375
8242.443359375,18781.9453125
8253.3388671875,18880.974609375
8279.369140625,18975.0546875
8286.0146484375,19077.353515625
8301.9208984375,19177.697265625
8338.546875,19261.5078125
8332.69921875,19364.123046875
23430,19382
23418.08203125,19307.806640625
23513.873046875,19270.7578125
23609.896484375,19243.1015625
23711.080078125,19220.15625
23712.748046875,19319.13671875
23631.24609375,19367.767578125
23531.94140625,19395.00390625
15680,19355
15685.18359375,19253.5
15719.99609375,19155.39453125
15750.3115234375,19057.490234375
15779.564453125,18959.005859375
15811.345703125,18860.017578125
15853.67578125,18768.953125
15887.986328125,18718.42578125
15873.705078125,18636.966796875
15901.47265625,18536.798828125
15939.6630859375,18463.052734375
15915.619140625,18381.533203125
15947.69921875,18282.79296875
15950.208984375,18178.53515625
15958.2568359375,18074.4921875
15982.103515625,17975.166015625
15975.7138671875,17873.421875
15977.3173828125,17770.375
15985.1162109375,17666.529296875
15991.921875,17562.3984375
15995.3154296875,17458.087890625
16006.828125,17364.71484375
16049.7939453125,17377.96484375
16056.8095703125,17481.95703125
16054.33203125,17577.37109375
16078.37890625,17671.6484375
16066.7119140625,17775.3125
16073.0625,17877.203125
16058.6533203125,17980.435546875
16052.1162109375,18084.59765625
16042.5,18188.49609375
16019.4443359375,18290.001953125
15998.2685546875,18392.099609375
16003.84375,18495.771484375
15972.9716796875,18595.107421875
15949.935546875,18693.4921875
15914.1318359375,18789.67578125
15904.755859375,18871.333984375
15886.15625,18972.66796875
15858.46875,19058.19140625
15818.1298828125,19150.169921875
15807.8310546875,19239.310546875
15767.4423828125,19335.396484375
24905,19315
24797.744140625,19299.607421875
24693.693359375,19269.748046875
24609.123046875,19212.75390625
24684.69921875,19199.935546875
24788.31640625,19225.998046875
24887.267578125,19255.8125
24980,19289.83203125
11477,19313
11434.1181640625,19225.8203125
11422.810546875,19128.05859375
11417.068359375,19029.453125
11455.1953125,18976.17578125
11499.13671875,19063.81640625
11515.5625,19159.83984375
11535.060546875,19253.197265625
24504,19236
24411.44140625,19198.85546875
24311.6796875,19175.44921875
24220.478515625,19132.568359375
24121.302734375,19114.876953125
24023.056640625,19085.7109375
23925.791015625,19053.314453125
23830.49609375,19020.390625
23735.724609375,18981.154296875
23639.513671875,18945.443359375
23542.974609375,18964.283203125
23487.46875,18903.767578125
23408.775390625,18842.826171875
23320.759765625,18791.453125
23226.517578125,18753.59375
23143.0078125,18694.2421875
23117.2421875,18603.21875
23211.2421875,18631.13671875
23300.6796875,18678.515625
23388.39453125,18731.767578125
23478.6796875,18780.166015625
23573.87109375,18816.810546875
23667.173828125,18856.830078125
23760.912109375,18898.23046875
23851.859375,18935.02734375
23945.78515625,18976.189453125
24040.09765625,19013.005859375
24138.078125,19040.458984375
24237.720703125,19063.2265625
24332.953125,19095.09375
24424.91796875,19125.958984375
24525.69921875,19141.130859375
24555.626953125,19214.166015625
3850,19181
3771.7607421875,19118.412109375
3714.9228515625,19031.818359375
3648.1083984375,18955.958984375
3583.44921875,18877.6953125
3544.40966796875,18908.845703125
3538.886962890625,18978.51171875
3458.556396484375,19033.435546875
3395.176513671875,18978.45703125
3309.080078125,18921.73046875
3338.659423828125,18856.359375
3441.277587890625,18863.66796875
3438.22216796875,18807.1171875
3383.94970703125,18720.142578125
3290.5302734375,18706.296875
3190.341064453125,18680.626953125
3096.8193359375,18636.21875
3063.104736328125,18551.779296875
3152.407958984375,18514.91015625
3227.279541015625,18549.8671875
3290.420654296875,18551.181640625
3248.079345703125,18462.63671875
3171.3818359375,18392.93359375
3090.033935546875,18333.76953125
3022.827392578125,18260.3515625
2943.76904296875,18199.923828125
2874.696044921875,18130.515625
2944.878662109375,18070.037109375
3039.697509765625,18105
3104.556640625,18184.84375
3181.570556640625,18251.869140625
3258.0693359375,18321.54296875
3345.540283203125,18336.953125
3419.58251953125,18405.560546875
3480.005126953125,18480.361328125
3519.03759765625,18563.744140625
3582.44970703125,18643.283203125
3612.52001953125,18737.296875
3620.367431640625,18658.53125
3564.926513671875,18571.671875
3522.87841796875,18481.669921875
3493.572021484375,18382.62109375
3433.027587890625,18300.091796875
3406.7578125,18205.78515625
3369.011962890625,18111.984375
3309.1767578125,18027.390625
3308.748291015625,17929.453125
3388.8427734375,17936.951171875
3448.093994140625,17991.615234375
3482.674560546875,18087.546875
3536.689453125,18174.197265625
3601.220947265625,18251.427734375
3672.061767578125,18325.369140625
3726.360107421875,18409.783203125
3773.3857421875,18482.1171875
3798.339599609375,18565.849609375
3853.94482421875,18649.400390625
3915.799560546875,18732.0078125
3970.79150390625,18819.091796875
3973.287841796875,18921.236328125
3929.976318359375,18906.84375
3878.0380859375,18826.484375
3852.5029296875,18859.59765625
3891.82421875,18954.880859375
3933.237060546875,19047.5703125
3933.795166015625,19151.142578125
13213,18963
13201.390625,18870.109375
13163.837890625,18778.818359375
13150.412109375,18672.564453125
13198.6171875,18585.7890625
13248.9638671875,18614.79296875
13277.5556640625,18701.19140625
13270.357421875,18806.99609375
13286.4052734375,18914.322265625
10001,18790
9955.8701171875,18699.166015625
9925.701171875,18601.001953125
9897.140625,18502.001953125
9882.611328125,18399.533203125
9852.5458984375,18302.1484375
9842.923828125,18211.3203125
9825.181640625,18121.982421875
9825.9853515625,18029.9765625
9812.732421875,17927.365234375
9805.658203125,17823.947265625
9790.5283203125,17721.9921875
9781.5185546875,17618.724609375
9785.4619140625,17519.58203125
9789.794921875,17440.03125
9845.6728515625,17376.603515625
9871.96484375,17465.66796875
9858.529296875,17568.25390625
9883.7919921875,17652.21875
9874.8896484375,17755.154296875
9903.0341796875,17852.572265625
9921.935546875,17953.2890625
9923.7607421875,18056.95703125
9943.6474609375,18155.1953125
9959.4697265625,18242.71484375
9995.6455078125,18339.47265625
10016.2421875,18438.220703125
10047.80859375,18523.28515625
10079.1708984375,18584.4609375
10094.767578125,18670.67578125
10181.861328125,18673.40625
10129.025390625,18735.533203125
10091.259765625,18827.453125
10816,18794
10805.798828125,18703.513671875
10863.287109375,18620.255859375
10908.0244140625,18530.171875
10902.0068359375,18428.64453125
10917.734375,18326.833984375
10932.150390625,18238.486328125
10924.1376953125,18136.517578125
10924.564453125,18058.115234375
10919.6884765625,17956.505859375
10912.5009765625,17859.310546875
10908.1884765625,17757.275390625
10895.572265625,17656.75390625
10878.958984375,17562.822265625
10873.3173828125,17464.1015625
10864.6240234375,17367.052734375
10853.5390625,17265.1796875
10818.52734375,17169.146484375
10817.8154296875,17090.892578125
10892.0576171875,17150.36328125
10925.4833984375,17243.677734375
10940.7548828125,17344.8125
10946.8583984375,17447.6484375
10979.48828125,17544.28515625
11010.41796875,17642.34375
11000.322265625,17737.93359375
11025.5048828125,17836.978515625
11049.1005859375,17929.775390625
11047.1826171875,18032.84765625
11047.5810546875,18135.939453125
11051.443359375,18238.751953125
11032.6611328125,18339.966796875
11015.5205078125,18431.056640625
10996.287109375,18529.68359375
10971.193359375,18625.36328125
10939.6259765625,18700.92578125
10885.599609375,18788.142578125
5725,18732
5657.724609375,18652.328125
5599.236328125,18570.884765625
5532.69384765625,18490.671875
5486.48828125,18398.685546875
5438.9921875,18305.744140625
5389.431640625,18213.98828125
5354.93310546875,18115.720703125
5325.501953125,18015.755859375
5295.09521484375,17916.861328125
5282.04150390625,17813.71484375
5265.7685546875,17710.794921875
5254.96630859375,17607.154296875
5264.60009765625,17503.765625
5246.75439453125,17403.5546875
5267.669921875,17301.396484375
5285.7509765625,17207.1875
5303.642578125,17106.896484375
5339.6728515625,17085.77734375
5359.66552734375,17183.03125
5345.40283203125,17284.37890625
5334.19091796875,17381.115234375
5353.34521484375,17462.2734375
5355.34521484375,17544.37890625
5358.04541015625,17636.42578125
5384.4697265625,17727.435546875
5396.5517578125,17831.166015625
5426.4599609375,17930.83984375
5445.09521484375,18029.943359375
5480.6494140625,18114.48828125
5517.072265625,18207.119140625
5554.94580078125,18301.5078125
5582.0693359375,18394.865234375
5629.666015625,18480.431640625
5680.779296875,18542.015625
5735.7041015625,18625.693359375
5795.81298828125,18710.328125
8850,18645
8796.80078125,18561.634765625
8784.5068359375,18462.796875
8765.5458984375,18364.162109375
8749.2255859375,18267.83203125
8727.2568359375,18167.115234375
8728.603515625,18067.37109375
8710.7138671875,17966.802734375
8687.9296875,17869.564453125
8681.5869140625,17767.185546875
8669.4892578125,17668.201171875
8613.33203125,17697.498046875
8554.0849609375,17615.626953125
8531.0458984375,17518.244140625
8528.1826171875,17418.486328125
8515.396484375,17316.744140625
8507.8583984375,17213.85546875
8485.5693359375,17113.583984375
8484.7373046875,17010.4765625
8492.2958984375,16913.740234375
8485.8427734375,16811.36328125
8502.1171875,16711.814453125
8507.083984375,16608.814453125
8510.53125,16508.572265625
8524.5712890625,16411.4453125
8529.3310546875,16312.904296875
8547.021484375,16211.3828125
8592.990234375,16127.369140625
8630.9326171875,16047.712890625
8679.3193359375,16110.806640625
8656.455078125,16211.1708984375
8623.2314453125,16306.8193359375
8619.0390625,16409.9609375
8615.931640625,16513.142578125
8609.033203125,16616.115234375
8588.822265625,16715.658203125
8595.67578125,16811.783203125
8588.5673828125,16912.818359375
8599.76171875,17015.283203125
8602.6123046875,17118.46484375
8601.1708984375,17221.67578125
8582.9052734375,17321.90234375
8631.619140625,17358.43359375
8625.87109375,17461.056640625
8640.537109375,17561.728515625
8671.21875,17591.150390625
8676.9921875,17488.08203125
8682.236328125,17385.0390625
8703.5234375,17286.845703125
8716.7470703125,17185.93359375
8700.28125,17085.197265625
8742.431640625,16998.28125
8745.677734375,16914.333984375
8761.40625,16812.33203125
8822.953125,16744.380859375
8845.4521484375,16685.17578125
8844.25,16777.90625
8840.9462890625,16867.513671875
8804.52734375,16955.8359375
8805.859375,17052.431640625
8783.7275390625,17151.9375
8785.5478515625,17250.857421875
8791.6181640625,17341.96875
8784.1318359375,17444.79296875
8775.3798828125,17544.703125
8783.365234375,17646.259765625
8774.705078125,17749.087890625
8788.953125,17844.54296875
8794.0419921875,17943.56640625
8829.125,18037.15234375
8828.716796875,18140.31640625
8846.58984375,18237.5625
8851.3583984375,18340.486328125
8873.794921875,18440.955078125
8883.16015625,18543.65234375
8906.6005859375,18642.69140625
20935,18629
20926.71484375,18525.171875
20952.205078125,18424.87109375
20975.677734375,18323.439453125
21029.298828125,18237.453125
21115.8671875,18183.677734375
21179.40234375,18229.58984375
21136.10546875,18316.3125
21090.7890625,18410.85546875
21048.146484375,18506.701171875
21026.67578125,18608.447265625
7650,18612
7645.40966796875,18515.759765625
7657.07666015625,18420.548828125
7670.955078125,18317.375
7673.05224609375,18213.17578125
7671.859375,18108.947265625
7672.62939453125,18004.71875
7676.49169921875,17900.560546875
7679.34423828125,17796.384765625
7644.2314453125,17794.603515625
7639.9541015625,17898.673828125
7618.73876953125,17999.208984375
7578.1337890625,18030.076171875
7544.3408203125,17933.56640625
7564.62744140625,17835.205078125
7573.99755859375,17738.5625
7584.17236328125,17654.81640625
7561.380859375,17553.791015625
7593.91650390625,17473.46484375
7573.28564453125,17374.21875
7567.80517578125,17270.201171875
7571.3564453125,17166.044921875
7582.2666015625,17062.4140625
7607.95751953125,16961.646484375
7604.0078125,16858.453125
7617.65966796875,16756.40234375
7662.87890625,16664.236328125
7709.2763671875,16657.24609375
7721.06201171875,16754.08203125
7722.20654296875,16857.859375
7739.10107421875,16955.36328125
7769.19140625,17051.591796875
7789.9580078125,17151.625
7804.2568359375,17250.697265625
7804.7109375,17354.3671875
7818.9794921875,17457.595703125
7818.8818359375,17561.6875
7815.169921875,17665.849609375
7796.05810546875,17767.8203125
7786.673828125,17871.59375
7775.453125,17974.712890625
7786.30859375,18072.3203125
7787.12646484375,18172.70703125
7785.5185546875,18275.916015625
7785.876953125,18380.140625
7787.06005859375,18484.341796875
7763.57373046875,18585.10546875
7677.65478515625,18627.291015625
7700.02197265625,17605.828125
7728.67333984375,17507.1015625
7714.71484375,17406.25390625
7707.06689453125,17302.72265625
7660.1943359375,17367.951171875
7669.71875,17467.65625
7670.95458984375,17571.810546875
7659.4580078125,17675.287109375
13747,18596
13725.7646484375,18506.794921875
13744.650390625,18414.078125
13804.39453125,18442.796875
13829.9765625,18533.642578125
13828.744140625,18592.90625
4769,18473
4685.0361328125,18413.21875
4646.302734375,18320.2890625
4715.3564453125,18251.2421875
4779.6123046875,18329.142578125
4816.18359375,18424.4921875
6232,18387
6192.29052734375,18300.11328125
6140.15478515625,18218.302734375
6088.50830078125,18130.1953125
6039.720703125,18047.9375
6014.470703125,17953.33984375
6016.1669921875,17859.92578125
6087.75537109375,17916.9765625
6146.9814453125,17999.177734375
6195.9296875,18087.40625
6254.4130859375,18166.58984375
6301.42529296875,18251.849609375
6340.41650390625,18345.119140625
6320.1708984375,18428.583984375
19066,18392
19066.9609375,18289.115234375
19070.22265625,18186.099609375
19096.06640625,18087.58203125
19099.857421875,17984.55859375
19107.578125,17907.82421875
19094.650390625,17806.240234375
19144.93359375,17739.265625
19157.33203125,17660.61328125
19176.154296875,17559.48828125
19219.10546875,17465.81640625
19240.427734375,17368.984375
19263.892578125,17268.921875
19299.458984375,17174.71875
19345.431640625,17089.28125
19382.1875,16994.162109375
19426.76171875,16905.853515625
19475.50390625,16822.380859375
19490.658203125,16722.298828125
19585.9765625,16691.330078125
19561.54296875,16752.90234375
19536.41796875,16851.4296875
19488.861328125,16942.244140625
19444.30078125,17032.533203125
19422.85546875,17129.451171875
19383.37890625,17221.3671875
19351.166015625,17317.408203125
19317.193359375,17412.88671875
19297.869140625,17505.541015625
19267.17578125,17600.322265625
19244.177734375,17700.544921875
19232.16796875,17802.810546875
19197.515625,17896.55859375
19190.783203125,17999.220703125
19174.662109375,18101.029296875
19158.880859375,18202.904296875
19147.078125,18305.275390625
19136.13671875,18406.4375
4080,18270
4004.29638671875,18217.17578125
3956.4853515625,18136.169921875
3910.659423828125,18045.416015625
3843.944091796875,17969.638671875
3802.841064453125,17878.93359375
3746.706298828125,17794.50390625
3685.57421875,17712.189453125
3633.381591796875,17623.22265625
3581.5986328125,17534.029296875
3496.533203125,17508.130859375
3524.66064453125,17437.654296875
3474.743896484375,17349.48046875
3434.3583984375,17258.8203125
3376.55078125,17177.525390625
3333.444580078125,17084.650390625
3412.18212890625,17053.400390625
3483.94580078125,17124.5625
3501.212158203125,17209.5546875
3558.6796875,17284.865234375
3628.28173828125,17360.9453125
3640.34716796875,17442.2265625
3692.4384765625,17529.20703125
3751.505859375,17606.625
3814.73486328125,17678.595703125
3848.516357421875,17755.41015625
3894.634033203125,17846.0546875
3925.370849609375,17933.01953125
3984.337890625,18016.123046875
4015.29248046875,18107.490234375
4069.826416015625,18162.056640625
4125.9580078125,18241.6953125
6435,18146
6385.126953125,18063.490234375
6377.91259765625,17964.884765625
6375.1396484375,17865.97265625
6464.58203125,17886.76953125
6517.55517578125,17956.052734375
6525.0966796875,18051.71875
6513.40283203125,18146.275390625
19900,18121
19898.201171875,18018.587890625
19914.607421875,17916.857421875
19946.53515625,17819.14453125
19989.470703125,17727.314453125
20021.943359375,17630.380859375
20077.798828125,17544.72265625
20112.16015625,17468.478515625
20175.1015625,17399.357421875
20244.265625,17427.259765625
20197.0234375,17516.181640625
20165.16015625,17612.80078125
20120.3828125,17705.681640625
20068.423828125,17794.63671875
20035.6015625,17891.7734375
19999.529296875,17988.09375
19967.498046875,18084.576171875
24299,18136
24197.677734375,18124.162109375
24098.337890625,18102.666015625
24004.259765625,18076.0078125
23911.37109375,18035.109375
23815.576171875,18007.51171875
23728.3671875,17956.431640625
23633.669921875,17922.392578125
23538.34765625,17893.279296875
23439.732421875,17868.576171875
23380.037109375,17821.646484375
23476.75,17800.86328125
23577.306640625,17817.90234375
23672.767578125,17853.931640625
23755.375,17907.73046875
23852.490234375,17930.265625
23942.1640625,17973.40625
24034.755859375,18015.296875
24132.908203125,18041.53515625
24233.490234375,18059.228515625
24332.548828125,18083.94921875
24396.91796875,18125.603515625
4589,18040
4527.8583984375,17958.2109375
4471.43896484375,17871.384765625
4419.2607421875,17782.9296875
4368.51953125,17692.654296875
4316.12158203125,17603.349609375
4263.7392578125,17515.658203125
4197.88916015625,17440.9609375
4154.02587890625,17356.052734375
4091.734619140625,17285.685546875
4021.382080078125,17330.708984375
3974.15771484375,17247.255859375
3901.38037109375,17207.2421875
3914.5234375,17295.1796875
3975.054931640625,17354.701171875
4013.490478515625,17443.708984375
4075.69140625,17521.26953125
4119.36474609375,17612.283203125
4171.54541015625,17701.076171875
4208.5888671875,17794.849609375
4269.50390625,17872.708984375
4283.28125,17955.162109375
4307.19921875,18014.923828125
4224.248046875,17965.919921875
4193.4873046875,17869.94921875
4112.9873046875,17823.44140625
4064.123291015625,17736.2421875
4008.619384765625,17648.822265625
3968.861572265625,17554.3203125
3916.9130859375,17475.396484375
3855.4619140625,17396.5703125
3817.406982421875,17304.765625
3760.39990234375,17218.974609375
3699.888671875,17136.56640625
3647.72216796875,17047.7265625
3625.3408203125,16949.595703125
3694.073974609375,16949.34765625
3766.78955078125,17015.4453125
3793.70849609375,17109.30859375
3877.57470703125,17167.3671875
3873.9072265625,17103.046875
3857.976806640625,17001.28125
3791.2724609375,16925.671875
3818.00927734375,16841.080078125
3735.301513671875,16794.85546875
3718.60595703125,16713.240234375
3672.022705078125,16620.94140625
3609.631103515625,16542.140625
3569.558837890625,16456.166015625
3535.197509765625,16365.388671875
3483.858154296875,16291.9794921875
3460.799560546875,16193.146484375
3499.63134765625,16146.83203125
3535.646484375,16203.669921875
3545.666748046875,16287.9814453125
3611.985107421875,16363.9404296875
3660.9072265625,16450.197265625
3707.219970703125,16539.314453125
3791.802978515625,16545.724609375
3862.687744140625,16618.703125
3909.9970703125,16700.3125
3963.06103515625,16786.6171875
4004.075927734375,16877.8515625
4055.7421875,16959.28125
4092.269287109375,17046.923828125
4134.5751953125,17132.96875
4178.5146484375,17222.02734375
4224.86572265625,17220.650390625
4181.12109375,17126.791015625
4144.8974609375,17031.546875
4091.541015625,16943.09765625
4054.100341796875,16846.640625
4049.932373046875,16751.30078125
4029.417724609375,16688.939453125
3984.27587890625,16604.958984375
3961.3544921875,16534.115234375
3929.71142578125,16456.951171875
3885.022705078125,16366.720703125
3839.594970703125,16276.595703125
3828.8701171875,16183.9990234375
3904.233154296875,16254.2890625
3950.248291015625,16346.5693359375
3997.802978515625,16431.4453125
4052.984375,16504.4765625
4024.75439453125,16407.615234375
4107.077880859375,16384.478515625
4179.67431640625,16455.8203125
4233.9365234375,16540.80859375
4265.64453125,16629.189453125
4308.99462890625,16712.8984375
4365.1845703125,16791.15625
4406.017578125,16885.43359375
4436.8359375,16978.654296875
4482.78955078125,17069.59375
4544.26318359375,17150.119140625
4594.09228515625,17240.357421875
4556.63818359375,17316.84765625
4480.70849609375,17250.26171875
4435.02392578125,17157.8359375
4377.37939453125,17071.888671875
4314.5322265625,16989.94921875
4265.1513671875,16898.912109375
4207.298828125,16813.85546875
4159.8037109375,16724.033203125
4112.408447265625,16633.396484375
4060.744873046875,16571.56640625
4109.9453125,16653
4144.6015625,16749.34765625
4172.93896484375,16843.078125
4208.12255859375,16932.5234375
4262.49853515625,17014.76953125
4299.38623046875,17111.197265625
4314.89013671875,17213.533203125
4375.16357421875,17294.197265625
4409.271484375,17391.7265625
4451.2216796875,17479.564453125
4384.14794921875,17483.39453125
4354.59423828125,17498.822265625
4404.19873046875,17585.291015625
4453.35498046875,17657.076171875
4494.6591796875,17743.5859375
4540.568359375,17815.205078125
4606.3759765625,17887.796875
4583.2958984375,17790.3515625
4584.18994140625,17687.150390625
4556.86572265625,17587.923828125
4537.92138671875,17489.4453125
4617.5576171875,17436.458984375
4680.1455078125,17500.341796875
4687.8232421875,17594.845703125
4711.00341796875,17690.876953125
4704.44970703125,17794.203125
4734.794921875,17885.02734375
4739.1875,17971.998046875
4653.3447265625,18024.994140625
3165,18018
3102.763671875,17935.298828125
3050.485595703125,17845.86328125
2972.969482421875,17777.88671875
2920.03515625,17688.650390625
2838.460693359375,17626.453125
2762.443603515625,17555.580078125
2684.85888671875,17486.43359375
2609.99755859375,17417.876953125
2533.533447265625,17352.60546875
2449.010986328125,17305.00390625
2366.28271484375,17244.037109375
2326.63720703125,17150.029296875
2228.865234375,17118.994140625
2148.3876953125,17053.728515625
2060.6141357421875,17006.5
1983.6063232421875,16940.28515625
1899.49853515625,16882.28515625
1822.220703125,16818.4609375
1735.065185546875,16762.39453125
1653.5745849609375,16701.087890625
1693.1505126953125,16646.044921875
1784.913330078125,16694.59375
1869.3109130859375,16755.029296875
1943.43994140625,16813.296875
2030.571044921875,16868.62109375
2121.1083984375,16919.02734375
2202.376953125,16983.701171875
2283.930419921875,17046.779296875
2376.94091796875,17092.86328125
2461.461669921875,17151.9921875
2530.1162109375,17229.767578125
2599.59521484375,17294.248046875
2679.268798828125,17333.2109375
2744.1318359375,17405.478515625
2814.5966796875,17475.95703125
2904.953369140625,17522.9140625
2976.978515625,17593.89453125
3049.9765625,17667.876953125
3115.57275390625,17747.359375
3178.4912109375,17826.56640625
3220.0869140625,17919.455078125
3230.199951171875,18022.19140625
22512,17967
22496.33984375,17862.607421875
22475.98828125,17762.25
22455.486328125,17660.751953125
22441.1796875,17557.0390625
22513.26953125,17563.6796875
22554.10546875,17660.068359375
22578.486328125,17761.328125
22589.501953125,17856.8671875
22564.12890625,17956.74609375
20390,17903
20386.5,17799.728515625
20444.966796875,17709.443359375
20531.447265625,17708.88671875
20536.01171875,17806.41796875
20477.087890625,17894.701171875
10153,17913
10072.443359375,17849.052734375
10019.7373046875,17760.384765625
9977.3994140625,17665.431640625
9947.9677734375,17567.177734375
9981.3515625,17486.138671875
10052.9658203125,17510.98046875
10093.984375,17600.30859375
10151.4365234375,17685.099609375
10168.4208984375,17761.9453125
10209.1435546875,17856.111328125
4948,17848
4906.6083984375,17754.712890625
4876.984375,17657.01171875
4834.8173828125,17563.91796875
4798.99462890625,17469.328125
4756.380859375,17405.158203125
4717.26318359375,17319.3125
4654.86279296875,17250.759765625
4645.58251953125,17186.09375
4605.34228515625,17092.154296875
4562.32470703125,17004.083984375
4523.4873046875,16911.068359375
4481.74658203125,16820.8671875
4435.931640625,16731.068359375
4391.09521484375,16639.85546875
4365.16845703125,16542.76953125
4324.90087890625,16462.279296875
4297.49658203125,16370.00390625
4306.771484375,16292.1064453125
4251.8759765625,16218.486328125
4213.3173828125,16131.171875
4176.6611328125,16044.6689453125
4129.02880859375,15956.4580078125
4192.1025390625,15918.5400390625
4244.21875,15995.7978515625
4289.83349609375,16084.875
4333.95361328125,16159.9990234375
4360.548828125,16245.1201171875
4390.96630859375,16341.8642578125
4427.15869140625,16435.328125
4461.6298828125,16528.033203125
4493.208984375,16618.55078125
4532.78857421875,16712.69921875
4579.33251953125,16798.2734375
4613.52880859375,16889.435546875
4665.1787109375,16974.03515625
4703.3173828125,17062.447265625
4754.1669921875,17150.7421875
4765.62158203125,17236.24609375
4819.3232421875,17288.07421875
4858.67041015625,17381.30859375
4909.59619140625,17467.837890625
4931.25537109375,17567.33984375
4974.07470703125,17658.91015625
5004.37744140625,17756.298828125
5026.7314453125,17835.185546875
24338,17842
24236.4140625,17836.748046875
24135.07421875,17815.953125
24038.14453125,17778.158203125
23938.658203125,17763.421875
23849.072265625,17736.7734375
23748.2109375,17712.7734375
23643.83984375,17704.69921875
23569.056640625,17646.89453125
23472.611328125,17651.732421875
23378.6875,17623.037109375
23285.193359375,17589.53515625
23206.18359375,17532.59375
23273.822265625,17498.330078125
23374.21875,17521.330078125
23473.806640625,17552.8671875
23570.04296875,17575.017578125
23665.2265625,17606.298828125
23759.2578125,17635.8046875
23859.60546875,17663.505859375
23962.841796875,17681.109375
24062.580078125,17712.126953125
24161.90234375,17743.43359375
24264.888671875,17762.98828125
24367.720703125,17783.34375
24470.39453125,17804.31640625
24542.787109375,17836.826171875
24440.603515625,17854.7890625
3924,17786
3865.475341796875,17712.34375
3804.237548828125,17628.43359375
3757.926025390625,17537.705078125
3726.05810546875,17444.271484375
3699.27099609375,17355.908203125
3647.938232421875,17283.009765625
3609.74853515625,17189.095703125
3566.624267578125,17095.3203125
3504.2607421875,17012.068359375
3464.45556640625,16922.9921875
3494.68359375,16892.33984375
3548.5654296875,16979.6484375
3592.753173828125,17069.4375
3635.8837890625,17144.00390625
3673.488037109375,17208.8046875
3719.968017578125,17300.361328125
3780.493408203125,17381.5703125
3816.2958984375,17477.998046875
3868.642578125,17556.091796875
3894.9609375,17650.140625
3931.8505859375,17738.20703125
2737,17765
2643.783447265625,17737.283203125
2669.564697265625,17653.505859375
2775.17041015625,17629.03125
2773.4990234375,17701.77734375
6797,17732
6781.720703125,17641.14453125
6818.306640625,17545.44140625
6891.2080078125,17483.408203125
6948.63232421875,17499.22265625
6984.615234375,17584.869140625
6949.06787109375,17650.814453125
6885.10009765625,17714.76953125
10252,17660
10216.1044921875,17577.076171875
10188.8310546875,17484.216796875
10193.53515625,17386.275390625
10258.3095703125,17382.880859375
10320.5419921875,17450.79296875
10342.197265625,17545.4921875
10331.888671875,17641.126953125
16894,17433
16882.044921875,17326.205078125
16922.212890625,17229.037109375
17010.85546875,17208.4140625
17012.0625,17297.375
16972.193359375,17395.974609375
16415,17420
16411.935546875,17332.40625
16412.638671875,17239.421875
16397.2841796875,17142.435546875
16456.2734375,17071.123046875
16508.251953125,17124.4296875
16512.619140625,17218.4921875
16514.13671875,17312.634765625
16505.17578125,17408.09375
6104,17402
6069.29541015625,17305.169921875
6067.53955078125,17199.9296875
6074.27783203125,17101.517578125
6051.28125,17000.40625
6130.67822265625,17007.40625
6167.9111328125,17104.45703125
6192.0380859375,17206.84765625
6207.96484375,17309.591796875
6203.560546875,17406.783203125
17431,17396
17429.55078125,17300.5
17467.109375,17204.3046875
17526.140625,17120.1640625
17616.892578125,17073.55859375
17662.49609375,17126.703125
17615.9765625,17208.994140625
17568.029296875,17300.1953125
17514.40234375,17388.173828125
5710,17280
5678.1611328125,17185.09375
5664.11474609375,17084.11328125
5655.505859375,16982.642578125
5631.95068359375,16903.478515625
5654.564453125,16817.48046875
5730.50341796875,16837.748046875
5783.00439453125,16890.853515625
5767.73974609375,16991.365234375
5789.04541015625,17090.87109375
5803.5078125,17191.76171875
5796.58935546875,17291.375
23651,17244
23707.14453125,17171.9921875
23629.0234375,17130.80078125
23527.765625,17105.896484375
23434.98828125,17066.052734375
23331.123046875,17056.3515625
23230.109375,17032.77734375
23134.11328125,16994.18359375
23040.46484375,16983.3203125
22937.177734375,16968.98046875
22849.681640625,16919.5078125
22910.4921875,16868.216796875
23013.255859375,16884.08203125
23114.6171875,16898.80078125
23212.953125,16928.15625
23313.421875,16955.357421875
23414.548828125,16979.46875
23515.552734375,17005.00390625
23616.5,17026.1953125
23717.677734375,17051.638671875
23819.873046875,17072.716796875
23922.81640625,17089.697265625
24022.875,17114.005859375
24126.72265625,17123.798828125
24230.5078125,17134.21484375
24334.451171875,17143.296875
24437.673828125,17157.0078125
24537.31640625,17149.95703125
24641.5625,17145.69140625
24745.68359375,17151.267578125
24763.6796875,17187.482421875
24665.529296875,17215.705078125
24561.34765625,17220.140625
24462.896484375,17231.849609375
24359.9921875,17220.642578125
24255.697265625,17217.318359375
24151.5,17211.703125
24048.44140625,17199.232421875
23949.833984375,17189.44140625
23852.6015625,17227.087890625
23751.55859375,17252.8203125
11157,17182
11116.9931640625,17093.4375
11068.3876953125,17029.64453125
11012.8154296875,16948.125
10987.6064453125,16851.81640625
11025.228515625,16770.380859375
11097.2509765625,16837.34375
11155.59375,16914.119140625
11194.6728515625,17000.03125
11225.166015625,17085.4765625
11233.0009765625,17156.984375
24152,17075
24057.681640625,17049.970703125
23961.814453125,17020.630859375
23864.509765625,16988.169921875
23767.533203125,16949.037109375
23672.2734375,16905.947265625
23577.388671875,16862.68359375
23490.3125,16815.4375
23400.734375,16769.5859375
23315.37109375,16709.357421875
23227.09765625,16654.724609375
23167.978515625,16590.927734375
23213.390625,16528.447265625
23308.169921875,16564.349609375
23396.279296875,16620.658203125
23488.486328125,16669.955078125
23567.83203125,16736.8828125
23665.046875,16773.970703125
23749.400390625,16833.6328125
23840.888671875,16881.9140625
23940.2421875,16913.1328125
24038.2890625,16948.57421875
24133.35546875,16973.07421875
24233.35546875,16999.02734375
24219.90234375,17050.896484375
21891,17062
21863.01953125,16964.125
21855.7734375,16861.97265625
21859.291015625,16759.568359375
21863.654296875,16657.1796875
21876.119140625,16555.958984375
21907.74609375,16462.03125
21917.48828125,16363.11328125
21942.91796875,16268.7177734375
22000.99609375,16246.232421875
22004.224609375,16348.5458984375
22002.537109375,16446.890625
21984.470703125,16544.53125
21978.857421875,16646.837890625
21969.501953125,16748.818359375
21968.90625,16851.279296875
21970.908203125,16953.7421875
21966.9296875,17055.712890625
13803,17038
13788.2333984375,16944.4453125
13792.8154296875,16841.63671875
13793.916015625,16741.57421875
13793.4287109375,16638.4296875
13803.6181640625,16536.884765625
13811.9111328125,16434.568359375
13813.2431640625,16342.1787109375
13791.27734375,16243.2197265625
13783.2919921875,16140.3857421875
13786.4482421875,16052.4375
13779.4677734375,15949.5234375
13776.36328125,15846.4052734375
13773.2568359375,15743.291015625
13762.1884765625,15640.8505859375
13751.716796875,15538.2412109375
13745.94921875,15435.2392578125
13743.4501953125,15332.107421875
13758.2861328125,15233.107421875
13744.5302734375,15134.6552734375
13735.6904296875,15040.62109375
13743.50390625,14940.1337890625
13730.5126953125,14877.0009765625
13804.609375,14868.6962890625
13811.611328125,14970.3759765625
13826.47265625,15071.5908203125
13835.7734375,15174.3056640625
13841.09375,15277.3349609375
13846.0712890625,15380.3828125
13855.025390625,15482.9228515625
13860.2373046875,15585.95703125
13863.072265625,15689.08203125
13877.8359375,15790.236328125
13884.7275390625,15893.1611328125
13888.625,15996.25390625
13891.203125,16099.3896484375
13892.8984375,16202.5439453125
13896.1044921875,16305.654296875
13904.9306640625,16408.16015625
13903.0537109375,16511.302734375
13899.9375,16614.423828125
13896.779296875,16717.54296875
13893.5341796875,16820.66015625
13890.115234375,16923.771484375
13882.6875,17026.423828125
4810,16962
4776.4853515625,16867.755859375
4776.43017578125,16768.474609375
4777.82373046875,16679.771484375
4804.552734375,16603.26953125
4858.35791015625,16663.7109375
4825.2763671875,16711.494140625
4859.60302734375,16778.775390625
4873.5947265625,16876.056640625
4874.3798828125,16969.333984375
2320,16975
2249.538818359375,16906.033203125
2184.189697265625,16836.361328125
2190.687744140625,16750.212890625
2288.099365234375,16769.814453125
2344.504150390625,16852.615234375
2387.650146484375,16941.765625
2550,16951
2511.7978515625,16857.357421875
2489.0302734375,16757.013671875
2465.974365234375,16655.826171875
2425.069580078125,16560.4375
2394.43896484375,16461.443359375
2367.51025390625,16361.81640625
2319.6171875,16271.3466796875
2274.642333984375,16178.822265625
2233.947509765625,16083.3837890625
2206.281494140625,15983.3623046875
2162.6162109375,15889.7314453125
2125.179931640625,15797.2880859375
2082.7744140625,15704.4306640625
2041.93408203125,15615.0302734375
1983.70703125,15534.7041015625
1940.8695068359375,15443.736328125
1882.3367919921875,15358.2890625
1830.1036376953125,15268.54296875
1828.0430908203125,15181.8232421875
1815.7264404296875,15099.341796875
1832.8724365234375,15007.7607421875
1918.78271484375,14975.8818359375
1975.1597900390625,15040.9638671875
2000.0185546875,15135.0185546875
2055.72900390625,15221.3828125
2114.979248046875,15306.3642578125
2166.3896484375,15393.7900390625
2216.793212890625,15484.3369140625
2265.408447265625,15569.2021484375
2308.919189453125,15627.458984375
2363.182861328125,15712.572265625
2330.187255859375,15783.98046875
2247.738525390625,15725.6201171875
2241.766357421875,15801.900390625
2282.81884765625,15894.03125
2331.066650390625,15982.4072265625
2369.572998046875,16075.138671875
2408.54150390625,16169.435546875
2450.175537109375,16264.5068359375
2483.25048828125,16362.560546875
2522.680419921875,16445.599609375
2539.59716796875,16546.412109375
2585.973876953125,16636.5234375
2615.411376953125,16729.83984375
2642.00390625,16829.69140625
2621.2509765625,16923.1015625
12754,16937
12675.92578125,16882.828125
12640.0078125,16787.8359375
12608.2666015625,16691.41015625
12590.189453125,16590.630859375
12578.7353515625,16488.8515625
12565.7900390625,16387.2353515625
12566.6376953125,16284.8193359375
12550.17578125,16183.833984375
12544.8525390625,16081.47265625
12543.2119140625,15984.09375
12547.7666015625,15884.662109375
12554.84375,15809.576171875
12542.0498046875,15716.5283203125
12613.7783203125,15705.57421875
12654.818359375,15795.2470703125
12654.384765625,15889.11328125
12653.36328125,15978.9091796875
12659.4267578125,16081.1875
12670.3955078125,16183.115234375
12677.6337890625,16285.359375
12683.58203125,16386.3154296875
12686.8349609375,16486.65234375
12705.2216796875,16584.15625
12730.201171875,16682.9140625
12752.0390625,16775.58203125
12796.353515625,16866.4453125
6980,16822
6917.39404296875,16744.3984375
6907.4873046875,16644.015625
6887.40283203125,16546.935546875
6868.8193359375,16452.1640625
6869.5078125,16350.3564453125
6867.34521484375,16248.5615234375
6863.37890625,16146.8203125
6857.04248046875,16045.203125
6852.08642578125,15943.634765625
6854.021484375,15847.380859375
6896.98095703125,15836.02734375
6936.15869140625,15927.7060546875
6947.720703125,16028.83203125
6951.99462890625,16130.5419921875
6958.52490234375,16229.541015625
6962.79296875,16327.5
6969.86376953125,16428.986328125
6978.142578125,16530.451171875
6994.64501953125,16630.83203125
6999.56591796875,16732.201171875
8047,16822
7986.830078125,16745.33203125
7943.73388671875,16659.158203125
7903.7138671875,16564.734375
7963.78369140625,16509.947265625
8039.140625,16576.625
8084.17236328125,16666.66015625
8106.998046875,16766.017578125
6359,16799
6298.66455078125,16722.798828125
6248.255859375,16636.642578125
6235.0302734375,16538.240234375
6278.0751953125,16482.572265625
6353.208984375,16541.89453125
6386.7333984375,16627.107421875
6411.38671875,16686.3203125
6443.07568359375,16778.361328125
11361,16808
11319.0576171875,16733.48828125
11312.8212890625,16651.634765625
11261.2021484375,16567.5234375
11246.380859375,16468.626953125
11277.1162109375,16377.8037109375
11344.1630859375,16407.974609375
11364.74609375,16450.755859375
11388.5244140625,16534.37109375
11421.224609375,16618.01953125
11430.533203125,16672.865234375
11433.97265625,16768.58203125
9216,16713
9170.12109375,16628.69921875
9167.208984375,16524.1875
9166.408203125,16419.623046875
9165.705078125,16315.05859375
9163.876953125,16210.5087890625
9155.7900390625,16106.380859375
9151.21875,16006.58203125
9144.9150390625,15902.2109375
9139.7744140625,15797.76953125
9133.6318359375,15693.3984375
9198.9677734375,15691.40625
9271.751953125,15753.4033203125
9276.416015625,15845.73046875
9290.474609375,15949.1201171875
9291.4619140625,16053.6455078125
9307.0947265625,16144.78125
9295.859375,16248.5078125
9303.7265625,16347.4912109375
9290.7177734375,16451.220703125
9278.7646484375,16555.09765625
9282.7392578125,16651.751953125
23468,16635
23510.857421875,16551.845703125
23606.2734375,16518.353515625
23698.7109375,16501.83203125
23801.521484375,16495.01171875
23904.6015625,16503.677734375
23869.0078125,16570.40625
23770.68359375,16601.708984375
23667.365234375,16606.37890625
23566.0625,16623.8359375
16113,16546
16097.259765625,16448.681640625
16104.41796875,16346.7470703125
16105.615234375,16247.216796875
16098.94140625,16148.4912109375
16100.0458984375,16045.3740234375
16113.9921875,15944.576171875
16124.96484375,15843.0732421875
16127.3427734375,15741.8818359375
16113.9111328125,15643.962890625
16098.9658203125,15549.044921875
16104.6767578125,15446.1689453125
16091.251953125,15344.2646484375
16084.5107421875,15270.6455078125
16079.5576171875,15177.26171875
16057.3876953125,15078.7744140625
16045.703125,14976.3388671875
16053.9892578125,14876.30859375
16017.4560546875,14789.2900390625
15996.8779296875,14690.1083984375
15988.384765625,14587.3505859375
15965.9052734375,14489.57421875
15968.2041015625,14393.724609375
15947.9248046875,14314.505859375
15941.017578125,14215.380859375
15906.0556640625,14120.6669921875
15908.5517578125,14019.6708984375
15910.1630859375,13919.0283203125
15968.0556640625,13964.4033203125
15979.439453125,14064.3681640625
16003.8623046875,14162.2490234375
16039.3359375,14256.09765625
16054.2294921875,14353.4072265625
16069.27734375,14455.15625
16086.3330078125,14556.15234375
16101.322265625,14656.146484375
16109.203125,14758.1708984375
16128.4033203125,14848.3701171875
16135.1611328125,14942.6845703125
16145.322265625,15044.6689453125
16151.076171875,15141.9384765625
16170.412109375,15238.060546875
16179.7646484375,15340.7841796875
16190.185546875,15443.390625
16183.7998046875,15542.9736328125
16204.326171875,15641.5986328125
16196.974609375,15742.955078125
16211.380859375,15844.552734375
16205.2451171875,15946.58203125
16201.462890625,16049.6728515625
16199.9755859375,16152.82421875
16199.67578125,16255.98828125
16199.0654296875,16359.150390625
16190.9697265625,16457.134765625
16182.388671875,16537.740234375
8295,16486
8290.4775390625,16390.07421875
8329.1103515625,16303.5322265625
8395.1083984375,16290.580078125
8465.2880859375,16337.822265625
8427.7373046875,16426.93359375
8372.5107421875,16505.978515625
22555,16479
22546.29296875,16376.498046875
22543.171875,16273.50390625
22539.326171875,16170.533203125
22535.791015625,16067.8955078125
22546.03515625,15969.3740234375
22534.46484375,15867.10546875
22528.158203125,15764.265625
22516.22265625,15661.943359375
22507.255859375,15559.3330078125
22484.791015625,15461.841796875
22465.9140625,15361.3212890625
22448.490234375,15260.798828125
22434.626953125,15158.751953125
22442.390625,15070.8740234375
22499.23828125,15126.4267578125
22522.986328125,15216.50390625
22564.1953125,15304.9677734375
22581.91796875,15405.998046875
22606.419921875,15504.7021484375
22616.19140625,15607.26953125
22626.958984375,15709.73046875
22639.615234375,15811.52734375
22639.076171875,15914.5283203125
22644.509765625,16017.4248046875
22651.64453125,16120.2197265625
22649.16796875,16223.1416015625
22640.1640625,16325.7822265625
22619.69140625,16426.568359375
4633,16474
4575.4169921875,16396.6318359375
4522.23779296875,16307.6767578125
4458.40966796875,16226.7890625
4415.2431640625,16136.25
4437.99560546875,16047.57421875
4401.75732421875,15978.1728515625
4369.64794921875,15892.478515625
4458.1982421875,15870.83984375
4516.6240234375,15954.2587890625
4545.646484375,16049.5712890625
4553.11962890625,16150.5986328125
4612.501953125,16235.2353515625
4657.34130859375,16325.001953125
4703.09716796875,16416.173828125
2200,16335
2114.124267578125,16284.61328125
2062.7685546875,16195.537109375
2010.1510009765625,16107.9765625
1954.7001953125,16023.0888671875
1906.76171875,15935.0830078125
1932.0335693359375,15862.4375
2028.04248046875,15896.71484375
2075.797119140625,15983.3515625
2143.39404296875,16052.03515625
2197.2548828125,16137.4482421875
2243.421630859375,16229.4228515625
2278.77490234375,16323.9482421875
2660,16330
2577.94482421875,16287.3974609375
2534.17529296875,16195.4365234375
2475.017822265625,16118.5791015625
2458.21728515625,16020.8349609375
2388.2998046875,15951.1142578125
2356.9619140625,15854.7861328125
2443.92822265625,15853.9931640625
2506.811279296875,15934.564453125
2559.156982421875,16021.341796875
2622.70947265625,16100.87890625
2629.55517578125,16173.6103515625
2677.75732421875,16261.5546875
21293,16303
21270.0234375,16202.92578125
21266.529296875,16097.8720703125
21267.720703125,15992.7861328125
21274.447265625,15888.5830078125
21270.705078125,15783.5341796875
21267.982421875,15678.458984375
21272.861328125,15573.5439453125
21261.255859375,15471.021484375
21251.568359375,15366.42578125
21244.9765625,15261.521484375
21239.8125,15156.53125
21311.966796875,15149.2861328125
21351.873046875,15239.677734375
21366.130859375,15343.6455078125
21380.119140625,15447.4501953125
21383.677734375,15552.5029296875
21384.736328125,15657.61328125
21381.064453125,15762.5830078125
21403.703125,15862.111328125
21386.140625,15965.3369140625
21378.6328125,16070.1669921875
21384.525390625,16171.70703125
21375.625,16275.5146484375
4888,16275
4848.29248046875,16181.88671875
4799.0146484375,16095.2880859375
4753.5849609375,16008.55078125
4729.28076171875,15911.8193359375
4711.81591796875,15811.529296875
4686.1328125,15713.1435546875
4707.21533203125,15643.9794921875
4792.30615234375,15600.8017578125
4853.36865234375,15669.7138671875
4861.65087890625,15766.1962890625
4866.177734375,15864.150390625
4884.4873046875,15964.3681640625
4892.734375,16065.21484375
4921.14111328125,16155.8544921875
4954.939453125,16250.728515625
7498,16263
7451.38037109375,16173.1279296875
7444.71875,16074.1123046875
7409.8818359375,15976.380859375
7410.24462890625,15871.705078125
7403.87353515625,15772.515625
7403.04248046875,15667.51953125
7423.751953125,15566.328125
7430.8623046875,15479.4384765625
7487.8271484375,15406.9384765625
7504.0087890625,15304.6123046875
7576.14404296875,15254.9462890625
7602.4482421875,15345.328125
7558.4697265625,15435.751953125
7549.03515625,15534.3388671875
7518.74462890625,15632.4736328125
7521.7890625,15736.3388671875
7533.0087890625,15840.767578125
7532.15478515625,15940.490234375
7527.22265625,16045.0673828125
7551.53759765625,16145.87109375
7564.83642578125,16233.81640625
23752,16254
23656.283203125,16221.4697265625
23561.009765625,16188.6328125
23601.48828125,16129.7685546875
23702.65625,16116.2080078125
23799.328125,16141.796875
23883.591796875,16184.42578125
23852.501953125,16262.931640625
5660,16151
5609.90087890625,16067.2529296875
5563.29736328125,15980.2802734375
5497.65283203125,15903.689453125
5441.8076171875,15817.185546875
5385.81591796875,15730.365234375
5331.36376953125,15642.5771484375
5273.84375,15569.970703125
5225.5361328125,15479.8544921875
5151.755859375,15408.9921875
5090.19775390625,15326.6376953125
5020.62353515625,15250.107421875
4957.41650390625,15168.392578125
4907.6826171875,15084.662109375
4827.7578125,15019.9921875
4753.6796875,14947.822265625
4690.37451171875,14867.2265625
4627.37939453125,14785.25390625
4558.43212890625,14708.18359375
4491.42578125,14630.0361328125
4418.29345703125,14564.1162109375
4341.732421875,14508.5205078125
4292.7939453125,14425.580078125
4283.9541015625,14341.798828125
4354.2275390625,14410.388671875
4424.95361328125,14475.1142578125
4490.3544921875,14550.0166015625
4561.64501953125,14622.2607421875
4646.279296875,14680.8466796875
4710.69677734375,14760.703125
4775.3779296875,14840.513671875
4846.73583984375,14915.26171875
4910.314453125,14989.330078125
4982.91650390625,15060.2158203125
5057.6494140625,15130.390625
5108.11376953125,15215.4140625
5174.90283203125,15281.658203125
5249.4794921875,15347.302734375
5308.60205078125,15430.9072265625
5352.740234375,15522.1923828125
5404.36376953125,15603.5869140625
5467.12158203125,15675.1552734375
5513.07470703125,15766.751953125
5573.40234375,15847.4482421875
5625.83837890625,15932.8447265625
5678.19189453125,16015.1611328125
5721.7802734375,16107.9384765625
9540,16051
9490.916015625,15955.0927734375
9462.0791015625,15853.529296875
9451.1142578125,15750.2744140625
9545.646484375,15736.8662109375
9614.46484375,15816.1650390625
9643.525390625,15916.7392578125
9616.400390625,16021.1416015625
23753,16031
23759.703125,15967.685546875
23853.4921875,15934.791015625
23951.45703125,15924.6376953125
23942.83984375,16007.9404296875
23849.201171875,16041.388671875
14660,15973
14617.87109375,15883.10546875
14585.4560546875,15791.7470703125
14571.443359375,15692.455078125
14550.0947265625,15594.4208984375
14522.0068359375,15498.9306640625
14519.00390625,15398.6728515625
14519.8779296875,15298.3349609375
14562.7578125,15227.0322265625
14629.916015625,15282.0048828125
14634.341796875,15381.90234375
14645.177734375,15479.6259765625
14676.177734375,15574.5283203125
14700.154296875,15671.9560546875
14714.5,15771.171875
14726.587890625,15870.7421875
14737.3017578125,15970.1484375
9723,15948
9697.2333984375,15843.3955078125
9729.599609375,15754.73046875
9779.24609375,15678.4599609375
9849.513671875,15752.72265625
9861.6533203125,15862.576171875
9824.7255859375,15954.40625
12193,15948
12129.2275390625,15873.5390625
12096.748046875,15773.2001953125
12068.7431640625,15670.8662109375
12048.146484375,15566.7587890625
12037.1591796875,15461.28125
12023.39453125,15364.763671875
12047.1259765625,15280.431640625
12124.337890625,15281.400390625
12165.4609375,15378.7177734375
12168.51953125,15482.6162109375
12179.048828125,15587.6865234375
12193.84375,15690.3115234375
12226.853515625,15788.59375
12254.41796875,15889.595703125
10170,15905
10149.2353515625,15806.5341796875
10162.619140625,15700.439453125
10165.23828125,15598.46875
10180.9130859375,15491.84375
10273.171875,15509.3115234375
10307.044921875,15604.3818359375
10287.8173828125,15710.8037109375
10293.095703125,15818.70703125
10274.607421875,15914.6181640625
7931,15817
7931.60595703125,15717.234375
7944.849609375,15616.509765625
7951.7421875,15515.3896484375
7945.97998046875,15415.994140625
7922.65234375,15322.865234375
7989.5595703125,15268.2412109375
8066.50390625,15332.1103515625
8081.1259765625,15432.2001953125
8076.63720703125,15533.63671875
8065.31591796875,15633.4033203125
8059.55908203125,15730.3349609375
8018.9990234375,15818.5673828125
23750,15812
23714.755859375,15725.5087890625
23818.787109375,15705.830078125
23921.28515625,15732.8779296875
23853.873046875,15802.1513671875
18436,15699
18382.708984375,15611.5673828125
18327.515625,15525.443359375
18288.779296875,15430.5849609375
18255.65234375,15335.7109375
18232.884765625,15236.0009765625
18209.748046875,15136.130859375
18187.6484375,15036.1064453125
18169.29296875,14935.3388671875
18142.5,14836.3955078125
18120.24609375,14736.328125
18099.662109375,14635.89453125
18080.73046875,14535.1708984375
18071.03515625,14433.1630859375
18042.57421875,14335.4814453125
18023.00390625,14234.845703125
18002.865234375,14134.322265625
17986.806640625,14033.0927734375
17974.87109375,13931.2978515625
17958.212890625,13830.177734375
17948.759765625,13728.1064453125
17936.919921875,13626.2919921875
17930.39453125,13523.9833984375
17927.271484375,13421.5146484375
17929.271484375,13319.0400390625
17922.529296875,13221.2626953125
17944.08984375,13122.2041015625
17949.904296875,13020.5029296875
17997.09765625,12980.9453125
18030.0390625,13047.755859375
18019.509765625,13149.390625
18016.1875,13251.66796875
18027.283203125,13352.3349609375
18030.51953125,13443.8515625
18031.005859375,13545.9912109375
18056.619140625,13644.548828125
18056.33984375,13746.2880859375
18066.853515625,13846.0517578125
18074.21484375,13948.1748046875
18094.955078125,14048.2109375
18118.599609375,14145.7734375
18142.38671875,14245.017578125
18147.8359375,14346.6025390625
18169.361328125,14446.705078125
18185.599609375,14541.3369140625
18216.548828125,14631.6396484375
18237.224609375,14729.92578125
18256.380859375,14824.138671875
18280.744140625,14921.3486328125
18309.86328125,15019.08984375
18322.7578125,15120.724609375
18351.10546875,15219.12109375
18377.279296875,15318.1455078125
18394.10546875,15416.8291015625
18445.955078125,15498.87890625
18480.619140625,15595.111328125
18516.755859375,15685.517578125
5984,15694
5923.24853515625,15610.4619140625
5890.966796875,15514.3505859375
5863.33154296875,15413.63671875
5831.82763671875,15313.419921875
5814.91064453125,15209.83984375
5770.150390625,15115.287109375
5744.6650390625,15013.416015625
5715.0068359375,14913.7783203125
5680.12451171875,14831.19140625
5657.322265625,14729.3935546875
5635.1396484375,14653.5576171875
5592.66259765625,14558.6982421875
5613.71484375,14469.60546875
5674.9765625,14532.7470703125
5727.86083984375,14622.765625
5769.79248046875,14719.1103515625
5803.5390625,14818.3271484375
5845.9599609375,14912.9853515625
5876.658203125,15013.4794921875
5914.5439453125,15111.4267578125
5930.41845703125,15214.955078125
5959.03125,15309.125
5989.0146484375,15398.0078125
5986.85400390625,15498.3447265625
6040.61572265625,15562.787109375
6056.6748046875,15664.2783203125
21597,15683
21598.720703125,15581.6748046875
21618.28515625,15481.98046875
21614.921875,15378.6083984375
21620.224609375,15275.3701171875
21640.42578125,15174.255859375
21645.220703125,15071.279296875
21664.8515625,14978.6435546875
21668.986328125,14878.4306640625
21677.091796875,14775.396484375
21686.6015625,14672.7109375
21735.015625,14590.119140625
21788.767578125,14647.416015625
21795.296875,14741.150390625
21765.177734375,14833.4970703125
21776.16015625,14935.5185546875
21745.943359375,15033.431640625
21739.662109375,15135.6806640625
21745.873046875,15238.751953125
21722.6015625,15335.3759765625
21723.9921875,15431.2275390625
21685.115234375,15516.197265625
21654.646484375,15614.4033203125
2751,15631
2690.767578125,15547.03125
2641.236328125,15455.98046875
2575.81640625,15375.6845703125
2532.232421875,15285.6494140625
2468.504150390625,15243.904296875
2378.508056640625,15192.7978515625
2309.87353515625,15115.671875
2244.05712890625,15035.6171875
2192.3955078125,14949.25
2245.8193359375,14877.6787109375
2272.6005859375,14808.28125
2355.092529296875,14868.8115234375
2406.160400390625,14958.2431640625
2462.796142578125,15041.6669921875
2526.319091796875,15117.443359375
2584.37451171875,15201.43359375
2641.189208984375,15287.201171875
2648.119140625,15213.4443359375
2608.641357421875,15119.451171875
2560.191650390625,15029.9228515625
2516.266845703125,14937.3955078125
2489.9541015625,14837.68359375
2442.00048828125,14754.0234375
2475.39990234375,14671.8740234375
2544.667724609375,14743.8671875
2597.4287109375,14829.046875
2649.907470703125,14760.275390625
2736.021240234375,14804.779296875
2731.864013671875,14747.1826171875
2682.0537109375,14656.3955078125
2644.02978515625,14561.044921875
2712.189453125,14510.265625
2811.78955078125,14528.095703125
2897.554443359375,14570.9609375
2931.924072265625,14659.7451171875
2977.235107421875,14650.462890625
2928.4208984375,14559.21875
2882.375244140625,14474.1015625
2855.81884765625,14376.3974609375
2812.01171875,14285.416015625
2777.65234375,14223.6328125
2854.930419921875,14154.8515625
2932.18701171875,14087.6845703125
3009.601318359375,14139.5068359375
3052.456298828125,14232.9326171875
3095.372802734375,14327.1142578125
3139.937744140625,14417.015625
3195.060791015625,14504.0751953125
3246.095947265625,14587.2060546875
3290.890869140625,14673.15625
3352.47509765625,14755.734375
3419.211181640625,14833.2158203125
3464.4716796875,14923.181640625
3526.957275390625,14994.646484375
3569.933837890625,15082.0078125
3632.43212890625,15163.072265625
3645.919921875,15246.6748046875
3557.31298828125,15202.583984375
3505.635986328125,15112.9189453125
3446.47314453125,15028.3447265625
3410.798095703125,14943.2294921875
3337.18408203125,14896.8349609375
3280.898193359375,14813.89453125
3225.7890625,14727.5380859375
3156.37060546875,14652.5537109375
3111.058349609375,14575.765625
3069.6201171875,14487.611328125
3020.1396484375,14467.705078125
3066.716796875,14559.5615234375
3110.97314453125,14652.71875
3147.609375,14749.416015625
3192.384765625,14841.0556640625
3237.593505859375,14934.3671875
3283.86279296875,15027.09375
3282.19970703125,15121.44921875
3289.425537109375,15206.5517578125
3206.68017578125,15247.9501953125
3147.797119140625,15168.7763671875
3080.991455078125,15092.1005859375
3038.5517578125,15004.814453125
2965.1611328125,14987.400390625
2900.8369140625,14932.4130859375
2857.06201171875,14983.6025390625
2883.572265625,15083.7158203125
2924.859375,15176.953125
2829.394287109375,15180.72265625
2765.4052734375,15100.2998046875
2726.362060546875,15088.1748046875
2757.672607421875,15186.80859375
2788.844970703125,15285.1376953125
2829.43701171875,15375.8857421875
2748.99609375,15414.7255859375
2769.29736328125,15489.87890625
2805.232177734375,15570.796875
15221,15568
15161.2490234375,15483.0751953125
15126.8720703125,15383.2275390625
15097.1455078125,15281.8916015625
15063.5751953125,15182.5791015625
15092.7568359375,15090.8896484375
15185.5107421875,15041.443359375
15204.41796875,15134.810546875
15210.9794921875,15231.9150390625
15244.5732421875,15331.7099609375
15267.427734375,15434.794921875
15285.8310546875,15535.5791015625
23728,15479
23670.994140625,15398.1884765625
23665.107421875,15342.8955078125
23761.330078125,15319.400390625
23848.966796875,15336.544921875
23866.634765625,15400.8818359375
23804.16796875,15459.2978515625
8279,15473
8239.57421875,15378.65625
8284.80859375,15279.078125
8369.818359375,15294.96875
8374.2705078125,15378.4375
8378.3798828125,15447.7275390625
4832,15357
4805.81298828125,15257.1455078125
4893.95654296875,15236.2138671875
4959.49755859375,15312.1474609375
4910.1181640625,15380.0126953125
16496,15269
16463.13671875,15174.5380859375
16440.423828125,15076.8017578125
16426.388671875,14974.162109375
16395.62890625,14882.392578125
16404.9765625,14779.6494140625
16405.1171875,14675.97265625
16418.146484375,14574.3427734375
16511.443359375,14580.306640625
16520.453125,14683.388671875
16529.583984375,14786.5537109375
16521.173828125,14887.162109375
16519.865234375,14984.4365234375
16539.818359375,15068.794921875
16544.904296875,15172.244140625
16571.619140625,15270.779296875
20837,15098
20788.08203125,15004.5859375
20767.642578125,14900.6953125
20751.12109375,14797.0927734375
20794.595703125,14731.0068359375
20860.619140625,14810.2607421875
20868.181640625,14912.5283203125
20906.83203125,15000.2998046875
20898.884765625,15105.498046875
13084,15118
13039.296875,15040.7001953125
13034.9091796875,14945.6220703125
13119.2802734375,14918.52734375
13156.8193359375,15000.1708984375
13165.66015625,15095.4169921875
15501,15095
15449.5869140625,15005.50390625
15420.380859375,14903.884765625
15386.2392578125,14803.380859375
15365.5927734375,14698.8876953125
15360.6240234375,14592.8515625
15343.0791015625,14488.94921875
15414.7705078125,14450.935546875
15470.0068359375,14486.205078125
15482.818359375,14591.9736328125
15491.8837890625,14698.06640625
15532.7685546875,14788.2353515625
15549.2412109375,14893.478515625
15574.3837890625,14996.990234375
15583.748046875,15098.9228515625
2161,15063
2068.25732421875,15038.7275390625
2014.489013671875,14955.8671875
2023.0738525390625,14885.0625
1955.8568115234375,14810.6318359375
1992.1343994140625,14741.4609375
2074.474609375,14784.8642578125
2115.693603515625,14878.123046875
2146.440673828125,14972.0703125
6170,15061
6104.49755859375,14995.384765625
6051.84375,14911.9521484375
6011.33056640625,14821.787109375
5969.02392578125,14734.9775390625
6059.4677734375,14711.58984375
6131.4130859375,14773.064453125
6171.068359375,14859.056640625
6188.8583984375,14933.486328125
6231.97216796875,15020.40234375
3889,15007
3833.51953125,14919.353515625
3788.375,14831.69140625
3719.095947265625,14761.732421875
3661.514404296875,14675.0146484375
3603.6455078125,14588.9052734375
3556.7177734375,14498.111328125
3489.748291015625,14417.7626953125
3449.6474609375,14324.298828125
3380.053955078125,14247.1298828125
3332.80908203125,14153.845703125
3293.124267578125,14076.1474609375
3321.7646484375,14013.0693359375
3414.2626953125,14052.26171875
3476.1474609375,14135.2568359375
3524.1943359375,14224.1689453125
3574.31689453125,14302.408203125
3636.088134765625,14385.5498046875
3678.673828125,14477.3291015625
3726.57373046875,14569.330078125
3779.441650390625,14649.994140625
3839.976806640625,14732.1337890625
3899.67822265625,14816.8203125
3940.38916015625,14913.2119140625
3965.603515625,15014.2724609375
9000,15025
8947.5087890625,14946.58203125
8923.71875,14844.6552734375
8930.6845703125,14739.0712890625
9010.728515625,14689.0634765625
9053.8798828125,14761.720703125
9056.36328125,14863.3974609375
9055.970703125,14968.3212890625
23495,14995
23405.849609375,14981.427734375
23308.365234375,14947.6298828125
23256.10546875,14893.41796875
23317.296875,14812.5615234375
23387.111328125,14754.9560546875
23477.095703125,14703.13671875
23561.580078125,14641.0439453125
23652.111328125,14588.1552734375
23746.138671875,14548.6259765625
23822.953125,14586.732421875
23757.357421875,14661.2744140625
23670.279296875,14695.0810546875
23603.26171875,14769.3193359375
23518.490234375,14824.009765625
23456.693359375,14884.181640625
23553.48828125,14899.98046875
23655.23046875,14894.67578125
23757.1875,14872.421875
23838.009765625,14895.1240234375
23793.4765625,14971.201171875
23695.26171875,14994.75
23594.111328125,15012.203125
6493,14999
6448.53515625,14920.80078125
6446.54443359375,14821.9716796875
6472.564453125,14739.3916015625
6566.146484375,14711.833984375
6614.39892578125,14788.0615234375
6595.0830078125,14884.9228515625
6582.421875,14981.6884765625
8651,14994
8603.7724609375,14915.9375
8620.2841796875,14815.955078125
8625.84375,14714.634765625
8632.0205078125,14613.35546875
8647.1748046875,14513.087890625
8677.541015625,14417.3779296875
8698.2294921875,14318.1142578125
8738.5634765625,14225.9580078125
8807.2197265625,14181.896484375
8831.9814453125,14259.59765625
8813.3837890625,14359.3134765625
8790.6748046875,14457.779296875
8775.6279296875,14556.052734375
8778.2314453125,14657.3388671875
8765.826171875,14757.0595703125
8742.0771484375,14853.921875
8722.5048828125,14953.048828125
7175,14977
7106.529296875,14911.2734375
7111.79736328125,14809.44921875
7165.3994140625,14726.0478515625
7259.064453125,14751.2451171875
7274.490234375,14851.73046875
7257.42333984375,14951.9609375
3630,14970
3573.4912109375,14893.943359375
3533.166748046875,14804.2998046875
3535.486328125,14726.1611328125
3466.173095703125,14700.4345703125
3401.96044921875,14625.3203125
3364.701904296875,14547.2578125
3311.4599609375,14461.1142578125
3259.686767578125,14372.8896484375
3217.099609375,14280.8291015625
3194.333984375,14183.6669921875
3138.6591796875,14103.34765625
3088.85888671875,14014.0009765625
3066.428955078125,13924.990234375
3023.542724609375,13843.3193359375
2989.87744140625,13747.361328125
2934.90380859375,13661.1328125
2888.079345703125,13571.24609375
2882.012451171875,13475.5390625
2958.759033203125,13514.8857421875
3015.271484375,13599.73046875
3062.49560546875,13689.353515625
3079.75927734375,13786.2275390625
3139.940673828125,13849.4130859375
3169.86181640625,13946.2646484375
3235.724365234375,14019.875
3277.072998046875,14113.4443359375
3317.8916015625,14206.9501953125
3368.149169921875,14295.9765625
3402.06640625,14391.2060546875
3438.617919921875,14486.236328125
3484.80078125,14577.482421875
3512.117431640625,14673.0302734375
3564.981201171875,14726.84375
3610.05810546875,14815.041015625
3650.90625,14908.7529296875
6895,14975
6826.3720703125,14919.0859375
6813.5732421875,14824.51953125
6870.94873046875,14748.2763671875
6964.943359375,14737.220703125
6981.681640625,14828.958984375
6960.8642578125,14927.42578125
20460,14935
20401.73828125,14856.08984375
20374.623046875,14754.1337890625
20349.6796875,14653.9375
20336.15234375,14555.8974609375
20418.4765625,14511.3828125
20460.3515625,14599.7158203125
20474.376953125,14703.904296875
20504.765625,14804.708984375
20529.859375,14905.9482421875
9291,14907
9270.8369140625,14810.7060546875
9297.8837890625,14716.869140625
9326.1396484375,14620.5439453125
9361.2626953125,14532.9306640625
9379.638671875,14433.216796875
9435.6181640625,14424.4853515625
9433.05078125,14528.119140625
9414.833984375,14629.3662109375
9392.7646484375,14730.1240234375
9389.14453125,14809.130859375
9384.974609375,14893.1845703125
1588,14884
1559.8056640625,14799.4150390625
1648.210205078125,14763.318359375
1741.3887939453125,14747.40234375
1816.5794677734375,14802.041015625
1777.892822265625,14867.0703125
1684.5782470703125,14894.9609375
4962,14789
4874.34033203125,14747.7919921875
4904.42041015625,14673.1591796875
4998.7529296875,14658.96875
5095.9697265625,14668.3876953125
5193.59423828125,14666.6484375
5228.7099609375,14735.291015625
5143.87060546875,14765.5087890625
5059.53173828125,14795.1708984375
12251,14763
12216.8115234375,14667.5390625
12206.453125,14565.4541015625
12217.5185546875,14472.0673828125
12221.1328125,14369.92578125
12224.7236328125,14266.921875
12239.587890625,14164.87890625
12253.8681640625,14062.744140625
12276.9638671875,13962.4794921875
12319.029296875,13871.2421875
12378.68359375,13794.583984375
12424.6259765625,13718.35546875
12497.431640625,13666.0693359375
12576.3779296875,13680.115234375
12519.9658203125,13765.1708984375
12452.1474609375,13842.673828125
12417.0048828125,13936.6201171875
12389.716796875,14035.8447265625
12363.890625,14135.310546875
12356.2568359375,14238.15234375
12345.3203125,14340.6943359375
12337.4462890625,14443.462890625
12335.060546875,14546.564453125
12335.4814453125,14649.6904296875
12340.3837890625,14749.7841796875
8346,14725
8280.1494140625,14662.537109375
8297.1220703125,14567.0419921875
8291.2705078125,14499.955078125
8295.283203125,14408.3876953125
8272.6005859375,14308.53125
8325.4443359375,14255.712890625
8296.1806640625,14160.279296875
8314.724609375,14059.7021484375
8324.5478515625,13964.2861328125
8355.5244140625,13871.951171875
8381.876953125,13772.2548828125
8445.966796875,13700.88671875
8511.048828125,13671.6865234375
8504.5732421875,13767.697265625
8475.4375,13866.37890625
8432.4560546875,13959.8349609375
8407.208984375,14059.142578125
8384.9482421875,14157.9609375
8389.8974609375,14260.7587890625
8362.884765625,14358.7802734375
8373.41015625,14460.263671875
8381.7705078125,14562.3955078125
8375.73046875,14665.421875
17175,14611
17114.853515625,14528.0908203125
17091.3203125,14427.4208984375
17054.333984375,14331.4208984375
17018.6171875,14233.6640625
17020.537109375,14130.7890625
17059.84375,14110.947265625
17103.21875,14200.931640625
17153.28125,14290.8427734375
17183.173828125,14389.2314453125
17224.146484375,14484.4580078125
17244.828125,14584.78515625
1842,14575
1768.4361572265625,14507.24609375
1810.944091796875,14447.62890625
1894.12744140625,14487.341796875
1931.546142578125,14572.6181640625
23448,14495
23343.830078125,14487.95703125
23241.115234375,14475.201171875
23230.923828125,14381.3095703125
23306.970703125,14377.080078125
23408.01171875,14392.310546875
23486.390625,14424.96484375
2473,14450
2401.7939453125,14377.998046875
2331.656982421875,14300.96875
2271.92236328125,14219.1865234375
2237.26318359375,14140.908203125
2194.197265625,14066.029296875
2134.66845703125,13983.662109375
2085.20458984375,13902.51171875
2042.280517578125,13828.4345703125
2003.8221435546875,13734.6591796875
1984.1959228515625,13635.0126953125
2018.4754638671875,13603.3681640625
2076.2705078125,13681.1728515625
2130.99169921875,13769.400390625
2155.141357421875,13869.6689453125
2225.166259765625,13942.95703125
2269.81103515625,14036.857421875
2329.592529296875,14121.0439453125
2368.336669921875,14204.3740234375
2428.3544921875,14278.5576171875
2499.09521484375,14318.2080078125
2537.98095703125,14414.498046875
4102,14398
4046.076904296875,14311.2998046875
3987.20068359375,14225.8671875
3920.663818359375,14148.490234375
3858.439208984375,14065.099609375
3804.722900390625,13976.12890625
3759.666259765625,13884.7744140625
3697.756591796875,13806.859375
3643.995361328125,13725.0458984375
3601.389892578125,13635.34765625
3608.517822265625,13554.3759765625
3697.087646484375,13595.80859375
3761.94140625,13676.9384765625
3801.2138671875,13771.447265625
3868.531494140625,13759.7431640625
3820.329345703125,13676.228515625
3784.109130859375,13578.873046875
3753.89404296875,13482.4833984375
3740.377685546875,13379.240234375
3725.21875,13276.2158203125
3756.42626953125,13190.7900390625
3737.3408203125,13096.79296875
3741.4951171875,13000.5224609375
3797.208984375,12915.3193359375
3886.56396484375,12956.8408203125
3940.604736328125,13021.1337890625
3921.706787109375,13103.0673828125
3905.038330078125,13198.3076171875
3898.078369140625,13297.4111328125
3883.715087890625,13388.3359375
3909.64111328125,13489.17578125
3940.137939453125,13588.73828125
3974.26904296875,13687.1083984375
4008.05224609375,13784.404296875
4042.5859375,13881.927734375
3969.909912109375,13921.9443359375
3970.521484375,13972.341796875
4016.146240234375,14065.2734375
4066.380126953125,14149.2900390625
4127.14501953125,14232.849609375
4196.40478515625,14310.58203125
4201.625,14398.720703125
11173,14380
11168.6943359375,14300.21875
11214.53125,14207.99609375
11270.4482421875,14121.0615234375
11316.2998046875,14032.7763671875
11329.1279296875,13931.3916015625
11355.4228515625,13832.10546875
11388.5908203125,13734.1416015625
11417.568359375,13634.8291015625
11447.5009765625,13535.8359375
11467.8056640625,13434.556640625
11506.1025390625,13338.734375
11520.7275390625,13280.0595703125
11539.8515625,13183.21484375
11561.853515625,13082.21875
11588.7685546875,12989.43359375
11613.9072265625,12889.1337890625
11642.2373046875,12790.6044921875
11665.3955078125,12709.072265625
11714.2822265625,12631.5078125
11726.8212890625,12542.412109375
11774.0400390625,12450.9111328125
11816.037109375,12360.8095703125
11889.01171875,12342.87109375
11875.66015625,12441.5654296875
11837.7490234375,12533.40625
11811.33984375,12633.3857421875
11766.8291015625,12726.2177734375
11745.21875,12826.1806640625
11716.58203125,12924.005859375
11686.9873046875,13018.7099609375
11677.091796875,13116.865234375
11649.2861328125,13215.73828125
11630.712890625,13316.6611328125
11591.919921875,13410.7529296875
11573.7802734375,13508.2841796875
11552.048828125,13608.830078125
11519.1806640625,13706.15625
11490.8837890625,13805.521484375
11455.8994140625,13902.4619140625
11435.572265625,14003.6552734375
11396.1533203125,14098.2509765625
11365.2919921875,14196.90234375
11320.73046875,14285.908203125
11262.7412109375,14368.0009765625
2028,14282
1969.748291015625,14197.466796875
1937.18603515625,14098.0166015625
1979.066650390625,14014.701171875
2050.7220458984375,14076.86328125
2091.29541015625,14168.7998046875
2117.68115234375,14268.0478515625
5748,14236
5654.3349609375,14198.8203125
5568.060546875,14144.1044921875
5487.04638671875,14081.7587890625
5409.18505859375,14015.5029296875
5333.6083984375,13946.6474609375
5258.90771484375,13876.8388671875
5186.15478515625,13805.021484375
5132.68408203125,13723.55859375
5057.3095703125,13659.158203125
4969.4638671875,13611.759765625
4889.57275390625,13554.6201171875
4830.48974609375,13474.0146484375
4774.32080078125,13389.279296875
4764.42919921875,13319.994140625
4749.19677734375,13242.7900390625
4694.947265625,13159.0537109375
4631.1552734375,13081.7333984375
4608.09765625,12987.7431640625
4550.275390625,12903.7314453125
4628.48876953125,12919.3193359375
4688.19384765625,12997.162109375
4739.22216796875,13084.037109375
4794.48828125,13164.6162109375
4839.265625,13194.0830078125
4931.24951171875,13173.6328125
5012.89208984375,13233.9423828125
5068.56640625,13318.76171875
5136.95849609375,13393.923828125
5155.98046875,13492.44140625
5136.27197265625,13585.173828125
5203.81689453125,13659.7236328125
5279.66845703125,13725.9697265625
5345.8427734375,13797.9951171875
5429.21484375,13851.3193359375
5508.91259765625,13911.2783203125
5587.20556640625,13976.953125
5665.50537109375,14042.6953125
5749.49853515625,14099.6904296875
5830.3291015625,14162.2939453125
5845.732421875,14237.1279296875
18756,14205
18709.74609375,14113.9228515625
18684.26171875,14014.0234375
18675.529296875,13911.638671875
18661.2578125,13809.599609375
18661.19140625,13705.427734375
18666.529296875,13601.4892578125
18683.69140625,13499.2373046875
18705.44140625,13398.1767578125
18748.154296875,13303.5771484375
18828.859375,13336.451171875
18794.49609375,13424.8515625
18805.318359375,13521.1220703125
18816.0703125,13599.5693359375
18810.61328125,13703.5927734375
18807.25390625,13807.708984375
18797.92578125,13910.9951171875
18814.869140625,14012.9248046875
18834.087890625,14114.974609375
18834.826171875,14217.7705078125
7525,14214
7523.19580078125,14123.9951171875
7533.51708984375,14024.556640625
7570.9072265625,13948.8037109375
7585.97021484375,13863.05859375
7618.1669921875,13765.978515625
7623.8955078125,13664.4560546875
7632.490234375,13563.955078125
7657.3232421875,13469.6572265625
7644.16162109375,13367.060546875
7672.79736328125,13267.1435546875
7684.19287109375,13163.4560546875
7708.1005859375,13074.1015625
7713.60205078125,13000.39453125
7696.53076171875,12923.5859375
7774.81884765625,12949.837890625
7784.06298828125,13050.2724609375
7748.78759765625,13143.33203125
7763.2607421875,13218.9248046875
7756.14404296875,13320.662109375
7726.69677734375,13420.6494140625
7729.345703125,13524.048828125
7711.12890625,13622.3037109375
7705.755859375,13726.3974609375
7662.36865234375,13812.34375
7677.19287109375,13902.580078125
7664.37158203125,14005.74609375
7638.1904296875,14106.5927734375
7606.2724609375,14183.4072265625
22972,14167
22986.248046875,14085.6103515625
23069.666015625,14037.5625
23151.984375,14023.0146484375
23247.162109375,14012.7841796875
23347.3828125,13993.1005859375
23449.125,13982.404296875
23551.314453125,13977.99609375
23643.029296875,13954.2314453125
23701.337890625,14019.5771484375
23612.75390625,14061.8818359375
23511.455078125,14075.078125
23418.76171875,14066.6005859375
23327.69921875,14098.1708984375
23253.8046875,14123.578125
23152.5234375,14134.685546875
23057.791015625,14168.7490234375
5118,14173
5063.4833984375,14115.1806640625
5142.60546875,14061.2890625
5231.54638671875,14028.1376953125
5318.1572265625,14061.8828125
5295.263671875,14132.2568359375
5212.72802734375,14174.783203125
3591,14141
3555.525634765625,14063.130859375
3503.670166015625,13976.72265625
3470.34912109375,13901.2353515625
3438.715087890625,13805.283203125
3382.961181640625,13722.9423828125
3341.369384765625,13632.4375
3302.70751953125,13538.041015625
3278.333740234375,13439.189453125
3242.22314453125,13345.26171875
3287.300537109375,13282.2080078125
3331.79296875,13373.0859375
3381.095947265625,13456.77734375
3408.708740234375,13550.791015625
3439.7607421875,13645.0107421875
3486.62109375,13730.330078125
3521.126953125,13817.8955078125
3547.2138671875,13907.57421875
3591.302490234375,13998.27734375
3637.404296875,14089.2294921875
7956,14098
7944.3056640625,13995.8154296875
7947.3212890625,13891.8525390625
7951.84228515625,13787.9453125
7959.14501953125,13684.2138671875
7963.494140625,13580.30859375
7979.65380859375,13477.8134765625
7982.96728515625,13373.9609375
8009.037109375,13285.763671875
7999.60107421875,13200.27734375
7989.94287109375,13096.9658203125
8005.91748046875,12995.498046875
7998.267578125,12892.2060546875
7967.64990234375,12794.16796875
7974.38818359375,12694.7236328125
7948.6865234375,12594.8466796875
7939.90966796875,12491.2294921875
7936.1396484375,12387.296875
7928.0390625,12283.7783203125
7915.78076171875,12183.2998046875
7905.11767578125,12079.865234375
7899.68603515625,11976.0087890625
7897.2314453125,11872.0361328125
7881.7001953125,11786.3818359375
7867.529296875,11683.376953125
7902.474609375,11727.6826171875
7938.064453125,11818.716796875
7957.74462890625,11918.580078125
7963.33837890625,12022.2412109375
7971.16259765625,12125.9345703125
7990.849609375,12227.9111328125
8003.3134765625,12331.1513671875
8021.35400390625,12433.1884765625
8039.77587890625,12535.2939453125
8045.46630859375,12636.896484375
8062.77392578125,12739.03515625
8096.67138671875,12818.4873046875
8159.99853515625,12898.1259765625
8124.1455078125,12995.166015625
8094.35791015625,13088.109375
8077.49853515625,13187.373046875
8109.994140625,13269.3701171875
8071.642578125,13361.4228515625
8069.1728515625,13465.3046875
8070.01904296875,13569.3056640625
8051.0556640625,13670.52734375
8052.59033203125,13773.255859375
8050.27197265625,13867.8154296875
8044.52978515625,13970.2529296875
8019.6015625,14068.08984375
4515,14020
4423.89599609375,13980.8662109375
4356.2919921875,13907.302734375
4285.3154296875,13835.1328125
4214.736328125,13759.08203125
4142.4833984375,13684.603515625
4079.061279296875,13605.056640625
4033.712890625,13512.5869140625
3979.073974609375,13424.810546875
4053.368896484375,13375.2998046875
4131.388671875,13431.267578125
4204.6884765625,13502.83984375
4253.79150390625,13583.466796875
4325.00390625,13658.9130859375
4391.49560546875,13738.451171875
4447.88134765625,13820.7734375
4523.37158203125,13888.7783203125
4577.23779296875,13974.501953125
21986,13930
21945.2890625,13839.6376953125
21932.2890625,13740.5166015625
21926.419921875,13645.025390625
21960.009765625,13555.3466796875
22012.935546875,13576.2138671875
22034.54296875,13673.46484375
22042.5703125,13752.609375
22060.134765625,13838.7490234375
22064.103515625,13932.0537109375
22791,13913
22845.62109375,13833.0947265625
22908.1484375,13750.923828125
22978.326171875,13690.638671875
23031.6328125,13609.1552734375
23102.060546875,13536.3388671875
23167.80859375,13456.0478515625
23226.7890625,13402.673828125
23295.529296875,13328.55078125
23364.080078125,13255.1904296875
23416.67578125,13166.5556640625
23498.7421875,13103.607421875
23560.353515625,13036.875
23522.462890625,13132.6318359375
23466.51953125,13215.4794921875
23405.9453125,13296.1162109375
23342.10546875,13378.0048828125
23289.15234375,13461.1513671875
23216.1484375,13519.482421875
23144,13591.8369140625
23083.427734375,13670.84765625
23012.72265625,13747.2431640625
22951.251953125,13829.7421875
22869.892578125,13890.029296875
13052,13872
13024.814453125,13785.27734375
13039.9775390625,13684.93359375
13114.8828125,13678.62109375
13156.3662109375,13766.9833984375
13143.865234375,13867.193359375
5580,13786
5523.78466796875,13702.126953125
5498.58056640625,13611.951171875
5594.3095703125,13588.6884765625
5638.17578125,13677.26953125
5655.05615234375,13776.68359375
20854,13737
20806.025390625,13646.31640625
20780.453125,13546.3486328125
20772.330078125,13446.9931640625
20760.611328125,13346.1484375
20754.29296875,13243.146484375
20746.685546875,13140.2216796875
20744.75,13039.3349609375
20751.6484375,12936.3642578125
20760.60546875,12833.537109375
20770.068359375,12730.75390625
20779.505859375,12627.9833984375
20795.701171875,12526.0546875
20816.796875,12425.0302734375
20847.662109375,12326.607421875
20883.51171875,12230.3740234375
20951.060546875,12158.3359375
20993.0546875,12067.884765625
21059.630859375,12001.8076171875
21069.89453125,12084.5498046875
21017.7109375,12172.4462890625
20981.41796875,12263.064453125
20950.291015625,12359.9814453125
20922.0703125,12456.46484375
20906.861328125,12558.4736328125
20885.02734375,12658.5478515625
20890.927734375,12760.029296875
20886.5078125,12858.58203125
20869.6640625,12960.048828125
20864.544921875,13063.1298828125
20861.65625,13166.3056640625
20854.912109375,13269.21484375
20871.015625,13369.326171875
20899.564453125,13457.59375
20902.77734375,13559.25
20923.91796875,13659.4951171875
20915.0234375,13761.6123046875
2276,13678
2245.27734375,13581.1611328125
2193.8046875,13500.8408203125
2166.768798828125,13403.556640625
2152.136962890625,13312.6962890625
2087.14111328125,13241.708984375
2143.53076171875,13182.6533203125
2205.983154296875,13257.099609375
2248.630126953125,13347.2890625
2281.454345703125,13443.3447265625
2287.291015625,13544.2001953125
2329.69921875,13621.560546875
19231,13624
19184.009765625,13538.7392578125
19155.046875,13443.4365234375
19141.693359375,13344.4267578125
19141.611328125,13244.625
19169.361328125,13159.8056640625
19260.78125,13150.197265625
19298.001953125,13227.53515625
19281.390625,13319.55859375
19284.765625,13414.94921875
19296.736328125,13514.13671875
19302.474609375,13610.158203125
4593,13554
4536.02587890625,13478.1396484375
4489.88525390625,13483.4716796875
4408.23291015625,13526.9326171875
4355.36083984375,13447.8359375
4327.23046875,13356.5322265625
4273.9716796875,13274.38671875
4296.29541015625,13180.79296875
4309.74462890625,13080.8369140625
4286.15185546875,12984.865234375
4360.08203125,12925.5595703125
4441.60546875,12950.126953125
4454.83642578125,13044.2587890625
4483.9794921875,13134.9111328125
4543.40380859375,13214.4638671875
4596.068359375,13299.265625
4655.498046875,13380.876953125
4724.05126953125,13453.7236328125
4691.888671875,13537.439453125
21550,13425
21514.578125,13381.1083984375
21487.19140625,13285.7197265625
21442.244140625,13196.1171875
21411.087890625,13108.1650390625
21384.978515625,13013.8701171875
21368.275390625,12912.9912109375
21376.189453125,12811.2314453125
21376.30078125,12708.9833984375
21453.419921875,12730.474609375
21471.013671875,12831.103515625
21480.01171875,12933.1708984375
21506.76953125,13031.8525390625
21542.224609375,13127.7021484375
21553.103515625,13226.9853515625
21595.69140625,13315.6015625
21606.71875,13409.5576171875
22873,13311
22898.33203125,13251.26171875
22989.39453125,13215.6650390625
23080.47265625,13191.04296875
23061.0234375,13284.55078125
22968.423828125,13315.12890625
3467,13281
3437.474365234375,13186.083984375
3400.848388671875,13115.607421875
3344.55078125,13035.81640625
3364.558837890625,12938.24609375
3438.613525390625,12878.4453125
3444.307861328125,12782.36328125
3515.39208984375,12768.3896484375
3545.534912109375,12863.2841796875
3564.1494140625,12958.6748046875
3566.658447265625,13058.4365234375
3576.17578125,13160.267578125
3545.66015625,13254.6396484375
5709,13254
5615.591796875,13214.833984375
5603.990234375,13143.7509765625
5695.54345703125,13125.9892578125
5787.19140625,13160.41015625
5815.7998046875,13063.4931640625
5810.369140625,12961.4287109375
5775.2001953125,12869.8759765625
5725.75341796875,12781.01171875
5665.97900390625,12697.978515625
5600.8095703125,12618.236328125
5550.12841796875,12528.44140625
5536.0087890625,12428.578125
5505.71923828125,12331.8251953125
5487.95166015625,12234.955078125
5543.0341796875,12188.455078125
5607.552734375,12251.3955078125
5649.34228515625,12343.376953125
5705.35595703125,12428.37890625
5738.951171875,12525.6904296875
5775.21044921875,12621.587890625
5830.9013671875,12696.8935546875
5876.2568359375,12788.88671875
5920.35400390625,12863.2158203125
5959.9697265625,12957.95703125
5969.087890625,13043.9833984375
5941.71337890625,13143.0673828125
5897.4716796875,13234.5537109375
5807.11279296875,13281.48046875
2515,13260
2451.899169921875,13188.853515625
2427.864990234375,13093.9169921875
2402.607666015625,13010.5166015625
2410.844482421875,12919.7724609375
2503.50341796875,12939.716796875
2524.422119140625,13012.7021484375
2565.3095703125,13102.3662109375
2582.25732421875,13192.376953125
2588.87109375,13236.400390625
19424,13262
19397.18359375,13172.29296875
19343.916015625,13096.23828125
19408.400390625,13050.736328125
19465.298828125,13125.56640625
19488.0078125,13223.0751953125
3011,13252
2941.1591796875,13179.4423828125
2921.363525390625,13078.0634765625
2922.780029296875,12974.9716796875
2983.137451171875,12934.58984375
3054.61962890625,12984.5859375
3070.96142578125,13086.7275390625
3074.9375,13190.03125
13706,13172
13699.7822265625,13070.3125
13719.7353515625,12969.994140625
13742.765625,12871.7763671875
13765.8359375,12774.3408203125
13789.29296875,12676.798828125
13813.24609375,12577.4853515625
13843.9326171875,12483.5751953125
13879.0205078125,12387.59765625
13906.3916015625,12313.404296875
13945.509765625,12219.0126953125
13995.5380859375,12133.869140625
14055.6044921875,12053.94140625
14108.37109375,11976.5966796875
14188.1171875,11913.0654296875
14198.7646484375,11982.8125
14147.8525390625,12071.75390625
14085.5458984375,12150.123046875
14051.904296875,12245.3740234375
14020.8525390625,12338.03515625
13978.2734375,12430.4091796875
13961.4091796875,12526.765625
13921.7587890625,12620.8232421875
13904.6162109375,12719.4013671875
13876.7265625,12818.015625
13855.2734375,12918.2080078125
13821.5849609375,13014.4716796875
13801.2138671875,13114.599609375
13761.2998046875,13206.626953125
15085,13150
15032.34375,13097.525390625
15073.41015625,13004.8310546875
15115.783203125,12915.2314453125
15147.701171875,12819.80078125
15174.974609375,12721.953125
15197.8662109375,12624.2783203125
15215.0537109375,12524.91796875
15231.14453125,12424.7236328125
15254.22265625,12328.814453125
15266.5185546875,12234.8759765625
15289.4072265625,12141.1845703125
15317.5498046875,12050.970703125
15309.205078125,11950.140625
15338.01171875,11859.9580078125
15400.2666015625,11935.2470703125
15407.7158203125,12032.2998046875
15397.3642578125,12133.388671875
15392.0068359375,12234.888671875
15389.76953125,12336.5029296875
15365.974609375,12433.2109375
15346.1044921875,12531.9951171875
15322.8974609375,12630.5419921875
15303.5537109375,12729.62890625
15283.1240234375,12828.771484375
15241.435546875,12920.7763671875
15217.3076171875,13018.884765625
15165.3125,13104.6025390625
16460,13147
16443.205078125,13046.4892578125
16441.146484375,12942.27734375
16446.6328125,12838.1787109375
16454.642578125,12734.240234375
16461.375,12630.2099609375
16466.568359375,12526.0908203125
16471.5625,12421.9609375
16479.17578125,12318.021484375
16492.390625,12217.365234375
16513.0390625,12115.2734375
16524.51171875,12011.69140625
16539.970703125,11909.4951171875
16560.693359375,11807.7880859375
16584.1015625,11706.5927734375
16613.845703125,11606.912109375
16639.625,11510.8251953125
16687.7109375,11420.4267578125
16720.53125,11323.08203125
16770.271484375,11235.0732421875
16826.576171875,11147.3505859375
16880.15234375,11057.927734375
16931.203125,10971.2578125
17015.59375,10940.669921875
16974.845703125,11016.263671875
16943.982421875,11112.7587890625
16900.060546875,11206.115234375
16847.205078125,11295.689453125
16811.06640625,11392.546875
16786.185546875,11493.2099609375
16738.517578125,11585.66015625
16711.55078125,11686.2919921875
16680.822265625,11785.8935546875
16654.45703125,11883.9921875
16637.75390625,11976.5146484375
16635.646484375,12077.515625
16606.3359375,12177.4140625
16587.935546875,12280.0146484375
16571.87890625,12382.9287109375
16568.470703125,12487.1103515625
16561.466796875,12591.1103515625
16550.162109375,12694.736328125
16544.177734375,12798.802734375
16541.056640625,12903.0048828125
16538.69921875,13007.2275390625
16532.515625,13111.22265625
8885,13140
8881.4384765625,13059.4423828125
8878.111328125,12968.484375
8897.5791015625,12871.4541015625
8983.765625,12858.029296875
8992.966796875,12948.4150390625
8991.13671875,13046.7685546875
8980.599609375,13137.7060546875
9644,13139
9600.3896484375,13053.4375
9544.390625,12976.205078125
9528.24609375,12890.0322265625
9473.994140625,12818.1455078125
9487.716796875,12723.646484375
9544.5185546875,12731.3291015625
9587.5009765625,12820.470703125
9635.8388671875,12907.423828125
9669.1328125,13001.4072265625
9705.759765625,13093.578125
8483,12973
8447.2919921875,12891.267578125
8463.3271484375,12816.7939453125
8548.0078125,12786.5615234375
8583.7822265625,12863.0654296875
8571.5556640625,12955.140625
14714,12926
14708.5576171875,12829.087890625
14753.9833984375,12739.7255859375
14799.3466796875,12648.8056640625
14855.8310546875,12565.5966796875
14899.9794921875,12474.787109375
14945.974609375,12387.984375
14999.119140625,12302.6630859375
15057.1171875,12225.6083984375
15139.466796875,12166.7158203125
15176.580078125,12240.9541015625
15117.5732421875,12306.2880859375
15069.2861328125,12394.0283203125
15017.666015625,12481.302734375
14981.4677734375,12572.671875
14929.478515625,12654.140625
14890.8896484375,12725.6171875
14857.52734375,12812.96875
14801.712890625,12897.033203125
12238,12857
12196.9091796875,12762.2998046875
12180.05078125,12656.90234375
12196.208984375,12557.8291015625
12210.4970703125,12455.8828125
12263.2177734375,12390.009765625
12363.314453125,12391.298828125
12380.5595703125,12486.052734375
12327.5,12545.626953125
12315.828125,12649.923828125
12322.7978515625,12756.5703125
12319.3037109375,12863.4697265625
9861,12794
9793.6806640625,12716.046875
9732.0869140625,12633.87890625
9662.51171875,12557.005859375
9601.8681640625,12473.60546875
9546.4130859375,12393.7880859375
9480.138671875,12314.4853515625
9414.2060546875,12234.9697265625
9357.08203125,12165.6337890625
9317.306640625,12070.9453125
9371.5478515625,12021.4052734375
9448.595703125,12090.78515625
9505.1318359375,12074.8818359375
9585.236328125,12126.3291015625
9595.515625,12175.986328125
9582.08203125,12242.0810546875
9617.3271484375,12336.525390625
9695.287109375,12399.8193359375
9758.931640625,12478.5556640625
9822.33203125,12555.1650390625
9878.880859375,12628.5859375
9927.0751953125,12716.701171875
9938.701171875,12807.978515625
22376,12771
22412.03125,12688.1875
22510.828125,12665.0673828125
22599.37890625,12685.2578125
22661.3359375,12601.95703125
22709.525390625,12513.1728515625
22768.439453125,12456.814453125
22822.32421875,12495.6181640625
22788.755859375,12594.6982421875
22737.806640625,12686.544921875
22669.181640625,12766.8017578125
22571.5546875,12792.484375
22470.1484375,12795.2392578125
12640,12430
12576.220703125,12372.7314453125
12621.5126953125,12284.0712890625
12703.775390625,12254.6533203125
12747.0830078125,12330.482421875
12735.1611328125,12409.6513671875
22226,12238
22256.154296875,12157.734375
22303.185546875,12073.9150390625
22360.857421875,11995.4765625
22425.171875,11991.4580078125
22396.7421875,12081.7685546875
22363.4375,12170.1767578125
22310.6953125,12247.0224609375
15608,12207
15583.6884765625,12113.712890625
15606.345703125,12014.400390625
15632.8232421875,11917.205078125
15665.1884765625,11820.4130859375
15706.8447265625,11727.4150390625
15796.6962890625,11683.275390625
15827.4775390625,11749.275390625
15785.9619140625,11829.9228515625
15761.7353515625,11925.8818359375
15738.162109375,12024.3828125
15706.07421875,12117.5234375
15692.466796875,12215.234375
12865,12210
12814.7578125,12148.5634765625
12801.0546875,12052.1484375
12832.9697265625,11959.623046875
12916.951171875,11998.8974609375
12912.1259765625,12095.654296875
12929.5322265625,12160.8193359375
15844,12166
15813.458984375,12089.15234375
15809.279296875,12004.2802734375
15825.9423828125,11903.5556640625
15855.0439453125,11805.8876953125
15878.435546875,11706.626953125
15907.1357421875,11610.6220703125
15936.837890625,11512.4990234375
15990.3408203125,11434.0400390625
16043.66796875,11373.3388671875
16083.23828125,11467.82421875
16052.626953125,11563.876953125
16018.8642578125,11658.51953125
16007.8837890625,11758.9794921875
15984.2607421875,11858.41796875
15952.86328125,11951.1474609375
15910.1806640625,12043.5966796875
15901,12137.576171875
6087,12163
6021.671875,12088.7900390625
5966.609375,12001.5380859375
5913.2080078125,11914.166015625
5820.74072265625,11871.740234375
5785.88525390625,11779.4990234375
5848.5947265625,11713.810546875
5948.76318359375,11700.169921875
6029.984375,11669.1220703125
6086.3125,11590.8359375
6123.73681640625,11523.26953125
6042.97021484375,11472.423828125
6017.26708984375,11373.2021484375
6101.91796875,11325.1669921875
6187.45068359375,11369.6044921875
6207.47607421875,11469.806640625
6167.322265625,11558.5556640625
6140.21875,11634.5166015625
6229.2119140625,11641.5537109375
6298.6787109375,11683.017578125
6243.5419921875,11763.498046875
6166.17529296875,11819.982421875
6063.5458984375,11830.5693359375
6064.8056640625,11897.44140625
6116.78466796875,11984.0634765625
6146.0615234375,12056.2099609375
6175.16650390625,12135.6171875
10510,12125
10461.431640625,12041.07421875
10412.14453125,11951.173828125
10346.216796875,11871.85546875
10279.1181640625,11793.2451171875
10226.3056640625,11704.396484375
10175.71484375,11614.23046875
10130.6767578125,11524.130859375
10075.7607421875,11446.2646484375
10044.9580078125,11353.453125
9984.8681640625,11269.5947265625
9927.177734375,11186.3291015625
9899.4091796875,11087.8232421875
9843.4658203125,11001.0556640625
9805.91015625,10913.388671875
9760.5146484375,10823.173828125
9713.4970703125,10732.345703125
9674.7822265625,10636.462890625
9632.9384765625,10542.0283203125
9585.998046875,10452.5673828125
9545.0087890625,10360.6962890625
9515.6025390625,10265.0556640625
9488.138671875,10186.359375
9429.29296875,10107.5400390625
9436.8876953125,10042.6669921875
9476.2666015625,10106.646484375
9531.98828125,10183.62890625
9572.3818359375,10276.6220703125
9578.0263671875,10359.517578125
9648.4951171875,10413.580078125
9687.3544921875,10508.7685546875
9723.2841796875,10605.5556640625
9759.140625,10702.0390625
9815.2421875,10788.4912109375
9866.044921875,10878.4951171875
9909.6396484375,10966.1884765625
9948.994140625,11051.8310546875
9944.328125,11145.27734375
10029.2392578125,11191.138671875
10079.1572265625,11280.392578125
10124.8515625,11371.4921875
10167.787109375,11459.8623046875
10230.0146484375,11536.2451171875
10267.279296875,11629.9365234375
10320.0322265625,11711.3896484375
10368.568359375,11799.837890625
10418.015625,11886.30859375
10478.279296875,11968.3447265625
10524.9248046875,12059.8134765625
16855,12098
16807.033203125,12013.6787109375
16805.078125,11910.2216796875
16822.775390625,11809.24609375
16847.728515625,11709.2919921875
16837.345703125,11609.2275390625
16897.9375,11531.697265625
16993.97265625,11534.6826171875
16984.982421875,11618.2900390625
16988.666015625,11717.74609375
16981.216796875,11820.0849609375
16977.44140625,11891.6220703125
16938.349609375,11964.9228515625
16920.662109375,12059.947265625
9541,11996
9453.9345703125,11947.23828125
9415.7802734375,11866.5927734375
9497.5361328125,11826.4228515625
9582.2958984375,11873.0517578125
9669.5400390625,11919.6474609375
9638.927734375,12000.896484375
10030,11989
9932.068359375,11959.8759765625
9850.3466796875,11892.498046875
9766.6806640625,11826.7578125
9736.4833984375,11747.0830078125
9729.46875,11722.169921875
9825.9912109375,11765.14453125
9915.72265625,11821.90234375
10011.197265625,11866.3349609375
10086.8916015625,11940.5673828125
21477,11989
21485.45703125,11895.7041015625
21533.287109375,11806.189453125
21585.10546875,11725.58203125
21634.224609375,11641.8642578125
21673.828125,11548.72265625
21709.119140625,11453.1142578125
21746.4140625,11358.23046875
21789.353515625,11266.4443359375
21813.259765625,11168.6279296875
21851.482421875,11074.390625
21890.46484375,10980.7841796875
21956.580078125,10909.2119140625
22000.982421875,10965.357421875
21992.349609375,11062.7255859375
21939.626953125,11145.8076171875
21915.228515625,11234.6865234375
21891.921875,11333.4736328125
21839.9921875,11419.05078125
21809.2265625,11513.9677734375
21770.1875,11607.3779296875
21718.212890625,11694.228515625
21674.6328125,11784.6884765625
21619.748046875,11868.673828125
21554.404296875,11946.9140625
16193,11970
16175.8916015625,11872.2919921875
16187.2548828125,11770.3623046875
16212.3427734375,11674.5302734375
16215.6708984375,11572.087890625
16232.060546875,11471.2802734375
16252.46875,11374.2353515625
16329.58203125,11315.4677734375
16399.466796875,11374.7216796875
16388.2509765625,11476.099609375
16365.640625,11576.14453125
16344.5712890625,11676.517578125
16326.7666015625,11776.3974609375
16304.6572265625,11872.03125
16280.8408203125,11965.0595703125
21990,11981
21933.111328125,11906.9560546875
22006.40234375,11839.970703125
22077.685546875,11768.5859375
22149.00390625,11696.72265625
22243.80078125,11706.51171875
22294.314453125,11781.66015625
22230.560546875,11842.1474609375
22159.189453125,11880.1943359375
22078.63671875,11941.755859375
17086,11863
17074.974609375,11766.0986328125
17100.1796875,11664.9306640625
17124.72265625,11562.435546875
17157.423828125,11467.7451171875
17202.60546875,11378.14453125
17259.4296875,11290.7822265625
17320.02734375,11209.7470703125
17418.08203125,11184.8369140625
17406.4453125,11284.4384765625
17355.697265625,11377
17306.091796875,11470.1748046875
17265.8828125,11567.3583984375
17232.859375,11659.86328125
17205.890625,11758.8974609375
17173.818359375,11859.18359375
21070,11800
21104.26953125,11713.9296875
21144.365234375,11619.80859375
21191.390625,11532.6181640625
21233.537109375,11466.5341796875
21283.64453125,11376.6962890625
21340.4375,11291.2314453125
21399.181640625,11206.7548828125
21462.0546875,11125.5888671875
21505.646484375,11033.01171875
21568.8515625,10952.111328125
21619.337890625,10867.6494140625
21672.01171875,10779.87890625
21729.029296875,10705.201171875
21770.693359375,10615.9111328125
21820.943359375,10526.2138671875
21874.779296875,10438.556640625
21922.107421875,10354.599609375
21983.162109375,10275.1474609375
22041.853515625,10192.583984375
22099.744140625,10107.8076171875
22170.39453125,10033.322265625
22234.45703125,9965.9169921875
22297.408203125,9947.111328125
22249.0625,10034.5849609375
22192.466796875,10120.1416015625
22144.171875,10210.97265625
22084.888671875,10293.107421875
22019.345703125,10372.115234375
21965.671875,10459.8505859375
21916.083984375,10549.353515625
21860.677734375,10635.6875
21810.021484375,10722.4150390625
21766.169921875,10810.919921875
21712.265625,10891.7080078125
21643.498046875,10961.31640625
21608.037109375,11051.8115234375
21554.9453125,11139.775390625
21491.79296875,11220.859375
21440.91796875,11309.6982421875
21380.96875,11392.6767578125
21336.630859375,11482.65234375
21333.5078125,11568.6552734375
21263.744140625,11627.9384765625
21211.37109375,11710.3515625
21159.998046875,11797.1875
21101.7734375,11868.111328125
17770,11712
17746.189453125,11612.5126953125
17763.455078125,11508.7919921875
17817.9140625,11420.626953125
17886.306640625,11342.7080078125
17904.91015625,11266.427734375
17923.505859375,11215.8564453125
18024.58203125,11242.708984375
18088.875,11318.546875
18025.935546875,11398.2734375
18010.03125,11502.3388671875
17994.203125,11606.29296875
17955.412109375,11699.35546875
17859.6484375,11715.291015625
17519,11665
17464.501953125,11580.763671875
17452.220703125,11477.3876953125
17459.138671875,11371.6435546875
17489.587890625,11270.5107421875
17549.26171875,11216.34375
17633.1484375,11208.9765625
17619.90234375,11310.9638671875
17607.06640625,11414.9951171875
17596.6171875,11520.439453125
17588.86328125,11626.13671875
18332,11580
18267.4609375,11504.3984375
18267.56640625,11398.0009765625
18283.013671875,11292.4482421875
18303.71484375,11187.7783203125
18350.099609375,11108.509765625
18426.783203125,11039.693359375
18492.44921875,11089.7412109375
18480.189453125,11194.5244140625
18479.76953125,11300.2177734375
18472.046875,11392.3671875
18444.166015625,11457.064453125
18402.78125,11529.1767578125
13544,11442
13534.0390625,11343.447265625
13564.015625,11248.021484375
13581.568359375,11157.9765625
13619.9052734375,11068.6650390625
13637.0029296875,10970.1181640625
13675.9375,10879.3330078125
13716.302734375,10801.380859375
13729.0078125,10703.037109375
13756.9599609375,10612.6875
13826.4404296875,10583.8564453125
13837.681640625,10678.7470703125
13789.244140625,10760.0810546875
13788.564453125,10839.0390625
13761.4248046875,10935.763671875
13732.8974609375,11025.587890625
13700.6826171875,11121.568359375
13667.607421875,11216.271484375
13643.1103515625,11312.76953125
13617.833984375,11408.9423828125
10629,11402
10552.4990234375,11336.103515625
10647.5009765625,11342.56640625
10644.5263671875,11286.09765625
10583.654296875,11200.0029296875
10517.5869140625,11117.8212890625
10464.259765625,11027.8203125
10410.87109375,10938.802734375
10348.8408203125,10853.8173828125
10379.638671875,10800.943359375
10452.267578125,10871.2294921875
10512.4921875,10937.828125
10578.2431640625,11011.6005859375
10640.9072265625,11096.4560546875
10706.57421875,11178.9736328125
10762.375,11263.181640625
10826.2802734375,11334.732421875
10833.603515625,11437.98046875
10728.1484375,11435.3955078125
15158,11403
15115.9580078125,11314.1884765625
15109.8115234375,11212.9052734375
15122.3095703125,11113.2177734375
15135.4423828125,11012.2861328125
15160.4560546875,10913.50390625
15196.2666015625,10818.310546875
15262.9619140625,10756.8681640625
15337.2529296875,10776.9384765625
15309.0517578125,10872.078125
15282.943359375,10970.5234375
15277.8408203125,11067.59765625
15265.0595703125,11165.83203125
15258.9521484375,11267.3759765625
15241.7861328125,11367.3837890625
18616,11395
18555.3671875,11321.1083984375
18572.232421875,11230.0478515625
18577.982421875,11131.5400390625
18594.4453125,11075.0400390625
18687.74609375,11043.91015625
18749.33203125,11111.6259765625
18691.296875,11189.2958984375
18696.2265625,11287.3642578125
18701.021484375,11386.228515625
6499,11338
6435.30859375,11261.9619140625
6376.9970703125,11182.0283203125
6389.27587890625,11100.017578125
6474.95263671875,11125.982421875
6549.39013671875,11191.5703125
6600.15576171875,11268.83203125
6659.93798828125,11341.36328125
6579.91455078125,11389.9814453125
11844,11172
11803.626953125,11080.0166015625
11759.509765625,10987.947265625
11716.0361328125,10895.970703125
11658.8515625,10810.5205078125
11619.5166015625,10718.978515625
11580.4384765625,10627.2431640625
11530.7392578125,10537.9931640625
11480.271484375,10450.5966796875
11423.1962890625,10365.205078125
11373.384765625,10280.001953125
11364.6806640625,10195.1142578125
11292.955078125,10139.8720703125
11232.935546875,10056.474609375
11187.51171875,9966.01953125
11128.0361328125,9884.7451171875
11067.88671875,9801.21875
11009.23046875,9719.84765625
10960.5849609375,9635.5009765625
10933.5087890625,9568.4912109375
10866.0703125,9499.9931640625
10815.486328125,9411.0703125
10752.2333984375,9330.0048828125
10692.4501953125,9250.46875
10637.40234375,9164.6591796875
10575.263671875,9092.2109375
10547.0361328125,8998.380859375
10492.73828125,8970.8154296875
10487.84765625,8881.9638671875
10439.6494140625,8916.84765625
10377.138671875,8837.689453125
10320.0322265625,8755.6455078125
10257.5068359375,8679.4736328125
10226.1484375,8583.7744140625
10145.3564453125,8522.74609375
10086.8779296875,8441.546875
10111.2626953125,8382.931640625
10149.9443359375,8474.9638671875
10213.2490234375,8490.2568359375
10273.970703125,8566.2861328125
10337.4267578125,8646.6884765625
10399.505859375,8728.771484375
10438.9033203125,8820.931640625
10520.529296875,8881.8818359375
10576.0703125,8967.025390625
10607.296875,9017.6708984375
10673.279296875,9096.54296875
10735.5498046875,9176.185546875
10791.517578125,9255.9501953125
10835.32421875,9345.6435546875
10884.8486328125,9430.484375
10947.6064453125,9488.0029296875
11006.5888671875,9564.3251953125
11060.7861328125,9649.16015625
11116.22265625,9729.6953125
11168.8486328125,9798.9853515625
11235.4970703125,9874.13671875
11286.171875,9963.685546875
11334.869140625,10054.263671875
11377.314453125,10145.8994140625
11441.7275390625,10214.0673828125
11489.822265625,10304.8427734375
11549.2998046875,10388.7041015625
11600.7763671875,10477.8134765625
11628.25,10570.7431640625
11687.00390625,10641.0751953125
11735.2939453125,10730.154296875
11766.2421875,10828.2021484375
11811.513671875,10919.837890625
11855.8037109375,11012.779296875
11889.0771484375,11109.6220703125
15970,11151
15909.083984375,11067.5703125
15892.45703125,10961.626953125
15879.849609375,10858.1416015625
15892.396484375,10790.73046875
15986.9404296875,10792.7119140625
16010.5234375,10895.3134765625
16032.833984375,11000.4736328125
16038.134765625,11107.9462890625
18830,11104
18795.95703125,11011.4873046875
18826.337890625,10907.625
18892.96875,10868.8935546875
18988.318359375,10889.228515625
18961.3984375,10994.0146484375
18903.0234375,11081.6728515625
6232,11050
6162.029296875,10965.2080078125
6243.8583984375,10919.4482421875
6304.30029296875,10962.0166015625
6329.9052734375,11061.1025390625
19441,10976
19421.896484375,10888.5908203125
19518.572265625,10841.9130859375
19620.548828125,10824.6875
19709.09375,10874.0302734375
19639.97265625,10949.341796875
19548.21484375,10979.1083984375
16207,10929
16151.34765625,10838.4912109375
16130.59765625,10731.978515625
16125.806640625,10629.1337890625
16205.03515625,10616.091796875
16264.0625,10705.26171875
16271.236328125,10813.033203125
16294.533203125,10916.7509765625
9360,10839
9263.9423828125,10791.99609375
9300.29296875,10726.3701171875
9408.068359375,10739.4228515625
9458.1083984375,10826.833984375
10650,10761
10552.1669921875,10714.5625
10475.1259765625,10641.724609375
10476.630859375,10562.5068359375
10579.2236328125,10596.6728515625
10655.9169921875,10671.1201171875
10736.638671875,10725.8896484375
6405,10716
6339.9404296875,10637.72265625
6286.80126953125,10547.828125
6308.5888671875,10480.4658203125
6410.71875,10509.88671875
6471.96044921875,10571.42578125
6476.46826171875,10677.9169921875
19509,10684
19446.908203125,10604.1689453125
19528.5390625,10543.7509765625
19589.97265625,10574.517578125
19566.109375,10672.931640625
21448,10669
21413.3203125,10588.501953125
21476.466796875,10522.4794921875
21559.609375,10470.03515625
21655.677734375,10453.546875
21753.6328125,10462.6650390625
21770.98828125,10534.0322265625
21675.697265625,10558.3955078125
21582.48828125,10589.2607421875
21518.130859375,10662.1962890625
14788,10615
14776.7099609375,10540.259765625
14793.1240234375,10446.146484375
14819.4638671875,10346.873046875
14832.1865234375,10244.8583984375
14845.6142578125,10142.986328125
14849.5029296875,10040.2392578125
14850.71875,9937.419921875
14850.1435546875,9834.5947265625
14847.267578125,9731.8115234375
14837.6240234375,9629.537109375
14839.083984375,9527.7021484375
14828.5810546875,9425.4658203125
14823.6982421875,9324.5654296875
14819.7099609375,9221.83203125
14815.068359375,9119.119140625
14830.4580078125,9020.9033203125
14829.361328125,8919.580078125
14840.6201171875,8829.5
14929.4970703125,8811.1787109375
14985.11328125,8891.2138671875
14962.7314453125,8985.8623046875
15046.30859375,8964.416015625
15088.1796875,9038.923828125
15097.2109375,9138.142578125
15116.66796875,9237.962890625
15120.765625,9340.693359375
15120.365234375,9443.5166015625
15112.345703125,9545.923828125
15080.2041015625,9643.1142578125
15028.5126953125,9718.5498046875
14977.251953125,9783.046875
14970.642578125,9870.99609375
14994.0126953125,9961.533203125
15006.71875,10061.6884765625
14972.552734375,10130.732421875
14962.5048828125,10227.7705078125
14953.716796875,10326.7646484375
14944.1953125,10422.83203125
14919.9267578125,10520.3271484375
14871.751953125,10607.2373046875
20975,10542
20921.197265625,10470.236328125
20968.16015625,10380.451171875
21037.240234375,10303.921875
21130.1015625,10270.87890625
21185.341796875,10338.5517578125
21125.400390625,10421.1640625
21056.89453125,10498.21875
9294,10509
9231.73828125,10451.1845703125
9203.033203125,10390.5517578125
9276.1806640625,10357.4599609375
9361.0810546875,10397.1904296875
9369.2783203125,10484.37109375
17030,10467
16976.318359375,10381.1220703125
16975.55859375,10273.5341796875
16982.46875,10166.1591796875
17013.005859375,10064.48828125
17102.626953125,10034.2919921875
17139.583984375,10126.3544921875
17120.60546875,10232.1181640625
17106.064453125,10336.7314453125
17107.55859375,10434
10960,10456
10863.732421875,10423.0888671875
10768.1328125,10381.337890625
10704.6943359375,10312.873046875
10790.11328125,10283.080078125
10879.634765625,10334.2900390625
10972.71484375,10377.6923828125
11031.443359375,10416.580078125
17505,10387
17465.1640625,10296.0595703125
17483.662109375,10200.705078125
17489.71875,10110.9443359375
17503.177734375,10011.5771484375
17595.34765625,9987.4912109375
17615.8515625,10079.87890625
17604.12890625,10163.2861328125
17574.59765625,10256.6826171875
17579.763671875,10349.9853515625
18127,10373
18104.5859375,10277.66796875
18090.390625,10175.521484375
18075.083984375,10072.7177734375
18115.994140625,9993.7568359375
18194.609375,10043.7509765625
18211.240234375,10132.5703125
18206.203125,10237.548828125
18211.599609375,10342.7060546875
16310,10343
16290.212890625,10258.947265625
16314.9833984375,10161.50390625
16340.4384765625,10064.3017578125
16359.9482421875,9965.66796875
16381.599609375,9867.5244140625
16441.873046875,9802.21484375
16485.115234375,9888.033203125
16493.21875,9986.890625
16484.30859375,10086.998046875
16472.033203125,10186.55078125
16442.767578125,10270.0732421875
16402.0439453125,10357.4619140625
6498,10309
6488.93994140625,10201.1494140625
6550.45166015625,10122.376953125
6619.857421875,10184.34765625
6592.62255859375,10287.1162109375
20668,10293
20616.6484375,10220.44140625
20660.61328125,10126.1953125
20707.033203125,10033.1298828125
20746.736328125,9938.056640625
20809.16015625,9855.3203125
20871.326171875,9780.47265625
20938.9921875,9792.080078125
20949.80859375,9877.0546875
20890.53515625,9958.986328125
20840.671875,10048.623046875
20793.2265625,10138.208984375
20737.142578125,10224.69921875
19563,10251
19487.83203125,10247.2900390625
19394.03515625,10199.271484375
19438.396484375,10117.41015625
19535.017578125,10115.4306640625
19597.734375,10201.173828125
20244,10213
20277.16015625,10115.162109375
20313.978515625,10017.435546875
20359.505859375,9924.2119140625
20393.119140625,9825.5966796875
20431.05078125,9728.5068359375
20453.099609375,9627.5888671875
20471.134765625,9527.00390625
20508.67578125,9431.9296875
20524.34765625,9332.142578125
20532.7890625,9238.2021484375
20543.98046875,9136.4521484375
20541.09375,9033.2509765625
20548.1796875,8929.1494140625
20546.443359375,8824.72265625
20551.00390625,8723.2822265625
20558,8623.609375
20558.96484375,8519.318359375
20564.1875,8415.12109375
20608.90234375,8422.3134765625
20618.232421875,8526.271484375
20631.787109375,8629.7490234375
20636.21484375,8734.0830078125
20627.9921875,8837.859375
20640.5703125,8937.7919921875
20633.064453125,9041.4267578125
20615.408203125,9139.2880859375
20618.3125,9241.7548828125
20600.947265625,9344.728515625
20589.9921875,9441.0029296875
20564.02734375,9539.83203125
20555.33984375,9632.9306640625
20520.802734375,9729.427734375
20539.46484375,9815.392578125
20476.60546875,9896.388671875
20423.91796875,9985.640625
20388.2421875,10080.7822265625
20344.908203125,10166.6787109375
20290.802734375,10249.8681640625
15719,10247
15691.48046875,10155.8271484375
15703.0234375,10060.3896484375
15760.7431640625,9998.0009765625
15826.8720703125,10026.06640625
15817.5791015625,10122.080078125
15787.1328125,10212.3876953125
6988,10214
7013.07275390625,10117.53515625
7103.40625,10093.724609375
7142.05224609375,10183.9208984375
7070.2568359375,10247.400390625
9088,10216
9040.7822265625,10137.5283203125
9086.6015625,10059.3203125
9167.673828125,10052.150390625
9222.1796875,10123.60546875
9157.2919921875,10188.310546875
19041,10161
19076.423828125,10064.3291015625
19148.44140625,9993.291015625
19194.115234375,9899.0517578125
19283.037109375,9849.083984375
19388.435546875,9828.8427734375
19482.232421875,9834.984375
19469.099609375,9910.4501953125
19385.666015625,9970.208984375
19301.958984375,10033.9033203125
19220.0078125,10088.486328125
19130.595703125,10135.0498046875
6273,9948
6238.74462890625,9859.01171875
6193.66650390625,9776.7265625
6267.607421875,9720.017578125
6339.48583984375,9776.396484375
6357.77392578125,9874.3564453125
6320.3623046875,9950.3037109375
13600,9880
13532.98046875,9797.515625
13524.4775390625,9696.123046875
13466.0068359375,9667.5283203125
13444.9365234375,9670.0126953125
13445.2470703125,9580.1845703125
13475.099609375,9488.439453125
13446.396484375,9388.1123046875
13532.640625,9335.5546875
13603.2734375,9385.2353515625
13612.8916015625,9491.5009765625
13618.115234375,9598.109375
13632.8388671875,9703.4755859375
13635.697265625,9810.1513671875
9010,9825
8941.0048828125,9753.607421875
8980.4775390625,9682.740234375
9080.0751953125,9675.33203125
9155.4970703125,9698.7431640625
9154.923828125,9796.7646484375
9087.8427734375,9808.525390625
13839,9749
13794.3515625,9666.0341796875
13804.1552734375,9565.1689453125
13808.9228515625,9463.802734375
13815.9013671875,9362.630859375
13815.943359375,9263.4833984375
13875.15625,9193.884765625
13943.9736328125,9241.3447265625
13952.28515625,9341.3447265625
13927.775390625,9438.806640625
13957.9716796875,9531.86328125
13945.166015625,9631.7666015625
13922.966796875,9730.6279296875
11915,9737
11876.466796875,9638.548828125
11849.076171875,9535.9150390625
11818.7080078125,9434.146484375
11781.9970703125,9335.9501953125
11744.193359375,9240.42578125
11729.0888671875,9138.126953125
11695.11328125,9040.4423828125
11766.947265625,9048.71484375
11817.7392578125,9137.548828125
11853.58984375,9226.646484375
11888.5009765625,9314.671875
11931.4375,9410.7919921875
11959.353515625,9513.013671875
11991.0263671875,9611.6318359375
11982.7607421875,9707.736328125
20117,9740
20055.025390625,9674.212890625
20110.609375,9604.7099609375
20210.140625,9616.3095703125
20284.318359375,9691.8955078125
20215.9765625,9754.9775390625
11629,9709
11544.6494140625,9667.453125
11466.0576171875,9606.33203125
11387.341796875,9545.8408203125
11303.6337890625,9494.2861328125
11228.59765625,9423.36328125
11283.0830078125,9342.7138671875
11382.216796875,9367.998046875
11470.3623046875,9424.349609375
11551.7724609375,9489.453125
11610.65234375,9572.921875
11704.494140625,9615.2919921875
11721.625,9713.11328125
17174,9633
17174.931640625,9530.41796875
17211.376953125,9433.326171875
17237.609375,9332.955078125
17273.1171875,9235.7783203125
17329.796875,9152.3203125
17390.42578125,9070.7255859375
17465.03125,9001.5615234375
17551.4453125,8950.857421875
17629.171875,8902.259765625
17684.642578125,8957.013671875
17605.640625,9022.220703125
17527.685546875,9090.4228515625
17464.1328125,9167.9853515625
17408.048828125,9254.8291015625
17359.09765625,9341.431640625
17329.794921875,9435.12890625
17302.60546875,9528.91015625
17273.62109375,9626.99609375
17213.955078125,9699.1328125
19210,9659
19120.216796875,9616.3212890625
19151.619140625,9526.91796875
19255.10546875,9505.9326171875
19354.849609375,9473.4423828125
19417.712890625,9521.6083984375
19349.01171875,9581.2265625
19307.693359375,9663.9052734375
12176,9650
12101.30078125,9584.5341796875
12068.8330078125,9488.044921875
12028.5888671875,9394.4794921875
12039.10546875,9319.283203125
11991.7490234375,9228.4091796875
11985.7216796875,9132.02734375
12031.5302734375,9105.787109375
12098.1748046875,9183.556640625
12120.599609375,9277.9921875
12139.9296875,9359.3505859375
12193.21484375,9433.1318359375
12215.85546875,9532.8662109375
12248.810546875,9616.5029296875
18244,9627
18203.1015625,9532.4111328125
18180.951171875,9433.8076171875
18157.68359375,9336.560546875
18147.578125,9235.3974609375
18133.640625,9133.2783203125
18157.21484375,9033.240234375
18164.21875,8930.6796875
18189.638671875,8831.7578125
18247.841796875,8748.791015625
18285.521484375,8659.34375
18366.626953125,8601.998046875
18453.8828125,8551.99609375
18550.423828125,8539.2431640625
18649.037109375,8508.75
18691.029296875,8427.80859375
18720.830078125,8328.8916015625
18736.84375,8227.0615234375
18784.064453125,8144.39599609375
18859.361328125,8127.9638671875
18956.3828125,8093.25341796875
19032.51953125,8051.849609375
18932.189453125,8055.67138671875
18834.8984375,8052.10302734375
18785.61328125,7967.07275390625
18878.72265625,7928.2978515625
18980.666015625,7912.56884765625
19074.685546875,7945.65380859375
19095.58203125,8033.51806640625
19103.130859375,8081.064453125
19177.525390625,8148.001953125
19183.216796875,8245.796875
19174.609375,8301.810546875
19252.53515625,8367.4501953125
19301.904296875,8448.7021484375
19258.60546875,8497.150390625
19157.205078125,8508.3994140625
19181.6875,8597.3291015625
19146.822265625,8694.392578125
19102.689453125,8785.3408203125
19093.361328125,8874.3095703125
19182.373046875,8921.6904296875
19185.70703125,9013.53515625
19088.521484375,9044.544921875
18985.41796875,9051.048828125
18894.35546875,9011.470703125
18807.021484375,8979.0751953125
18715.359375,9018.048828125
18616.634765625,9047.6142578125
18516.201171875,9031.8134765625
18566.501953125,8985.107421875
18646.939453125,8929.3779296875
18733.654296875,8911.9248046875
18831.86328125,8880.7041015625
18906.341796875,8842.1796875
18944.2734375,8747.615234375
18988.6171875,8658.869140625
19045.837890625,8576.8046875
19039.166015625,8520.8212890625
18937.6640625,8539.728515625
18835.1171875,8552.365234375
18744.791015625,8592.9873046875
18642.5078125,8605.1484375
18546.673828125,8633.357421875
18450.7578125,8660.18359375
18369.919921875,8707.4873046875
18353.375,8802.9443359375
18309.71875,8891.4072265625
18315.169921875,8992.919921875
18288.28125,9092.1416015625
18288.59765625,9195.4248046875
18289.375,9298.759765625
18289.916015625,9402.0322265625
18306.056640625,9501.2666015625
18303.763671875,9603.28515625
18250.052734375,9635.6005859375
18906.552734375,8367.1767578125
18955.154296875,8288.4248046875
18946.6484375,8212.18359375
18887.423828125,8249.1728515625
18877.912109375,8338.541015625
18851.154296875,8436.609375
15211,9621
15159.9306640625,9536.9931640625
15168.962890625,9436.111328125
15181.5869140625,9334.81640625
15188.2822265625,9232.9619140625
15194.6123046875,9131.0673828125
15200.12109375,9029.13671875
15200.796875,8927.056640625
15207.111328125,8835.591796875
15283.822265625,8833.6923828125
15356.7802734375,8902.6357421875
15362.7265625,9002.5634765625
15344.87109375,9102.8427734375
15334.609375,9200.923828125
15342.7353515625,9297.630859375
15330.1845703125,9398.9453125
15320.203125,9500.5390625
15293.1435546875,9594.875
15784,9599
15756.9501953125,9509.1962890625
15761.875,9407.47265625
15754.029296875,9308.6337890625
15756.93359375,9206.8671875
15752.2431640625,9105.5234375
15762.171875,9008.857421875
15774.384765625,8907.7861328125
15808.134765625,8814.1201171875
15890.2880859375,8805.3154296875
15912.234375,8890.9189453125
15910.560546875,8991.349609375
15951.37890625,9084.5537109375
15981.0068359375,9180.45703125
15920.228515625,9246.0234375
15901.865234375,9322.7509765625
15896.44140625,9424.4541015625
15894.0654296875,9526.265625
15881.7880859375,9610.6962890625
6188,9588
6097.05224609375,9535.2138671875
6015.35400390625,9464.15234375
5970.87353515625,9371.9892578125
6036.4599609375,9306.4931640625
6136.52734375,9347.666015625
6201.1513671875,9428.3681640625
6249.70166015625,9520.2822265625
14372,9537
14322.1630859375,9452.142578125
14314.4736328125,9349.3740234375
14319.0556640625,9251.5869140625
14322.3095703125,9148.576171875
14394.2744140625,9095.2060546875
14447.6953125,9106.6103515625
14497.7998046875,9149.7998046875
14566.4287109375,9079.4326171875
14658.71484375,9111.91796875
14670.9794921875,9207.4453125
14666.666015625,9310.451171875
14663.962890625,9413.5146484375
14642.6083984375,9507.8681640625
14552.7099609375,9495.708984375
14516.8427734375,9406.9951171875
14513.150390625,9303.970703125
14494.0126953125,9204.5390625
14474.09375,9302.2138671875
14475.4560546875,9404.294921875
14452.6416015625,9503.421875
14103,9491
14050.5849609375,9413.2236328125
14040.1962890625,9326.591796875
14055.6279296875,9233.9765625
14055.353515625,9144.353515625
14121.17578125,9097.681640625
14185.2998046875,9169.7822265625
14196.3349609375,9267.5986328125
14188.734375,9364.1005859375
14174.6064453125,9457.958984375
18371,9434
18343.94921875,9339.01953125
18331.0234375,9249.1455078125
18368.076171875,9167.9931640625
18440.17578125,9122.3486328125
18507.232421875,9187.29296875
18483.041015625,9274.3984375
18480.669921875,9374.27734375
18456.193359375,9466.3251953125
19543,9406
19559.74609375,9327.4638671875
19640.31640625,9270.951171875
19736.5234375,9240.046875
19831.283203125,9236.2646484375
19902.86328125,9294.2841796875
19832.724609375,9334.4873046875
19738.072265625,9371.8017578125
19639.8515625,9398.0615234375
19200,9401
19102.220703125,9382.7451171875
19013.5078125,9342.9072265625
18997.62890625,9271.53125
18996.673828125,9182.583984375
19064.625,9127.0205078125
19156.478515625,9159.22265625
19211.40234375,9240.5908203125
19231.6796875,9336.548828125
8744,9335
8785.0380859375,9244.59765625
8853.77734375,9170.587890625
8939.4833984375,9172.5087890625
8932.61328125,9259.3955078125
8889.23046875,9333.1787109375
8817.580078125,9297.7109375
15576,9335
15529.4609375,9258.0029296875
15548.375,9159.6650390625
15559.4931640625,9061.4287109375
15569.0068359375,8962.6376953125
15618.5859375,8914.6796875
15715.931640625,8919.216796875
15710.0947265625,9007.8291015625
15699.8076171875,9106.7919921875
15670.4580078125,9199.970703125
15653.9990234375,9295.57421875
16543,9220
16531.130859375,9129.0947265625
16541.1875,9032.509765625
16554.181640625,8934.287109375
16584,8840.2060546875
16669.96484375,8831.1015625
16676.099609375,8919.03125
16642.244140625,9003.6142578125
16628.8984375,9096.5703125
16614.107421875,9194.396484375
6061,9204
6019.39208984375,9114.36328125
6039.6201171875,9019.6806640625
6080.98974609375,8948.2607421875
6166.4287109375,8965.833984375
6202.3662109375,9051.470703125
6183.23486328125,9146.7958984375
6156.11328125,9222.64453125
13840,9163
13814.556640625,9061.064453125
13808.1923828125,8956.185546875
13802.4248046875,8868.3994140625
13788.376953125,8764.22265625
13790.8115234375,8659.5224609375
13776.728515625,8555.8193359375
13765.513671875,8451.162109375
13752.6259765625,8346.73046875
13743.8515625,8245.58984375
13716.791015625,8161.6689453125
13792.8056640625,8131.02197265625
13803.65234375,8215.890625
13822.47265625,8318.9296875
13828.8720703125,8404.583984375
13855.7890625,8499.244140625
13869.9248046875,8597.09375
13883.291015625,8699.0185546875
13886.169921875,8801.2060546875
13901.9169921875,8904.6845703125
13903.9189453125,9009.9140625
13880.068359375,9107.2900390625
8869,9124
8769.7314453125,9078.8583984375
8753.78515625,8971.8681640625
8821.0068359375,8910.0126953125
8883.8349609375,8968.6279296875
8913.1767578125,9073.1708984375
12096,8958
12105.390625,8850.1103515625
12173.0224609375,8776.43359375
12241.3486328125,8802.205078125
12329.8779296875,8853.8505859375
12275.2236328125,8933.0087890625
12168.4599609375,8943.6865234375
6349,8903
6260.5205078125,8850.3046875
6223.51220703125,8792.6572265625
6304.29736328125,8739.8974609375
6383.9091796875,8738.11328125
6451.06982421875,8773.6298828125
6440.0869140625,8875.3125
8592,8840
8547.138671875,8780.732421875
8607.4765625,8731.537109375
8657.802734375,8717.4365234375
8739.4296875,8763.400390625
8762.298828125,8851.7490234375
8675.103515625,8877.662109375
8319,8763
8273.921875,8680.5810546875
8377.880859375,8674.5126953125
8455.3017578125,8725.1572265625
8411.462890625,8792.4501953125
6616,8729
6541.35498046875,8665.7724609375
6585.63818359375,8584.2158203125
6686.1259765625,8555.560546875
6733.021484375,8624.83984375
6707.78857421875,8730.8564453125
9000,8725
8927.99609375,8670.1640625
8955.935546875,8585.85546875
9052.9248046875,8559.9716796875
9117.6181640625,8624.140625
9091.798828125,8708.6416015625
16725,8710
16650.48828125,8649.888671875
16680.400390625,8552.4521484375
16710.32421875,8454.2041015625
16742.603515625,8359.41015625
16773.951171875,8261.578125
16828.66015625,8187.29443359375
16927.791015625,8201.06103515625
16923.84375,8278.6875
16897.494140625,8375.626953125
16864.998046875,8472.6396484375
16840.45703125,8566.62109375
16797.060546875,8658.291015625
6911,8687
6840.48828125,8641.64453125
6881.0859375,8569.4833984375
6970.7255859375,8536.3916015625
7067.8505859375,8533.1044921875
7110.58837890625,8565.271484375
7084.5029296875,8655.3857421875
7001.66015625,8683.267578125
7558,8687
7481.6591796875,8623.408203125
7566.62353515625,8575.650390625
7634.279296875,8505.0380859375
7735.38232421875,8497.6142578125
7802.2763671875,8546.060546875
7720.009765625,8604.8076171875
7650.86474609375,8671.79296875
8115,8656
8014.94189453125,8612.134765625
7988.5703125,8512.560546875
8092.7060546875,8487.9482421875
8172.10693359375,8538.599609375
8213.0947265625,8641.5009765625
16224,8657
16210.501953125,8560.67578125
16249.646484375,8472.53515625
16296.6376953125,8382.6884765625
16340.1435546875,8291.8134765625
16380.0068359375,8195.44287109375
16419.564453125,8098.98876953125
16457.865234375,8005.18115234375
16469.353515625,7901.583984375
16469.537109375,7797.4833984375
16468.60546875,7696.7275390625
16481.4765625,7593.62158203125
16502.501953125,7491.72021484375
16541.10546875,7396.11181640625
16592.3125,7401.82275390625
16616.013671875,7500.068359375
16588.5859375,7595.75048828125
16591.431640625,7693.67138671875
16567.451171875,7794.775390625
16574.2421875,7896.83837890625
16571.341796875,8001.0947265625
16566.455078125,8105.27978515625
16531.146484375,8200.0390625
16491.568359375,8291.9716796875
16436.00390625,8379.205078125
16401.2646484375,8456.9462890625
16371.791015625,8550.0791015625
16313.423828125,8634.65234375
17077,8649
17038.3515625,8560.1025390625
17071.4453125,8467.0810546875
17099.294921875,8369.9638671875
17163.5078125,8307.41796875
17258.828125,8285.2744140625
17278.40625,8379.2197265625
17241.904296875,8453.0458984375
17203.7578125,8537.1416015625
17160.84765625,8621.314453125
17897,8646
17857.16015625,8562.5703125
17834.490234375,8471.3486328125
17864.35546875,8377.0732421875
17882.115234375,8296.07421875
17941.091796875,8220.7890625
18012.333984375,8276.6865234375
18044.083984375,8345.5166015625
17998.048828125,8425.5107421875
17975.58203125,8520.693359375
17974.107421875,8615.3076171875
7378,8624
7293.53173828125,8569.01953125
7186.25537109375,8557.9482421875
7173.79833984375,8488.529296875
7270.08447265625,8443.4150390625
7375.91162109375,8465.0439453125
7474.13330078125,8508.4970703125
7455.75244140625,8603.0927734375
18133,8613
18111.05859375,8522.85546875
18146.9375,8431.6396484375
18180.064453125,8330.978515625
18233.400390625,8241.9384765625
18314.31640625,8240.4296875
18311.615234375,8334.22265625
18267.412109375,8415.83203125
18254.396484375,8508.8173828125
18218.873046875,8610.0830078125
12455,8591
12390.294921875,8529.8740234375
12460.00390625,8474.40234375
12531.7470703125,8492.8173828125
12540.1298828125,8558.55078125
17643,8545
17606.931640625,8461.7783203125
17642.181640625,8366.2177734375
17735.3203125,8357.337890625
17773.294921875,8435.6162109375
17720.08984375,8521.484375
17355,8519
17348.0859375,8418.375
17426.16015625,8363.33984375
17495.220703125,8347.576171875
17519.03515625,8449.716796875
17444.609375,8522.71875
18416,8511
18382.67578125,8420.31640625
18401.01171875,8318.5634765625
18434.884765625,8220.9970703125
18466.169921875,8125.6474609375
18541.326171875,8055.94140625
18602.29296875,8082.83349609375
18576.083984375,8182.5458984375
18554.162109375,8283.232421875
18539.013671875,8385.4951171875
18500.6875,8481.1474609375
14420,8425
14356.0234375,8348.4462890625
14310.5234375,8256.435546875
14258.0048828125,8164.01025390625
14206.5849609375,8070.330078125
14139.8544921875,7987.5478515625
14083.2841796875,7898.423828125
14121.412109375,7822.197265625
14202.7470703125,7888.1103515625
14269.3837890625,7971.67529296875
14325.7939453125,8062.2744140625
14369.501953125,8159.61669921875
14416.4208984375,8253.658203125
14453.5341796875,8353.4892578125
13215,8390
13165.65234375,8309.314453125
13133.154296875,8216.5234375
13115.478515625,8117.0712890625
13087.4228515625,8027.15771484375
13078.814453125,7931.75537109375
13115.1396484375,7876.03271484375
13182.1611328125,7902.9228515625
13200.4833984375,7999.67431640625
13221.501953125,8097.5185546875
13248.5810546875,8193.99853515625
13265.4501953125,8293.6025390625
13277.8251953125,8393.896484375
10007,8371
9961.48046875,8278.3955078125
9888.4033203125,8217.4658203125
9835.4765625,8137.029296875
9750.9599609375,8090.63623046875
9841.880859375,8079.76220703125
9876.2822265625,8139.2236328125
9959.6103515625,8201.833984375
10023.47265625,8286.0380859375
10058.5869140625,8367.4609375
14850,8255
14798.365234375,8169.328125
14791.072265625,8064.7275390625
14791.21875,7959.3203125
14789.853515625,7853.92041015625
14796.7353515625,7749.0380859375
14821.8779296875,7646.806640625
14839.419921875,7550.8876953125
14893.1328125,7471.9111328125
14964.4990234375,7548.3095703125
14958.0400390625,7647.931640625
14934.837890625,7749.9794921875
14937.779296875,7828.33984375
14917.4951171875,7930.23876953125
14892.8994140625,8003.98486328125
14917.1259765625,8104.78076171875
14912.7392578125,8209.3125
12795,8174
12695.490234375,8165.84912109375
12600.787109375,8142.68115234375
12648.36328125,8080.43212890625
12743.748046875,8073.93603515625
12834.3642578125,8110.11181640625
12891.8466796875,8178.8662109375
17775,7990
17719.7109375,7928.9912109375
17761.431640625,7834.8271484375
17821.447265625,7755.79052734375
17920.49609375,7780.20751953125
17902.35546875,7856.818359375
17855.43359375,7944.552734375
13946,7960
13914.169921875,7869.0810546875
13873.0078125,7783.01806640625
13824.837890625,7694.20361328125
13793.72265625,7604.69140625
13749.568359375,7514.736328125
13699.76953125,7427.77880859375
13652.583984375,7342.72705078125
13604.5029296875,7252.4912109375
13536.9775390625,7178.47314453125
13521.0966796875,7084.50537109375
13545.2265625,7038.87890625
13623.423828125,7085.52685546875
13658.1611328125,7152.46533203125
13705.1220703125,7239.09619140625
13769.5419921875,7317.775390625
13821.255859375,7404.87646484375
13850.8642578125,7502.74365234375
13892.875,7591.86279296875
13950.3349609375,7675.5185546875
13974.439453125,7774.80224609375
14003.740234375,7865.97314453125
14026.38671875,7964.90234375
15924,7895
15891.5751953125,7804.58349609375
15884.9677734375,7703.37646484375
15874.240234375,7601.84765625
15870.3212890625,7499.732421875
15869.2177734375,7397.5458984375
15871.0439453125,7295.37255859375
15880.2822265625,7193.71484375
15909.9716796875,7096.041015625
15975.93359375,7098.005859375
15974.1572265625,7198.46728515625
15970.046875,7298.71337890625
15997.974609375,7395.8837890625
15997.8408203125,7498.0654296875
16009.4365234375,7598.83837890625
15996.70703125,7696.685546875
16014.0361328125,7795.21728515625
15999.0205078125,7889.0068359375
19034,7878
19033.15625,7774.66943359375
18947.84375,7712.9501953125
18895.630859375,7630.28466796875
18986.861328125,7584.87255859375
19073.814453125,7634.37646484375
19100.23828125,7738.26806640625
19186.126953125,7788.99951171875
19137.6796875,7879.8564453125
17102,7844
17063.4296875,7745.72509765625
17040.36328125,7640.9384765625
17027.86328125,7534.70654296875
17055.119140625,7440.47998046875
17132.75,7399.95361328125
17199.84765625,7449.03076171875
17166.275390625,7548.31982421875
17176.0234375,7655.287109375
17189.37890625,7761.84326171875
17194.009765625,7864.7109375
15290,7620
15256.8037109375,7541.50048828125
15228.623046875,7444.60546875
15231.3271484375,7342.39208984375
15228.150390625,7240.18310546875
15239.4326171875,7148.89892578125
15333.8173828125,7112.478515625
15353.78125,7201.052734375
15351.5244140625,7303.22705078125
15358.7255859375,7400.5009765625
15364.7421875,7502.5576171875
15367.7607421875,7603.53662109375
13226,7585
13168.361328125,7508.55126953125
13252.9560546875,7466.34033203125
13326.5,7512.18310546875
13322.44921875,7604.2861328125
18975,7511
18888.408203125,7458.15673828125
18815.82421875,7391.51025390625
18867.05859375,7323.64697265625
18831.89453125,7246.7666015625
18897.0390625,7175.62939453125
18985.162109375,7127.19140625
19083.138671875,7102.5947265625
19070.494140625,7050.099609375
19005.95703125,6971.83642578125
18931.021484375,6917.10986328125
18858.275390625,6982.85546875
18766.224609375,6947.95166015625
18747.361328125,6858.240234375
18844.654296875,6833.85693359375
18932.814453125,6795.6123046875
19032.810546875,6784.5146484375
19086.125,6764.99755859375
19147.8046875,6706.53369140625
19235.94921875,6673.6396484375
19327.994140625,6647.32373046875
19428.99609375,6666.18896484375
19496.177734375,6616.8154296875
19486.4921875,6523.42041015625
19581.13671875,6513.82861328125
19646.88671875,6583.6494140625
19731.1171875,6616.669921875
19764.607421875,6707.2158203125
19681.841796875,6760.31884765625
19588.32421875,6798.08544921875
19491.5546875,6772.39501953125
19529.349609375,6811.48974609375
19572.658203125,6899.1015625
19499.82421875,6935.45068359375
19411.05078125,6884.3310546875
19330,6850.47265625
19323.6953125,6947.40771484375
19271.576171875,6978.865234375
19242.50390625,7076.7568359375
19202.5078125,7169.3046875
19162.353515625,7259.72802734375
19101.041015625,7270.16796875
19105.37109375,7346.97314453125
19207.763671875,7345.06103515625
19252.642578125,7415.65771484375
19174.30078125,7477.57080078125
19075.826171875,7506.892578125
13815,7130
13738.9716796875,7054.2724609375
13707.154296875,6951.1201171875
13699.498046875,6844.73095703125
13754.96875,6766.03662109375
13823.6376953125,6823.62744140625
13883.611328125,6909.173828125
13908.955078125,7008.7060546875
13917.2880859375,7112.87841796875
17422,7121
17364.4921875,7054.37109375
17427.787109375,6980.07763671875
17513.771484375,6939.43603515625
17569.15625,7018.1845703125
17511.64453125,7106.66845703125
17927,7114
17875.404296875,7024.1337890625
17881.771484375,6921.0634765625
17953.935546875,6850.634765625
18055.779296875,6867.994140625
18094.35546875,6806.4873046875
18170.015625,6744.0107421875
18255.822265625,6783.6064453125
18295.646484375,6877.7197265625
18377.068359375,6898.10791015625
18457.79296875,6947.802734375
18509.9921875,7030.20654296875
18456.822265625,7110.88818359375
18368.208984375,7078.20751953125
18275.701171875,7048.357421875
18187.515625,7049.93701171875
18101.82421875,7067.34326171875
18027.482421875,7006.17919921875
17987.388671875,7094.49658203125
18603,7092
18530.048828125,7019.9404296875
18506.54296875,6917.0478515625
18525.23046875,6849.13134765625
18564.533203125,6794.39697265625
18649.4765625,6857.98876953125
18708.33984375,6945.46044921875
18749.78125,7037.16064453125
18687.212890625,7104.5244140625
14430,7030
14384.7744140625,6940.0869140625
14387.0654296875,6848.474609375
14394.904296875,6747.46630859375
14385.822265625,6644.8720703125
14377.841796875,6542.18359375
14372.21484375,6439.3974609375
14352.2880859375,6338.4521484375
14314.3740234375,6243.2255859375
14321.318359375,6141.486328125
14378.5966796875,6089.5302734375
14412.638671875,6179.13720703125
14433.994140625,6270.857421875
14478.4658203125,6353.3935546875
14562.115234375,6377.95458984375
14575.3642578125,6474.17236328125
14586.1240234375,6566.7822265625
14525.7529296875,6610.3515625
14541.48046875,6709.50830078125
14546.568359375,6812.3857421875
14551.66796875,6915.11669921875
14521.1630859375,7011.15087890625
14210,7012
14120.8447265625,6993.34423828125
14020.5966796875,6988.5400390625
13936.5009765625,6938.13720703125
13996.7880859375,6888.44873046875
14097.1171875,6888.97998046875
14192.3984375,6916.12646484375
14262.609375,6947.53515625
13764,6745
13689.341796875,6686.50634765625
13647.1318359375,6598.4072265625
13661.9501953125,6518.55810546875
13737.1103515625,6509.78369140625
13829.146484375,6531.0849609375
13833.5517578125,6619.38720703125
13833.9873046875,6715.45166015625
19715,6521
19661.951171875,6441.19384765625
19631.958984375,6351.447265625
19666.86328125,6267.64306640625
19734.712890625,6196.4287109375
19831.892578125,6174.0625
19798.44921875,6097.52978515625
19745.892578125,6021.4873046875
19764.779296875,5929.25244140625
19816.62890625,5857.2314453125
19747.2421875,5781.990234375
19804.171875,5717.87548828125
19905.046875,5720.31787109375
19943.36328125,5811.6162109375
20034.841796875,5816.669921875
20087.25,5893.21875
20008.837890625,5951.67578125
19904.8515625,5955.61328125
19938.07421875,6048.03662109375
19915.27734375,6146.0712890625
19928.537109375,6209.3310546875
19898.107421875,6290.07080078125
19882.83984375,6365.39697265625
19869.513671875,6430.04833984375
19796.123046875,6486.28076171875
13743,6396
13682.99609375,6316.2802734375
13700.728515625,6210.16748046875
13780.552734375,6143.88330078125
13872.6650390625,6156.34765625
13866.9794921875,6255.7958984375
13822.560546875,6353.94580078125
14836,6393
14790.3876953125,6298.9833984375
14774.9033203125,6196.14208984375
14771.12109375,6091.9599609375
14849.02734375,6093.90478515625
14891.138671875,6182.72900390625
14900.115234375,6278.88916015625
14914.9599609375,6377.828125
15045,6346
15022.2119140625,6248.88623046875
15059.5400390625,6158.88671875
15130.7744140625,6097.59716796875
15220.353515625,6056.06396484375
15309.4892578125,6102.39892578125
15240.744140625,6169.08544921875
15197.4638671875,6261.0361328125
15135.8173828125,6333.359375
15615,6184
15561.060546875,6153.951171875
15478.177734375,6177.68701171875
15445.546875,6088.28515625
15437.9677734375,6000.19287109375
15437.8837890625,5896.6005859375
15525.9033203125,5860.76416015625
15624.5869140625,5868.1435546875
15706.080078125,5914.328125
15721.6162109375,6013.37109375
15726.5537109375,6114.03564453125
15706.828125,6214.24951171875
14040,6011
13945.1513671875,5989.4326171875
13882.9384765625,5939.048828125
13937.19921875,5866.18408203125
14028.6015625,5858.16064453125
14122.77734375,5842.3759765625
14159.7998046875,5921.75439453125
14137.2421875,6013.06689453125
15863,5926
15821.712890625,5848.13037109375
15858.0810546875,5751.17333984375
15940.4775390625,5782.345703125
15931.5048828125,5885.14208984375
14200,5880
14198.82421875,5786.12451171875
14275.5810546875,5707.8330078125
14382.4228515625,5703.92236328125
14369.9833984375,5803.927734375
14304.26171875,5888.72998046875
14725,5760
14663.6728515625,5675.25830078125
14566.7080078125,5634.5380859375
14530.4912109375,5553.29150390625
14616.931640625,5510.4326171875
14715.7392578125,5546.21923828125
14799.7314453125,5609.498046875
14857.5625,5693.80419921875
14811.326171875,5775.18115234375
15987,5652
15950.58203125,5554.3974609375
15970.216796875,5462.4990234375
16068.26953125,5435.2412109375
16089.2431640625,5535.18310546875
16076.5283203125,5637.77685546875
19854,5634
19786.08984375,5568.23095703125
19778.923828125,5491.54296875
19714.35546875,5439.7744140625
19696.267578125,5339.7431640625
19743.61328125,5262.56005859375
19837.541015625,5275.13427734375
19857.0625,5370.66552734375
19920.251953125,5420.7802734375
20014.2734375,5399.87548828125
20061.333984375,5466.31787109375
19996.79296875,5543.30908203125
19926.931640625,5615.263671875
14943,5621
14943.6923828125,5541.1923828125
15012.548828125,5462.10986328125
15065.892578125,5383.55126953125
15122.138671875,5379.62109375
15225.501953125,5402.63818359375
15205.05078125,5493.46484375
15136.033203125,5573.583984375
15043.75390625,5625.57861328125
15420,5592
15341.986328125,5532.63720703125
15262.572265625,5486.13037109375
15307.234375,5420.04736328125
15404.9296875,5408.05126953125
15453.9814453125,5456.36376953125
15513.3466796875,5509.83447265625
15501.1962890625,5574.4970703125
15800,5542
15709.4833984375,5488.19970703125
15652.4462890625,5414.59326171875
15748.9755859375,5393.9052734375
15845.31640625,5429.625
15895.212890625,5512.33984375
16293,5333
16257.841796875,5243.08447265625
16257.005859375,5139.17333984375
16242.1328125,5040.3271484375
16289.8466796875,4950.27587890625
16384.908203125,4928.87060546875
16436.34765625,5006.50732421875
16411.494140625,5104.52099609375
16401.9921875,5207.958984375
16376.248046875,5308.2939453125
16532,5228
16526.4453125,5133.27734375
16530.73046875,5031.35791015625
16602.802734375,4968.81005859375
16662.806640625,4881.74853515625
16740.38671875,4836.09130859375
16801.837890625,4908.95556640625
16778.685546875,5011.955078125
16705.03515625,5083.09521484375
16670.8828125,5182.58984375
16589.4609375,5196.625
16577.05078125,5264.12060546875
19610,5217
19560.3203125,5139.4306640625
19477.36328125,5087.46337890625
19435.4921875,4999.1455078125
19488.51953125,4919.1435546875
19581.21484375,4942.47314453125
19617.755859375,5032.6162109375
19703.509765625,5006.048828125
19790.267578125,4981.32763671875
19839.994140625,5055.8193359375
19786.73046875,5121.94677734375
19801.83984375,5208.60986328125
19707.427734375,5239.4169921875
18010,5180
17963.951171875,5098.26708984375
17983.794921875,4995.50341796875
18014.009765625,4900.13232421875
18014.13671875,4798.42431640625
18091.787109375,4756.27978515625
18125.16015625,4851.1669921875
18145.666015625,4952.76708984375
18142.66015625,5055.91796875
18095.537109375,5141.3251953125
19039,5115
18982.759765625,5053.169921875
19059.23046875,5015.2470703125
19144.052734375,5052.02490234375
19130.12890625,5130.23291015625
17145,4970
17114.48828125,4876.18408203125
17160.78515625,4811.80615234375
17195.341796875,4717.958984375
17287.021484375,4684.1748046875
17383.68359375,4654.49951171875
17444.84375,4604.71435546875
17517.9921875,4605.20068359375
17594.271484375,4634.82275390625
17693.201171875,4638.7685546875
17694.302734375,4727.00146484375
17663.14453125,4824.83984375
17619.880859375,4917.904296875
17529.1484375,4921.701171875
17514.759765625,4827.5927734375
17480.966796875,4746.80810546875
17425.443359375,4813.3115234375
17361.705078125,4803.56396484375
17303.578125,4886.3642578125
17238.029296875,4956.849609375
19245,4953
19181.126953125,4882.4130859375
19255.068359375,4822.3369140625
19353.404296875,4803.4296875
19442.720703125,4831.3779296875
19431.6953125,4912.470703125
19338.541015625,4949.2890625
19108,4913
19013.916015625,4870.0771484375
19040.5625,4787.0546875
19070.42578125,4694.73291015625
19180.07421875,4697.31005859375
19229.984375,4776.21435546875
19170.126953125,4868.1669921875
18775,4823
18677.794921875,4790.60400390625
18630.939453125,4716.86279296875
18730.806640625,4697.86669921875
18801.8828125,4636.88916015625
18898.3515625,4623.1953125
18966.6953125,4638.06494140625
18933.064453125,4733.17626953125
18858.16796875,4787.58056640625
16927,4787
16906.65625,4698.27734375
16992.3203125,4661.62353515625
17067.421875,4713.83056640625
17023.62890625,4804.6884765625
17863,4763
17810.509765625,4685.03955078125
17888.916015625,4639.15234375
17971.6484375,4675.8798828125
17956.318359375,4756.43603515625
18255,4711
18156.427734375,4689.22021484375
18106.853515625,4596.408203125
18078.0703125,4505.76025390625
18172.583984375,4478.8134765625
18236.1171875,4563.13232421875
18328.2890625,4582.03173828125
18433.17578125,4566.87939453125
18444.8046875,4641.228515625
18356.146484375,4693.68408203125
18560,4698
18528.625,4596.87109375
18574.158203125,4516.99658203125
18661.59375,4557.06982421875
18645.888671875,4657.767578125
5840,4226
5804.9921875,4142.0234375
5816.099609375,4039.136962890625
5819.92822265625,3935.57958984375
5836.29248046875,3834.083251953125
5846.943359375,3731.02392578125
5852.05859375,3627.520263671875
5851.88134765625,3523.89990234375
5864.21923828125,3421.239990234375
5870.7080078125,3317.8125
5874.359375,3214.24072265625
5878.30419921875,3110.6796875
5886.7763671875,3007.482421875
5942.64599609375,2927.57275390625
6020.90380859375,2977.50048828125
6055.07275390625,3038.61181640625
6054.22509765625,3138.44580078125
6060.2060546875,3241.493896484375
6065.11376953125,3344.98388671875
6123.583984375,3415.425048828125
6218.8046875,3381.46142578125
6300.60888671875,3319.914794921875
6397.26171875,3288.001708984375
6500.6318359375,3290.2216796875
6570.63818359375,3257.153564453125
6589.82373046875,3155.47998046875
6613.71435546875,3061.016357421875
6699.904296875,3036.175537109375
6779.64111328125,3010.870849609375
6804.166015625,3107.575439453125
6761.58203125,3200.867919921875
6725.8779296875,3297.82958984375
6730.55908203125,3400.236328125
6708.8251953125,3500.90673828125
6701.65771484375,3604.25634765625
6686.11083984375,3706.528564453125
6614.5751953125,3772.08984375
6526.26416015625,3728.04345703125
6517.017578125,3625.97412109375
6503.2919921875,3525.7333984375
6449.96728515625,3443.248046875
6351.02880859375,3470.083740234375
6262.8408203125,3524.10107421875
6162.66357421875,3548.859619140625
6064.04833984375,3571.857177734375
6015.013671875,3641.39013671875
5999.662109375,3725.72021484375
6000.052734375,3825.84619140625
5992.126953125,3929.175537109375
5987.15869140625,4032.69140625
5983.04052734375,4136.2314453125
5939.5341796875,4224.4013671875
18098,4126
18004.201171875,4083.7841796875
17908.548828125,4058.826904296875
17880.6484375,3961.343994140625
17830.18359375,3883.900146484375
17809.599609375,3783.456787109375
17785.349609375,3684.442138671875
17800.1171875,3583.1796875
17874.771484375,3519.977783203125
17920.55078125,3447.548095703125
17923.34375,3344.413818359375
17925.501953125,3241.26416015625
17928.939453125,3138.14892578125
17933.677734375,3035.086181640625
17940.875,2932.1728515625
17934.857421875,2830.26220703125
17952.603515625,2728.96240234375
17962.7109375,2626.2900390625
17972.673828125,2523.6162109375
17981.357421875,2420.9716796875
17978.35546875,2317.8544921875
17971.18359375,2214.936767578125
17960.0078125,2112.381103515625
17947.505859375,2009.9732666015625
17948.173828125,1907.3448486328125
18029.06640625,1866.470947265625
18072.177734375,1954.6104736328125
18106.009765625,2050.3426513671875
18109.78515625,2153.370849609375
18123.634765625,2247.74951171875
18140.142578125,2345.111083984375
18139.71875,2448.268798828125
18121.578125,2549.452880859375
18134.490234375,2623.29248046875
18114.2265625,2719.25
18111.42578125,2822.25537109375
18104.234375,2919.17431640625
18097.072265625,3012.77001953125
18088.0546875,3113.328125
18078.701171875,3207.696044921875
18168.697265625,3204.334716796875
18269.595703125,3203.820556640625
18369.333984375,3229.694091796875
18461.33203125,3274.023193359375
18548.73828125,3328.625
18618.765625,3403.736083984375
18663.5625,3495.489501953125
18683.01171875,3591.45654296875
18655.03515625,3689.613525390625
18620.40234375,3786.767578125
18573.72265625,3878.334716796875
18522.345703125,3966.593505859375
18463.890625,4049.231201171875
18382.92578125,4111.510986328125
18285.203125,4143.39697265625
18182.408203125,4145.2744140625
18359.17578125,3961.15966796875
18418.75390625,3884.043701171875
18459.716796875,3789.353515625
18496.50390625,3692.9853515625
18519.623046875,3592.697265625
18501.634765625,3492.804931640625
18427.083984375,3421.9482421875
18339.01171875,3370.087646484375
18237.7734375,3354.85107421875
18143.763671875,3386.736328125
18093,3430.8173828125
18091.89453125,3533.979736328125
18086.92578125,3637.02490234375
18075.0234375,3739.440673828125
18064.19140625,3829.98974609375
18081.35546875,3927.296630859375
18162.2421875,3990.2607421875
18258.2109375,4024.1650390625
19158,4133
19108.18359375,4057.197021484375
19079.48828125,3958.044921875
19064.705078125,3855.444580078125
19052.490234375,3752.598876953125
19074.68359375,3652.292236328125
19119.8046875,3559.74609375
19182.095703125,3476.95556640625
19261.931640625,3412.587158203125
19355.427734375,3367.817138671875
19454.669921875,3360.093994140625
19557.59765625,3353.053466796875
19659.82421875,3369.5849609375
19717.33984375,3305.66162109375
19748.2890625,3207.14990234375
19778.49609375,3108.1494140625
19813.576171875,3010.619140625
19856.419921875,2916.22705078125
19904.171875,2824.221923828125
19955.02734375,2734.93896484375
20017.474609375,2652.2900390625
20064.53125,2559.968994140625
20109.140625,2466.38818359375
20150.431640625,2371.492919921875
20163.150390625,2269.410400390625
20109.955078125,2184.2373046875
20044.154296875,2105.271484375
19963.509765625,2044.14453125
19878.431640625,1984.9654541015625
19793.716796875,1927.030517578125
19698.98046875,1887.036376953125
19601.390625,1852.2227783203125
19499.888671875,1831.4783935546875
19396.58984375,1823.50927734375
19293.56640625,1832.6922607421875
19194.859375,1862.1292724609375
19117.55859375,1862.942626953125
19169.580078125,1783.39794921875
19240.828125,1716.3076171875
19331.8125,1683.76611328125
19434.16796875,1676.0611572265625
19537.009765625,1688.90869140625
19638.4375,1710.172119140625
19737.15625,1739.98876953125
19830.15625,1778.013671875
19923.59375,1822.450927734375
20010.560546875,1878.0731201171875
20094.70703125,1933.7403564453125
20171.13671875,2003.7738037109375
20233.9375,2085.61279296875
20303.828125,2160.4072265625
20344.724609375,2252.932373046875
20334.029296875,2355.625732421875
20293.951171875,2450.99853515625
20249.34765625,2543.320556640625
20198.1171875,2633.447509765625
20145.501953125,2722.078125
20101.337890625,2811.234130859375
20065.34375,2893.269775390625
20011.10546875,2978.5771484375
19969.001953125,3071.563232421875
19936.8671875,3165.753662109375
19905.953125,3264.49609375
19891.71875,3367.18017578125
19882.4921875,3470.425537109375
19929.048828125,3558.189453125
19960.302734375,3653.35791015625
19966.466796875,3755.3447265625
19929.89453125,3851.74462890625
19840.00390625,3894.507080078125
19754.412109375,3843.193359375
19729.255859375,3743.825927734375
19700.970703125,3644.203125
19665.083984375,3548.11376953125
19576.03125,3501.8447265625
19472.544921875,3498.68017578125
19372.69921875,3522.773193359375
19297.6953125,3586.998291015625
19250.359375,3679.118896484375
19237.294921875,3778.675537109375
19254.517578125,3880.883544921875
19287.3671875,3972.338623046875
19302.09765625,4049.617431640625
19257.33203125,4137.9931640625
14978,3982
14965.3935546875,3893.225341796875
14991.24609375,3793.429931640625
15009.357421875,3691.90576171875
14943.9794921875,3669.457763671875
14874.0576171875,3730.70556640625
14789.2978515625,3788.37109375
14700.736328125,3840.431640625
14638.859375,3910.082763671875
14546.59765625,3951.54052734375
14444.9267578125,3938.027099609375
14437.5947265625,3853.43017578125
14508.109375,3785.737548828125
14585.685546875,3724.5634765625
14678.853515625,3681.363037109375
14750.876953125,3611.698974609375
14831.2197265625,3549.3115234375
14916.4111328125,3491.724609375
14981.2236328125,3438.291748046875
14893.81640625,3385.06298828125
14797.46875,3349.93017578125
14711.8857421875,3315.127685546875
14628.08203125,3255.044189453125
14549.552734375,3188.8623046875
14540.3076171875,3090.899658203125
14633.9716796875,3083.1728515625
14722.24609375,3136.279541015625
14815.3056640625,3180.703369140625
14913.7587890625,3210.40234375
14996.01171875,3258.126953125
15097.52734375,3274.1943359375
15168.05859375,3204.49853515625
15242.2890625,3132.884521484375
15328.42578125,3079.6669921875
15426.728515625,3050.7255859375
15499.9111328125,3105.917236328125
15442.001953125,3162.5048828125
15387.8037109375,3189.68603515625
15314.9033203125,3262.336181640625
15345.0400390625,3319.5390625
15440.783203125,3281.9052734375
15512.3125,3294.3466796875
15592.515625,3264.718017578125
15691.8916015625,3244.174072265625
15794.65625,3235.38720703125
15879.1318359375,3272.474609375
15813.6328125,3323.37109375
15719.861328125,3361.50927734375
15618.833984375,3382.219482421875
15519.1630859375,3408.79638671875
15426.8642578125,3451.3369140625
15483.06640625,3519.30322265625
15561.39453125,3585.18310546875
15647.0087890625,3630.032958984375
15720.7705078125,3699.404296875
15651.908203125,3748.137939453125
15557.130859375,3708.923828125
15464.2744140625,3664.090087890625
15373.4384765625,3624.033447265625
15281.0673828125,3578.1357421875
15215.3515625,3609.74267578125
15190.6533203125,3709.84375
15165.6552734375,3809.356689453125
15124.3642578125,3901.079345703125
15075.9453125,3987.331298828125
16650,3980
16548.962890625,3956.585693359375
16466.857421875,3901.894775390625
16382.1201171875,3843.0986328125
16315.83203125,3764.404541015625
16292.5166015625,3663.525146484375
16290.3076171875,3559.740234375
16326.4140625,3464.37451171875
16386.615234375,3380.49853515625
16470.9140625,3319.911376953125
16570.52734375,3299.650634765625
16674.419921875,3301.837646484375
16777.931640625,3307.160888671875
16867.09765625,3358.69091796875
16954.7578125,3412.945556640625
17041.357421875,3442.72216796875
17119.1171875,3375.5888671875
17197.5859375,3307.564453125
17291.96875,3267.944091796875
17378.478515625,3237.02880859375
17409.185546875,3332.178466796875
17317.458984375,3376.563232421875
17237.48828125,3441.554931640625
17172.986328125,3517.5546875
17117.837890625,3605.45947265625
17061.9609375,3690.494140625
17006.1796875,3752.63818359375
16970.69921875,3834.41748046875
16908.23828125,3907.06298828125
16815.87890625,3954.259765625
16716.9453125,3985.825927734375
16800.95703125,3817.667724609375
16861.849609375,3735.058349609375
16915.705078125,3649.916015625
16891.3046875,3554.208740234375
16806.86328125,3494.23583984375
16710.84375,3455.0283203125
16612.138671875,3423.628173828125
16521.27734375,3469.631103515625
16466.404296875,3556.1826171875
16467.771484375,3659.548828125
16520.32421875,3741.004638671875
16585.736328125,3816.46923828125
16683.626953125,3840.970947265625
11484,3939
11385.3134765625,3917.171630859375
11291.3427734375,3877.655517578125
11211.419921875,3814.199951171875
11156.9013671875,3734.557373046875
11148.90234375,3633.12353515625
11166.779296875,3532.718017578125
11202.1279296875,3437.07080078125
11271.5302734375,3365.094482421875
11351.1806640625,3302.18994140625
11444.4873046875,3308.914794921875
11537.9248046875,3348.33544921875
11617.044921875,3412.819091796875
11698.6328125,3472.63623046875
11759.49609375,3415.56298828125
11816.98046875,3334.556640625
11905.8115234375,3284.7255859375
11973.240234375,3338.15673828125
11945.08984375,3432.657470703125
11906.15234375,3523.5126953125
11884.8935546875,3622.735595703125
11898.7119140625,3706.1005859375
11866.1533203125,3800.490234375
11796.05078125,3874.661376953125
11710.205078125,3928.439453125
11609.46484375,3943.2763671875
11507.3798828125,3943.51318359375
11693.2880859375,3723.5673828125
11651.818359375,3634.205810546875
11576.857421875,3565.330322265625
11501.6904296875,3498.652099609375
11407.2890625,3477.97314453125
11347.8984375,3559.217041015625
11323.841796875,3656.373046875
11373.7197265625,3743.6181640625
11463.1005859375,3790.85693359375
11564.3505859375,3802.6484375
9840,3894
9749.1611328125,3849.32763671875
9672.51953125,3783.06201171875
9611.0224609375,3700.563720703125
9555.064453125,3614.31494140625
9500.4580078125,3531.21435546875
9460.267578125,3436.821533203125
9411.3037109375,3349.809814453125
9381.2880859375,3251.831787109375
9357.330078125,3151.724853515625
9342.1044921875,3049.984375
9404.0849609375,2972.9677734375
9491.7353515625,2997.775634765625
9521.8271484375,3095.500732421875
9538.041015625,3196.968017578125
9564.46875,3296.2421875
9592.998046875,3395.014892578125
9639.9443359375,3486.42529296875
9699.802734375,3570.124267578125
9753.2333984375,3657.84033203125
9837.111328125,3717.015380859375
9858,3651.63427734375
9840.2763671875,3557.469482421875
9856.1826171875,3458.743896484375
9857.8916015625,3355.815673828125
9889.4423828125,3260.844970703125
9956.8671875,3183.216064453125
10048.0859375,3136.30517578125
10114.833984375,3169.736328125
10189.2900390625,3218.633544921875
10267.326171875,3285.766845703125
10327.7646484375,3367.12890625
10371.2783203125,3459.015380859375
10414.4111328125,3409.536376953125
10455.1845703125,3315.83349609375
10518.603515625,3234.942138671875
10596.0009765625,3167.309814453125
10683.224609375,3146.077880859375
10724.5205078125,3226.619140625
10664.3603515625,3306.850830078125
10598.9541015625,3379.881591796875
10565.8466796875,3474.820068359375
10572.125,3576.5439453125
10576.0986328125,3678.61083984375
10595.1708984375,3779.315185546875
10598.87890625,3879.462158203125
10505.0009765625,3907.2216796875
10448.17578125,3826.798828125
10405.96875,3733.33349609375
10371.2197265625,3648.50048828125
10308.08984375,3577.943115234375
10263.7197265625,3502.49169921875
10198.810546875,3445.562744140625
10130.5947265625,3368.4677734375
10056.197265625,3301.8935546875
10021.232421875,3397.5205078125
10016.728515625,3500.366943359375
10021.3232421875,3602.26123046875
10017.9970703125,3701.5625
10000.79296875,3802.996337890625
9929.9052734375,3876.929931640625
13768,3890
13691.3505859375,3820.64697265625
13645.2001953125,3728.10302734375
13612.279296875,3630.9140625
13616.431640625,3534.212646484375
13637.625,3433.15966796875
13699.3935546875,3351.001220703125
13783.5078125,3290.222412109375
13881.98828125,3288.150146484375
13979.3095703125,3323.462890625
14060.8818359375,3384.223388671875
14100.1015625,3336.5087890625
14126.9072265625,3238.5654296875
14156.98828125,3139.4775390625
14176.140625,3037.2666015625
14193.7705078125,2934.78662109375
14200.9658203125,2831.209228515625
14191.4716796875,2727.675048828125
14170.1650390625,2626.127197265625
14121.5107421875,2537.97216796875
14063.14453125,2452.618896484375
13984.7998046875,2384.40380859375
13897.5771484375,2327.937744140625
13800.9765625,2290.85302734375
13698.6865234375,2304.852783203125
13618.833984375,2368.919189453125
13582.0048828125,2463.89990234375
13562.2060546875,2565.705810546875
13497.9580078125,2636.18603515625
13451.1435546875,2555.06689453125
13464.8203125,2458.710205078125
13464.10546875,2358.028076171875
13507.8935546875,2264.517822265625
13584.916015625,2195.480224609375
13684.853515625,2172.15478515625
13788.3740234375,2164.529296875
13889.0888671875,2155.8330078125
13980.9990234375,2203.75
14065.5869140625,2262.09375
14139.9306640625,2334.72216796875
14219.0869140625,2390.06787109375
14286.7138671875,2468.898681640625
14335.5791015625,2559.826416015625
14374.3076171875,2652.543212890625
14380.265625,2756.302978515625
14384.162109375,2860.09228515625
14358.21484375,2960.393798828125
14341.7705078125,3063.072265625
14321.3837890625,3165.03271484375
14293.513671875,3264.775634765625
14271.8486328125,3363.98388671875
14248.6064453125,3465.11376953125
14251.513671875,3565.637939453125
14253.3798828125,3661.61376953125
14186.3232421875,3734.482421875
14125.0966796875,3803.087646484375
14041.4267578125,3863.9833984375
13940.650390625,3888.425048828125
13837.884765625,3904.319091796875
14021.0439453125,3716.011962890625
14061.5556640625,3629.40380859375
14006.0205078125,3542.898193359375
13930.9521484375,3471.121337890625
13840.951171875,3420.6240234375
13796.7763671875,3503.841064453125
13796.8837890625,3605.130859375
13826.2197265625,3704.082275390625
13900.0869140625,3767.34765625
12286,3884
12253.3466796875,3787.163818359375
12248.015625,3683.531494140625
12261.8251953125,3580.6513671875
12269.193359375,3477.048095703125
12272.3984375,3373.269287109375
12347.3642578125,3307.488525390625
12433.501953125,3325.7890625
12482.154296875,3417.54931640625
12522.7939453125,3511.804443359375
12610.9462890625,3492.15283203125
12693.9130859375,3434.197265625
12783.876953125,3391.95458984375
12885.0751953125,3383.739501953125
12952.505859375,3336.868896484375
13015.8037109375,3256.511962890625
13104.4833984375,3202.61865234375
13202.06640625,3189.16943359375
13202.3525390625,3286.7294921875
13134.25390625,3364.838134765625
13098.662109375,3457.5498046875
13102.9248046875,3561.024169921875
13144.0302734375,3647.159912109375
13182.453125,3737.157958984375
13181.65625,3838.805908203125
13108.0244140625,3886.11865234375
13023.935546875,3842.015869140625
12973.3134765625,3751.3232421875
12928.92578125,3657.39794921875
12865.125,3582.530029296875
12782.5263671875,3550.98828125
12695.7900390625,3606.552734375
12635.7177734375,3678.05615234375
12548.150390625,3719.625244140625
12445.1044921875,3713.21484375
12392.9169921875,3691.94287109375
12388.037109375,3788.07177734375
12385.611328125,3880.216064453125
7492,3732
7398.91845703125,3702.02197265625
7311.47802734375,3659.326171875
7220.8544921875,3620.20654296875
7151.66015625,3563.48095703125
7077.31396484375,3498.707275390625
7016.68896484375,3421.0703125
6993.0849609375,3328.20751953125
7017.09375,3232.990234375
7068.39453125,3153.33984375
7139.34619140625,3084.864013671875
7221.42041015625,3036.97998046875
7316.70751953125,3018.211181640625
7410.03125,3041.672119140625
7506.5537109375,3061.77783203125
7596.77587890625,3101.40234375
7660.83447265625,3064.530517578125
7706.88720703125,2979.230712890625
7779.34814453125,2912.7236328125
7868.16455078125,2869.877197265625
7963,2864.86376953125
8013.501953125,2943.309814453125
7919.412109375,2962.33349609375
7859.14404296875,3039.483642578125
7814.23828125,3123.011474609375
7796.35205078125,3220.122802734375
7778.255859375,3317.217041015625
7751.63232421875,3411.09521484375
7654.666015625,3411.872802734375
7609.7041015625,3338.31201171875
7561.125,3256.599853515625
7481.2470703125,3199.29443359375
7387.54833984375,3169.352294921875
7289.26171875,3160.95263671875
7217.50537109375,3220.136474609375
7177.32666015625,3309.765380859375
7209.626953125,3393.662109375
7277.64111328125,3460.102783203125
7350.00244140625,3523.193603515625
7433.693359375,3564.024169921875
7517.86328125,3597.623291015625
7609.1572265625,3618.1875
7707.83349609375,3619.73876953125
7805.27197265625,3604.18017578125
7891.759765625,3560.553466796875
7933.80322265625,3476.33642578125
8017.697265625,3496.82373046875
8015.53759765625,3582.456298828125
7962.2724609375,3663.29931640625
7879.89892578125,3711.083740234375
7787.33349609375,3738.47900390625
7688.744140625,3743.79296875
7589.990234375,3742.64453125
