13726,24024
13763.078125,23943.5390625
13681.236328125,23918.720703125
13669.896484375,23846.25390625
13706.1650390625,23763.83984375
13754.6767578125,23687.62890625
13777.8994140625,23601.96875
13816.2568359375,23520.638671875
13831.41796875,23433.0078125
13851.2890625,23346.513671875
13880.7109375,23263.296875
13903.2978515625,23176.79296875
13927.080078125,23089.58203125
13946.7099609375,23001.310546875
13962.2734375,22912.2578125
13970.9912109375,22822.291015625
13981.97265625,22732.53515625
13989.3349609375,22642.431640625
14001.43359375,22554.298828125
14013.0146484375,22477.826171875
14032.1728515625,22390.521484375
14025.2646484375,22302.24609375
14030.076171875,22214.87109375
14031.033203125,22126.60546875
14038.494140625,22043.451171875
14044.9931640625,21955.849609375
14034.5146484375,21867.462890625
14028.4697265625,21779.572265625
14041.984375,21690.708984375
14037.576171875,21606.875
14082.5126953125,21557.64453125
14094.5625,21646.810546875
14086.2626953125,21736.283203125
14089.1943359375,21826.65234375
14089.4541015625,21917.076171875
14085.302734375,22007.390625
14081.2822265625,22097.26171875
14096.537109375,22186.337890625
14097.6982421875,22257.46484375
14160.330078125,22265.70703125
14241.4189453125,22226.814453125
14299.455078125,22289.646484375
14345.95703125,22342.36328125
14389.50390625,22268.775390625
14427.0908203125,22186.578125
14453.51953125,22101.8125
14478.0869140625,22021.53515625
14489.9404296875,21952.443359375
14542.177734375,21953.001953125
14580.1953125,22027.263671875
14650.341796875,22002.162109375
14682.978515625,21917.994140625
14732.5986328125,21843.244140625
14816.3974609375,21833.58984375
14887.74609375,21787.92578125
14942.728515625,21716.517578125
15009.2333984375,21656.28125
15089.908203125,21678.671875
15170.2763671875,21682.521484375
15234.8701171875,21620.119140625
15293.2314453125,21551.193359375
15355.154296875,21485.291015625
15416.1865234375,21418.572265625
15455.1640625,21339.73828125
15438.298828125,21250.94140625
15452.6953125,21167.537109375
15539.208984375,21149.521484375
15622.95703125,21119.7421875
15703.00390625,21080.279296875
15773.7587890625,21025.33984375
15812.3046875,20943.955078125
15853.111328125,20865.03125
15882.89453125,20779.861328125
15920.4404296875,20698.06640625
15948.6455078125,20613.626953125
15970.0849609375,20525.802734375
15987.1884765625,20437.0078125
16001.7578125,20347.76171875
16013.0048828125,20258.044921875
15977.0087890625,20205.095703125
15924.41796875,20277.5859375
15875.412109375,20353.197265625
15827.81640625,20405.01953125
15858.3349609375,20322.15234375
15907.857421875,20249.501953125
15945.8046875,20168.33203125
16004.6298828125,20102.1875
16047.7578125,20028.00390625
16083.2275390625,19946.517578125
16079.43359375,19856.251953125
16085.990234375,19766.232421875
16083.8955078125,19679.0234375
16090.1611328125,19588.908203125
16092.0361328125,19498.537109375
16090.27734375,19408.123046875
16088.1806640625,19317.716796875
16084.802734375,19227.3515625
16078.9765625,19137.1171875
16081.7841796875,19048.005859375
16068.9638671875,18959.236328125
16066.0078125,18868.87109375
16063.9453125,18778.474609375
16035.0498046875,18701.38671875
16055.3984375,18620.0625
16113.328125,18560.61328125
16142.2890625,18639.240234375
16147.1533203125,18721.947265625
16168.568359375,18808.3125
16254.0048828125,18828.224609375
16339.9140625,18803.04296875
16427.181640625,18813.19140625
16446.6640625,18900.88671875
16481.68359375,18982.3515625
16562.431640625,18949.53125
16629.990234375,18961.36328125
16670.130859375,19041.39453125
16700.9296875,19125.9140625
16697.169921875,19216.251953125
16692.984375,19306.578125
16659.177734375,19385.912109375
16606.546875,19458.85546875
16574.96875,19543.36328125
16536.17578125,19623.603515625
16486.158203125,19696.328125
16447.220703125,19777.486328125
16420.8359375,19863.951171875
16404.994140625,19952.82421875
16389.2744140625,20040.810546875
16327.2646484375,20102.884765625
16285.4208984375,20180.560546875
16271.5087890625,20269.748046875
16239.3232421875,20349.861328125
16194.7333984375,20423.271484375
16122.2275390625,20470.119140625
16055.634765625,20515.66015625
16032.6328125,20602.998046875
15998.681640625,20685.50390625
15969.560546875,20767.451171875
15932.06640625,20849.62890625
15886.58203125,20925.998046875
15851.8251953125,21006.208984375
15805.0166015625,21079.2265625
15741.826171875,21139.720703125
15680.73046875,21206.365234375
15616.3212890625,21269.798828125
15559.333984375,21335.55859375
15520.8623046875,21416.974609375
15469.14453125,21491.09375
15408.6982421875,21558.21484375
15361.0927734375,21633.736328125
15298.9423828125,21663.13671875
15266.1025390625,21739.384765625
15210.986328125,21811.078125
15155.861328125,21882.763671875
15098.0546875,21952.287109375
15037.626953125,22019.482421875
14992.046875,22097.16796875
14915.9873046875,22143.595703125
14863.0712890625,22213.30078125
14828.4482421875,22295.244140625
14789.640625,22373.259765625
14737,22444.478515625
14701.3994140625,22446.0703125
14692.30078125,22532.515625
14629.4033203125,22570.93359375
14661.3896484375,22492.162109375
14634.466796875,22431.97265625
14584.3349609375,22393.111328125
14538.8408203125,22467.587890625
14525.771484375,22554.083984375
14572.783203125,22601.859375
14653.822265625,22605.24609375
14607.3896484375,22681.78515625
14561.359375,22759.51953125
14536.1455078125,22844.333984375
14549.29296875,22923.9921875
14493.951171875,22995.3203125
14463.296875,23079.544921875
14406.5048828125,23149.640625
14356.4892578125,23224.224609375
14332.08203125,23297.86328125
14305.9697265625,23376.009765625
14234.6513671875,23427.712890625
14158.904296875,23390.556640625
14072.6337890625,23414.541015625
14009.0927734375,23476.439453125
13990.30859375,23564.41796875
13963.1650390625,23649.037109375
13920.3349609375,23728.66015625
13882.23046875,23810.65625
13847.935546875,23893.99609375
13819.056640625,23975.751953125
13759.2685546875,24038.49609375
14124.5341796875,23132.205078125
14136.705078125,23043.080078125
14161.1689453125,22956.896484375
14175.8935546875,22879.79296875
14192.1826171875,22791.798828125
14208.9345703125,22703.017578125
14184.3681640625,22644.453125
14124.3173828125,22699.765625
14096.6064453125,22785.328125
14088.833984375,22874.64453125
14062.6298828125,22960.64453125
14037.201171875,23040.779296875
14011.798828125,23127.173828125
14007.873046875,23210
14089.076171875,23180.244140625
14362.4560546875,23015.87890625
14396.2109375,22932.056640625
14408.560546875,22848.71875
14320.529296875,22848.30859375
14278.658203125,22925.587890625
14268.59765625,23015.263671875
14249.740234375,23103.486328125
14315.3671875,23123.328125
14219.54296875,22560.77734375
14173.5546875,22591.0078125
14209.8056640625,22612.80078125
14822.9599609375,22147.42578125
14957.791015625,21836.2265625
16002.673828125,20176.91796875
12185,22666
12096.2607421875,22650.525390625
12007.5048828125,22635.556640625
11922.8251953125,22605.1953125
11840.1943359375,22569.283203125
11768.34765625,22516.3125
11700.2978515625,22457.88671875
11673.6962890625,22373.287109375
11684.7177734375,22284.62890625
11744.5771484375,22217.859375
11813.7333984375,22160.2578125
11891.5400390625,22114.974609375
11970.0966796875,22074.896484375
12049.7578125,22036.982421875
12126.7763671875,21990.583984375
12208.876953125,21961.865234375
12153.9755859375,22009.587890625
12089.2421875,22069.98828125
12011.076171875,22114.822265625
11932,22158.005859375
11860.41015625,22208.056640625
11797.265625,22270.033203125
11738.0849609375,22337.91015625
11778.1171875,22418.23828125
11837.8896484375,22484.77734375
11915.41796875,22529.490234375
11999.8125,22561.01953125
12086.34375,22586.109375
12174.15234375,22606.306640625
12262.8720703125,22622.01953125
12352.3974609375,22632.06640625
12442.0927734375,22628.560546875
12530.71875,22612.884765625
12615.294921875,22582.65625
12625.4052734375,22610.203125
12540.6494140625,22640.61328125
12453.3955078125,22663.021484375
12364.2705078125,22675.91796875
12274.2568359375,22677.76953125
12660,22566
12808,22462
12848.30078125,22456.44921875
12920,22372
12986.96875,22312.35546875
13046.7490234375,22246.029296875
13126.8779296875,22205.978515625
13191.404296875,22142.400390625
13254.681640625,22077.544921875
13318.8291015625,22013.548828125
13384.3076171875,21950.919921875
13451.0830078125,21889.861328125
13503.326171875,21817.2265625
13572.345703125,21759.005859375
13624.9736328125,21691.86328125
13672.1494140625,21615.986328125
13723.6103515625,21541.552734375
13774.8642578125,21468.501953125
13834.4453125,21400.26171875
13891.158203125,21329.595703125
13944.94921875,21256.70703125
13988.8369140625,21177.447265625
14020.80859375,21094.150390625
14031.33203125,21004.171875
14046.87890625,20914.9140625
14063.6611328125,20825.869140625
14105.6416015625,20756.876953125
14051.185546875,20687.67578125
14067.2529296875,20598.505859375
14073.6123046875,20508.2109375
14066.7119140625,20417.919921875
14057.0703125,20327.833984375
14050.98828125,20237.431640625
14047.6435546875,20146.884765625
14049.412109375,20056.341796875
14042.6220703125,19969.31640625
14030.3671875,19883.36328125
14015.6669921875,19794.33203125
13998.333984375,19705.958984375
13920.400390625,19712.16015625
13859.8076171875,19779.515625
13799.1650390625,19846.8359375
13731.3232421875,19906.61328125
13681.72265625,19982.201171875
13617.6982421875,20045.328125
13554.333984375,20110.078125
13498.431640625,20180.6171875
13426.9853515625,20236.302734375
13356.607421875,20293.361328125
13286.162109375,20350.28515625
13221.5673828125,20413.791015625
13157.419921875,20477.708984375
13088.25390625,20536.24609375
13018.1474609375,20593.62890625
12951.158203125,20652.791015625
12873.3544921875,20697.31640625
12795.345703125,20742.75390625
12734.830078125,20802.201171875
12660.029296875,20849.40625
12585.4033203125,20895.578125
12507.28125,20941.44921875
12427.4033203125,20984.216796875
12355.119140625,21037.0390625
12270.369140625,21068.1171875
12188.267578125,21106.4296875
12110.6142578125,21152.80859375
12027.96484375,21189.84375
11943.0458984375,21221.435546875
11857.158203125,21250.3046875
11770.6611328125,21277.29296875
11683.1533203125,21300.681640625
11593.333984375,21312.078125
11502.8291015625,21316.376953125
11412.2568359375,21319.017578125
11321.681640625,21317.744140625
11232.1162109375,21304.572265625
11143.498046875,21285.681640625
11054.5341796875,21268.5625
10967.7001953125,21242.79296875
10881.2607421875,21215.73828125
10797.5341796875,21186.11328125
10830.1328125,21134.466796875
10912.431640625,21172.28125
10990.1142578125,21217.75390625
11079.3037109375,21232.896484375
11166.9443359375,21255.837890625
11255.052734375,21274.294921875
11345.462890625,21280.224609375
11436.0302734375,21282.8984375
11526.556640625,21279.98046875
11615.9921875,21266.068359375
11704.0703125,21244.798828125
11792.4384765625,21224.7734375
11879.5634765625,21199.974609375
11963.7451171875,21166.6015625
12047.8251953125,21134.17578125
12129.5986328125,21095.25
12210.4189453125,21054.283203125
12291.869140625,21014.58203125
12372.8017578125,20973.845703125
12449.9072265625,20932.705078125
12520.7470703125,20877.451171875
12600.2158203125,20834.685546875
12675.583984375,20784.39453125
12749.4580078125,20731.9296875
12822.259765625,20677.982421875
12895.2880859375,20624.380859375
12965.27734375,20566.904296875
13041.0498046875,20517.298828125
13103.4580078125,20452.986328125
13182.1103515625,20409.736328125
13235.830078125,20339.08984375
13301.0537109375,20276.19921875
13366.033203125,20213.046875
13430.537109375,20149.41015625
13494.640625,20085.369140625
13558.2744140625,20020.861328125
13620.990234375,19955.46484375
13677.55078125,19885.078125
13736.0966796875,19815.97265625
13799.474609375,19754.353515625
13850.7109375,19681.341796875
13909.5966796875,19612.91796875
13962.9814453125,19542.490234375
13973.3076171875,19453.294921875
13969.064453125,19362.78515625
13968.224609375,19272.1953125
13969.365234375,19181.595703125
13966.7939453125,19091.03125
13960.2890625,19004.599609375
13954.623046875,18916.513671875
13941.4716796875,18827.271484375
13946.923828125,18741.70703125
14016.453125,18727.6171875
14024.8056640625,18817.51171875
14029.205078125,18907.96484375
14058.6962890625,18991.32421875
14077.7890625,19079.89453125
14094.1416015625,19168.95703125
14095.5830078125,19259.0546875
14157.4521484375,19272.55078125
14216.189453125,19203.732421875
14267.7880859375,19129.25
14318.5576171875,19054.19921875
14360.65625,18974.353515625
14401.296875,18893.9296875
14449.8798828125,18817.67578125
14489.875,18737.7265625
14540.3671875,18662.5546875
14592.41796875,18589.76953125
14639.423828125,18513.587890625
14694.091796875,18459.794921875
14692.1318359375,18549.544921875
14640.119140625,18617.576171875
14603.8046875,18698.935546875
14564.0107421875,18779.728515625
14524.189453125,18857.919921875
14479.0068359375,18933.369140625
14431.767578125,19009.6953125
14387.44921875,19084.9921875
14330.3271484375,19155.017578125
14285.1201171875,19232.318359375
14225.4873046875,19300.517578125
14178.03125,19377.302734375
14130.201171875,19454.140625
14119.07421875,19543.427734375
14116.4052734375,19633.99609375
14107.8515625,19724.16015625
14098.5400390625,19814.095703125
14108.0341796875,19904.10546875
14109.2412109375,19994.693359375
14106.6318359375,20085.263671875
14105.5751953125,20175.849609375
14110.0498046875,20266.333984375
14117.560546875,20356.615234375
14121.001953125,20447.16015625
14121.8662109375,20537.76171875
14122.64453125,20628.359375
14160.5087890625,20696.951171875
14163.537109375,20731.16015625
14123.5927734375,20811.841796875
14108.9521484375,20900.4140625
14149.6826171875,20970.189453125
14129.0205078125,21057.263671875
14099.6630859375,21140.546875
14058.16015625,21219.697265625
14036.390625,21305.83984375
13999.3671875,21387.98828125
13911.9521484375,21406.32421875
13859.7177734375,21477.48828125
13793.9189453125,21539.759765625
13735.6630859375,21608.8671875
13681.7509765625,21681.69140625
13637.2236328125,21758.880859375
13575.2939453125,21824.994140625
13518.5107421875,21895.115234375
13460.9326171875,21950.771484375
13391.7275390625,22009.126953125
13331.1953125,22073.900390625
13274.568359375,22142.73046875
13204.9501953125,22200.576171875
13142.107421875,22262.970703125
13087.248046875,22327.18359375
13005.615234375,22363.21484375
23395,22137
23315.013671875,22095.01171875
23247.244140625,22034.796875
23182.51171875,21971.291015625
23120.7109375,21904.953125
23050.8359375,21851.185546875
22990.1796875,21785.515625
22916.255859375,21733.720703125
22851.10546875,21670.66015625
22776.9765625,21621.021484375
22711.291015625,21559.59765625
22648.90234375,21497.291015625
22587.3203125,21431.26171875
22525.33203125,21365.08203125
22467.923828125,21295.03515625
22405.513671875,21231.005859375
22333.115234375,21176.41796875
22260.359375,21122.755859375
22251.099609375,21174.94140625
22171.232421875,21189.83203125
22097.5234375,21137.03125
22030.328125,21076.298828125
21960.369140625,21020.251953125
21880.623046875,20981.1484375
21811.951171875,20923.560546875
21762.06640625,20857.767578125
21690.974609375,20801.982421875
21615.509765625,20751.6953125
21539.15234375,20702.796875
21465.3125,20668.171875
21525.431640625,20729.677734375
21595.08984375,20786.919921875
21553.7734375,20829.984375
21475.33984375,20795.64453125
21414.1953125,20732.107421875
21352.134765625,20666.451171875
21277.1796875,20615.462890625
21206.76953125,20558.404296875
21147.009765625,20494.208984375
21077.158203125,20436.4296875
21010.01171875,20375.4765625
20943.703125,20313.615234375
20907.03125,20246.416015625
20978.693359375,20193.830078125
21041.158203125,20155.30859375
21113.4609375,20209.845703125
21194.3359375,20248.51953125
21255.650390625,20314.49609375
21323.837890625,20367.466796875
21404.03515625,20399.533203125
21362.111328125,20339.40625
21299.6796875,20273.654296875
21241.447265625,20204.1875
21184.2734375,20135.720703125
21130.056640625,20069.125
21179.42578125,20005.333984375
21269.8515625,20008.224609375
21283.7734375,19951.41796875
21225.21484375,19882.923828125
21183.58203125,19804.419921875
21147.248046875,19721.96484375
21157.08203125,19637.734375
21102.419921875,19565.7109375
21050.599609375,19491.3046875
20988.666015625,19426.546875
20918.298828125,19370.921875
20843.91015625,19323.31640625
20805.10546875,19356.046875
20794.81640625,19435.388671875
20722.12109375,19389.337890625
20666.00390625,19322.6953125
20598.998046875,19261.6328125
20572.7734375,19300.525390625
20632.263671875,19368.484375
20696.50390625,19431.05078125
20733.583984375,19512.482421875
20777.923828125,19589.646484375
20753.244140625,19644.619140625
20663.125,19637.974609375
20576.498046875,19620.560546875
20503.625,19566.607421875
20436.775390625,19505.431640625
20368.15234375,19451.935546875
20365.46484375,19510.84765625
20430.01171875,19574.298828125
20498.0234375,19632.564453125
20550.384765625,19706.23828125
20578.75,19778.779296875
20550.4765625,19855.115234375
20585.642578125,19937.80859375
20633.87109375,20012.57421875
20699.82421875,20074.810546875
20735.462890625,20151.701171875
20653.083984375,20157.73828125
20590.02734375,20093.830078125
20531.048828125,20025.09375
20465.97265625,19961.935546875
20402.1953125,19897.46484375
20339.611328125,19831.970703125
20272.76171875,19776.55078125
20210.033203125,19715.236328125
20140.810546875,19658.630859375
20061.2734375,19615.3203125
19992.39453125,19558.986328125
19922.58984375,19501.455078125
19856.708984375,19439.15234375
19784.765625,19384.0390625
19712.98828125,19328.61328125
19643.19921875,19270.724609375
19575.720703125,19210.1953125
19500.125,19160.482421875
19433.962890625,19108.0703125
19372.30078125,19045.044921875
19339.05859375,18961.5
19341.998046875,18878.080078125
19429.330078125,18890.234375
19510.078125,18931.162109375
19577.30078125,18989.060546875
19656.810546875,18951.55859375
19660.3359375,18873.478515625
19597.12109375,18812.791015625
19634.86328125,18742.59765625
19711.74609375,18785.861328125
19773.728515625,18851.90234375
19848.328125,18897.447265625
19908.85546875,18859.521484375
19852.900390625,18788.18359375
19805.060546875,18712.9765625
19762.548828125,18639.03125
19821.556640625,18576.78125
19807.630859375,18502.962890625
19825.591796875,18421.28515625
19911.671875,18400.93359375
19992.9296875,18438.466796875
20070.6875,18478.34375
20040.1484375,18406.9921875
20001.3984375,18327.478515625
19990.86328125,18240.130859375
19946.91015625,18168.890625
19999.716796875,18114.046875
20039.142578125,18046.82421875
20046.875,17957.1875
20126.794921875,17958.501953125
20173.765625,18032.38671875
20203.23046875,18117.298828125
20239.013671875,18200.59765625
20272.5625,18283.787109375
20319.51953125,18360.5859375
20356.8203125,18442.3125
20410.7578125,18515.107421875
20450.78515625,18592.474609375
20513.77734375,18657.6796875
20572.720703125,18726.583984375
20624.884765625,18800.634765625
20683.572265625,18869.7265625
20743.0703125,18937.62109375
20773.783203125,19018.318359375
20830.15625,19086.78515625
20881.73828125,19160.873046875
20922.56640625,19239.037109375
20971.162109375,19313.27734375
21034.533203125,19378.126953125
21086.154296875,19451.228515625
21147.248046875,19513.556640625
21197.912109375,19584.443359375
21257.8046875,19652.234375
21326.8828125,19710.9296875
21385.423828125,19779.96484375
21451.494140625,19841.615234375
21504.541015625,19914.82421875
21564.09765625,19983.16796875
21583.216796875,20066.2109375
21519.24609375,20083.43359375
21580.919921875,20149.9140625
21640.208984375,20218.490234375
21690.5,20293.654296875
21755.345703125,20356.958984375
21823.646484375,20416.61328125
21885.662109375,20482.3828125
21948.453125,20547.783203125
22006.384765625,20617.326171875
22076.919921875,20674.044921875
22138.705078125,20740.146484375
22196.03125,20810.341796875
22263.646484375,20870.544921875
22344.328125,20911.021484375
22430.0390625,20939.7265625
22504.9140625,20990.623046875
22573.44140625,21050
22639.48828125,21112.13671875
22680.41796875,21189.078125
22746.19921875,21250.51171875
22818.025390625,21305.724609375
22870.22265625,21378.427734375
22923.724609375,21450.634765625
22988.3046875,21510.51171875
23053.77734375,21571.501953125
23130.576171875,21618.703125
23174.009765625,21696.119140625
23110.74609375,21730.50390625
23113.111328125,21776.255859375
23195.55078125,21806.244140625
23249.984375,21736.630859375
23216.1484375,21656.185546875
23174.046875,21575.91015625
23140.185546875,21491.8046875
23096.1484375,21416.474609375
23045.15234375,21341.92578125
22982.822265625,21276.33984375
22916.59765625,21214.521484375
22872.509765625,21135.7265625
22855.67578125,21049.173828125
22803.537109375,20976.60546875
22770.0078125,20893.19140625
22749.98828125,20805.91796875
22697.962890625,20737.08984375
22671.716796875,20654.30078125
22634.248046875,20572.5859375
22591.5234375,20492.669921875
22568.431640625,20405.712890625
22522.212890625,20328.072265625
22481.091796875,20247.634765625
22454.462890625,20161.001953125
22434.384765625,20073.505859375
22394.390625,19995.60546875
22390.25,19933.94140625
22353.876953125,19868.923828125
22315.857421875,19792.5703125
22273.08984375,19714.54296875
22204.24609375,19655.61328125
22128.017578125,19606.705078125
22053.189453125,19555.572265625
21983.150390625,19497.9921875
21913.111328125,19440.666015625
21836.28515625,19393.166015625
21766.9375,19336.0546875
21707.078125,19269.859375
21632.634765625,19219.892578125
21574.845703125,19154.7578125
21509.3828125,19092.060546875
21447.87109375,19025.43359375
21393.958984375,18952.890625
21325.828125,18894.18359375
21265.201171875,18826.775390625
21228.115234375,18758.109375
21156.130859375,18705.79296875
21104.2734375,18632.70703125
21044.224609375,18564.78515625
20998.49609375,18487.3828125
21057.14453125,18512.390625
21118.978515625,18578.701171875
21170.904296875,18652.712890625
21241.24609375,18708.7109375
21250.884765625,18743.90234375
21320.04296875,18801.62109375
21376.1953125,18872.568359375
21441.228515625,18935.2109375
21490.83984375,19010.94140625
21560.40234375,19068.951171875
21627.796875,19129.607421875
21693.58984375,19192.00390625
21746.259765625,19258.6640625
21821.078125,19307.552734375
21888.59765625,19366.388671875
21958.525390625,19423.658203125
22029.439453125,19475.658203125
22107.740234375,19521.265625
22183.0390625,19569.859375
22186.01953125,19489.546875
22171.505859375,19400.396484375
22137.650390625,19316.30078125
22098.4765625,19235.46484375
22072.4375,19150.642578125
22026.927734375,19073.123046875
21989.111328125,18993.32421875
21955.685546875,18912.484375
21930.755859375,18838.306640625
21896.08203125,18761.869140625
21841.142578125,18690.22265625
21806.2265625,18606.83984375
21760.041015625,18529.09375
21730.490234375,18443.509765625
21699.6171875,18359.505859375
21710.115234375,18284.05859375
21692.078125,18201.296875
21653.705078125,18120.45703125
21608.35546875,18042.064453125
21575.740234375,17957.505859375
21559.52734375,17869.177734375
21501.146484375,17801.00390625
21475.603515625,17715.451171875
21439.46875,17632.59765625
21385.19921875,17560.232421875
21323.625,17493.6796875
21362.05078125,17437.6796875
21442.44140625,17465.1640625
21496.810546875,17536.380859375
21549.53515625,17608.310546875
21583.095703125,17676.150390625
21670.044921875,17672.751953125
21750.98046875,17713.548828125
21795.767578125,17787.671875
21739.822265625,17808.2109375
21655.02734375,17776.109375
21619.66015625,17839.84375
21631.951171875,17928.892578125
21675.263671875,18006.068359375
21725.279296875,18076.373046875
21758.1640625,18160.177734375
21794.107421875,18243.298828125
21826.4765625,18322.884765625
21879.44921875,18393.07421875
21903.5,18478.087890625
21939.810546875,18553.779296875
21973.83984375,18636.02734375
22003.919921875,18721.294921875
22015.12890625,18811.15625
22025.10546875,18901.18359375
22059.2890625,18984.58984375
22084.12109375,19071.556640625
22118.591796875,19154.712890625
22174.125,19224.267578125
22217.595703125,19303.74609375
22256.732421875,19385.48046875
22305.345703125,19461.669921875
22326.734375,19549.50390625
22378.3984375,19623.140625
22431.7578125,19696.421875
22502.689453125,19748.712890625
22588.328125,19778.119140625
22668.357421875,19819.171875
22756.017578125,19842.3203125
22721.31640625,19870.900390625
22631.529296875,19859.025390625
22545.712890625,19830.080078125
22485.431640625,19854.578125
22521.09765625,19937.916015625
22546.455078125,20024.837890625
22575.599609375,20103.923828125
22592.580078125,20192.029296875
22578.263671875,20279.984375
22609.912109375,20363.45703125
22649.634765625,20443.025390625
22687.03125,20523.654296875
22714.978515625,20605.619140625
22746.810546875,20689.8203125
22784.556640625,20767.80078125
22840.4609375,20835.734375
22888.255859375,20908.66796875
22936.810546875,20984.828125
22969.13671875,21068.099609375
23006.419921875,21147.6796875
23054.853515625,21224.236328125
23099.9140625,21302.869140625
23155.6484375,21374.263671875
23209.6015625,21446.59765625
23281.287109375,21501.783203125
23318.939453125,21575.6953125
23314.990234375,21660.73046875
23373.935546875,21728.970703125
23409.3203125,21807.98046875
23478.689453125,21862.580078125
23531.236328125,21934.099609375
23595.3359375,21998.06640625
23544.396484375,22063.330078125
23578.388671875,22137.369140625
23498.26953125,22148.685546875
23408.060546875,22139.8828125
20266.263671875,19385.580078125
20197.9140625,19300.283203125
20752.48828125,19224.228515625
20538.09375,19199.69140625
20526.576171875,19223.978515625
20480.353515625,19152.08203125
20448.310546875,19091.201171875
20401.423828125,19022.654296875
20337.58203125,18960.4609375
20325.943359375,19000.63671875
20376.98046875,19069.900390625
20431.84765625,19140.603515625
33477,20659
33431.6875,20584.521484375
33406.21875,20498.365234375
33390.1796875,20408.947265625
33370.78125,20325.73828125
33325.2890625,20248.15625
33305.3125,20166.330078125
33292.46484375,20077.474609375
33271.55859375,19988.873046875
33253.1015625,19899.71875
33231.12890625,19811.56640625
33220.62109375,19721.1328125
33203.46484375,19635.64453125
33240.1640625,19565.904296875
33260.9609375,19526.0234375
33280.65234375,19614.212890625
33292.8671875,19704.44140625
33304.39453125,19794.759765625
33316.69140625,19884.958984375
33346.828125,19970.423828125
33362.7265625,20058.509765625
33384.26953125,20144.4609375
33392.75,20234.970703125
33394.74609375,20316.162109375
33429.12890625,20397.3671875
33453.92578125,20484.810546875
33484.53515625,20570.5234375
33515.42578125,20649.197265625
14224,20635
14259.87890625,20563.26953125
14279.0478515625,20598.853515625
32309,20634
32307.841796875,20556.759765625
32320.068359375,20475.48828125
32346.87109375,20389.568359375
32363.275390625,20302.68359375
32390.263671875,20216.6015625
32422.857421875,20132.486328125
32472.212890625,20059.267578125
32525.734375,20101.705078125
32489.689453125,20184.197265625
32468.095703125,20270.26953125
32442.259765625,20352.236328125
32413.84765625,20437.87890625
32398.189453125,20524.28125
32371.69921875,20607.2265625
31757,20616
31784.265625,20533.84765625
31817.431640625,20449.791015625
31828.21484375,20361.12109375
31855.267578125,20274.9921875
31883.01953125,20189.783203125
31904.359375,20102.255859375
31914.662109375,20012.759765625
31950.380859375,19929.994140625
31964.87890625,19841.140625
31984.7265625,19753.04296875
32009.0859375,19666.18359375
32034.779296875,19579.74609375
32046.21484375,19493.916015625
32080.458984375,19411.830078125
32092.703125,19322.2734375
32109.38671875,19233.462890625
32128.701171875,19145.51171875
32140.8046875,19056.158203125
32152.52734375,18966.53515625
32164.345703125,18876.9296875
32223.052734375,18845.169921875
32224.71484375,18929.759765625
32195.21875,19007.873046875
32189.666015625,19083.134765625
32192.93359375,19171.7890625
32180.857421875,19261.056640625
32163.03125,19348.84375
32143.521484375,19436.962890625
32127.763671875,19518.224609375
32120.23046875,19603.54296875
32105.8984375,19692.619140625
32078.005859375,19778.2265625
32060.27734375,19866.599609375
32026.01171875,19949.90234375
32003.49609375,20035.927734375
31983.626953125,20123.40234375
31956.236328125,20207.361328125
31950.658203125,20291.630859375
31928.90234375,20378.66796875
31897.546875,20463.31640625
31854.98046875,20541.96484375
31836.931640625,20611.578125
34638,20535
34567.82421875,20478.115234375
34513.62890625,20418.537109375
34437.953125,20370.64453125
34383.8125,20301.978515625
34309.9921875,20249.640625
34257.6171875,20176.3125
34189.2421875,20119.263671875
34130.82421875,20053.09375
34084.0859375,19976.73828125
34013.1640625,19920.87109375
33956.16015625,19850.177734375
33896.734375,19781.515625
33844.83984375,19707.041015625
33793.734375,19634.79296875
33740.06640625,19564.73046875
33692.79296875,19488.21875
33642.77734375,19412.41015625
33606.4375,19329.599609375
33546.984375,19267.748046875
33488.0625,19198.734375
33433.015625,19126.759765625
33385.9609375,19050.865234375
33349.07421875,18969.466796875
33303.25,18898.314453125
33255.296875,18822.63671875
33209.35546875,18744.388671875
33156.19921875,18671.326171875
33111.78515625,18592.205078125
33063.30078125,18515.4375
33032.26171875,18430.548828125
33058.60546875,18375.1328125
33117.11328125,18437.423828125
33172.4609375,18505.572265625
33217.26953125,18583.380859375
33266.46484375,18658.482421875
33295.359375,18736.591796875
33345.91015625,18809.12890625
33395.44921875,18883.01953125
33442.33203125,18960.7890625
33487.5703125,19038.595703125
33536.79296875,19111.71875
33590.48828125,19184.7421875
33640.3203125,19260.6640625
33691.34375,19335.7734375
33739.64453125,19412.537109375
33797.2421875,19482.623046875
33853.20703125,19545.109375
33880.02734375,19629.314453125
33948.41796875,19688.607421875
33995.671875,19765.884765625
34057.35546875,19832.474609375
34119.02734375,19899.1640625
34179.3125,19967.103515625
34239.06640625,20034.494140625
34281.75390625,20114.2109375
34353.46875,20169.447265625
34420.58984375,20230.630859375
34489.96875,20289.158203125
34550.6015625,20350.951171875
34613.203125,20416.525390625
34659.640625,20489.154296875
34719.8203125,20530.30859375
14286,20501
14337.2392578125,20425
14383.9921875,20344.48828125
14426.015625,20263.439453125
14485.1552734375,20217.904296875
14436.9111328125,20297.529296875
14401.654296875,20383.27734375
14363.1884765625,20467.228515625
14470,20194
14520.021484375,20119.041015625
14547.03515625,20033.1015625
14580.5087890625,19949.482421875
14627.2119140625,19872.7421875
14668.9853515625,19794.8515625
14706.8056640625,19713.09375
14732.6884765625,19631.083984375
14766.134765625,19547.84375
14819.7626953125,19475.30859375
14862.740234375,19395.869140625
14911.6171875,19319.96484375
14941.8955078125,19237.37890625
14988.015625,19161.171875
15003.861328125,19075.736328125
15053.2373046875,19003.04296875
15063.3974609375,18914.23828125
15084.228515625,18834.884765625
15101.478515625,18746.927734375
15115.4931640625,18657.87890625
15122.9130859375,18567.833984375
15133.548828125,18478.611328125
15140,18388.501953125
15117.54296875,18306.3671875
15147.29296875,18257.251953125
15225.1220703125,18299.55859375
15244.900390625,18383.93359375
15198.5263671875,18460.650390625
15208.1943359375,18548.3359375
15194.7998046875,18635.693359375
15187.2490234375,18725.599609375
15165.8916015625,18812.455078125
15151.78125,18901.60546875
15125.5263671875,18987.98828125
15084.6748046875,19068.294921875
15060.9052734375,19143.17578125
15023.6826171875,19223.47265625
14986.70703125,19305.115234375
14950.7314453125,19387.291015625
14909.4833984375,19466.478515625
14864.0927734375,19543.203125
14815.5712890625,19619.232421875
14782.6455078125,19694.408203125
14738.427734375,19769.63671875
14699.892578125,19842.6796875
14665.4296875,19923.74609375
14615.5107421875,19996.8046875
14569.1142578125,20073.009765625
14537.1953125,20154.912109375
17740,19975
17739.201171875,19887.962890625
17734.30859375,19796.166015625
17742.478515625,19704.66015625
17744.79296875,19612.564453125
17747.1171875,19520.46875
17751.255859375,19428.4375
17757.98828125,19336.5625
17776.43359375,19246.873046875
17804.994140625,19159.490234375
17812.96875,19068.875
17876.158203125,19049.111328125
17868.138671875,19140.572265625
17853.466796875,19230.87890625
17850.12890625,19322.943359375
17845.8984375,19414.97265625
17839.99609375,19506.90625
17829.94921875,19598.462890625
17813.96484375,19688.796875
17829.349609375,19778.908203125
17808.35546875,19868
17801.6953125,19939.1171875
26024,19879
26056.982421875,19797.205078125
26114.984375,19730.82421875
26172.474609375,19661.080078125
26226.595703125,19588.5703125
26291.236328125,19524.580078125
26355.09375,19459.80859375
26417.44921875,19393.59375
26475.111328125,19323.345703125
26538.626953125,19268.884765625
26607.98828125,19210.423828125
26679.81640625,19155.888671875
26757.376953125,19109.44140625
26844.529296875,19083.859375
26921.2265625,19035.90234375
26999.609375,19029.48828125
27065.6015625,19091.939453125
27129.62109375,19156.494140625
27157.345703125,19220.021484375
27225.6875,19266.96875
27298.7109375,19321.07421875
27327.015625,19401.322265625
27249.52734375,19393.501953125
27179.544921875,19335.630859375
27109.26953125,19278.095703125
27041.0625,19217.921875
26971.453125,19159.40625
26885.283203125,19146.744140625
26800.5625,19178.712890625
26721.826171875,19222.814453125
26654.869140625,19284.1796875
26584.33984375,19338.998046875
26523.9921875,19406.953125
26461.947265625,19473.4453125
26406.861328125,19545.25390625
26345.71484375,19610.537109375
26286.6796875,19678.427734375
26236.298828125,19751.857421875
26168.708984375,19811.076171875
26110.0078125,19876.2265625
29810,19802
29783.701171875,19718.607421875
29784.86328125,19628.609375
29795.22265625,19548.685546875
29816.080078125,19461.37890625
29862.26953125,19384.08203125
29821.953125,19366.708984375
29745.107421875,19412.66015625
29668.431640625,19428.501953125
29690.03125,19351.134765625
29750.90625,19286.94921875
29834.1484375,19254.05078125
29924.11328125,19246.32421875
30005.66796875,19216.93359375
30083.662109375,19220.017578125
30049.853515625,19302.9765625
29992.6015625,19371.705078125
29957.296875,19448.2890625
29920.56640625,19530.744140625
29892.94140625,19615.76953125
29885.390625,19705.810546875
29880.546875,19796.048828125
32463,19713
32440.15234375,19623.875
32435.90234375,19530.869140625
32419.119140625,19440.306640625
32429.275390625,19348.10546875
32492.984375,19348.125
32522.810546875,19426.6171875
32537.53515625,19518.54296875
32550.84375,19610.677734375
32534.90625,19700.443359375
15436,19584
15474.4765625,19503.08203125
15514.166015625,19425.466796875
15551.5673828125,19344.185546875
15587.9716796875,19260.978515625
15635.3525390625,19183.4296875
15695.0224609375,19115.220703125
15710.5380859375,19162.1875
15682.52734375,19246.681640625
15636.7470703125,19324.32421875
15587.255859375,19397.841796875
15555.3203125,19482.265625
15501.4853515625,19555.05078125
17285,19493
17293.3828125,19406.529296875
17312.7109375,19322.4921875
17336.984375,19239.482421875
17398.939453125,19181.853515625
17426.306640625,19243.12109375
17394.865234375,19322.28515625
17376.98828125,19406.244140625
17357.4140625,19490.390625
17304.16015625,19556.994140625
18450,19522
18392.392578125,19450.111328125
18327.447265625,19385.34375
18272.544921875,19311.828125
18224.150390625,19233.453125
18168.279296875,19160.34375
18130.94140625,19076.251953125
18109.017578125,18986.865234375
18161.51171875,18931.4296875
18215.17578125,19002.337890625
18249.783203125,19087.59765625
18297.33203125,19160.73046875
18339.986328125,19241.21484375
18380.009765625,19322.712890625
18432.556640625,19396.646484375
18496.80859375,19462.74609375
18523.439453125,19544.01171875
28213,19548
28209.5234375,19472.470703125
28258.4765625,19397.099609375
28319.21875,19331.00390625
28405.673828125,19313.017578125
28455.28515625,19339.99609375
28409.6328125,19410.408203125
28340.349609375,19466.1875
28294.689453125,19540.72265625
28982,19548
28954.982421875,19465.533203125
28982.6796875,19383.830078125
29022.302734375,19309.47265625
29091.169921875,19257.97265625
29178.771484375,19256.333984375
29204.248046875,19318.591796875
29125.810546875,19361.779296875
29095.333984375,19444.439453125
29057.005859375,19524.912109375
28509,19537
28506.1328125,19447.431640625
28545.111328125,19362.451171875
28603.8828125,19289.525390625
28672.8359375,19226.216796875
28759.51171875,19195.03515625
28827.02734375,19234.82421875
28745.33984375,19280.076171875
28678.84375,19345.693359375
28628.658203125,19422.595703125
28580.21484375,19502.740234375
30623,19533
30629.990234375,19448.888671875
30683.65234375,19374.826171875
30761.263671875,19322.681640625
30850.78515625,19298.916015625
30934.947265625,19298.203125
30931.197265625,19350.1796875
30847.169921875,19391.478515625
30773.2734375,19443.068359375
30707.814453125,19509.849609375
31590,19465
31622.56640625,19395.56640625
31628.140625,19307.345703125
31651.240234375,19221.40234375
31691.037109375,19142.9140625
31729.369140625,19062.826171875
31785.619140625,18994.232421875
31864.966796875,18980.80859375
31836.767578125,19061.30859375
31790.96484375,19137.27734375
31749.453125,19213.951171875
31731.177734375,19300.951171875
31697,19379.0703125
31668.8671875,19460.962890625
29416,19446
29386.814453125,19355.693359375
29383.033203125,19263.505859375
29430.7578125,19190.748046875
29472.904296875,19254.4921875
29492.265625,19339.57421875
29456.734375,19424.046875
28005,19452
27975.4140625,19368.263671875
27964.42578125,19277.0859375
27953.8828125,19186.4453125
27969.453125,19101.0546875
28050.57421875,19076.005859375
28074.0078125,19162.298828125
28076.49609375,19254.337890625
28085.240234375,19345.65234375
28086.939453125,19434.39453125
16753,19424
16780.240234375,19336.390625
16847.29296875,19279.1953125
16874.771484375,19193.189453125
16897.654296875,19103.330078125
16966.51171875,19041.09765625
17008.1640625,19091.166015625
16977.830078125,19179.1953125
16937.626953125,19260.126953125
16889.421875,19339.505859375
16832.671875,19412.927734375
27610,19367
27562.98828125,19301.80078125
27508.109375,19237.779296875
27451.759765625,19175.8671875
27405.185546875,19103.12890625
27370.3125,19026.400390625
27402.80078125,18964.529296875
27475.685546875,18960.693359375
27507.9609375,19041.541015625
27536.666015625,19122.705078125
27574.958984375,19200.875
27632.82421875,19265.265625
27659.771484375,19345.283203125
18860,19318
18811.111328125,19233.548828125
18777.859375,19148.224609375
18866.359375,19142.197265625
18911.296875,19227.947265625
18939.162109375,19310.359375
31136,19281
31169.3046875,19202.66796875
31139.68359375,19151.23046875
31115.921875,19074.3203125
31158.470703125,18996.95703125
31240.09765625,18980.671875
31247.185546875,19065.861328125
31218.537109375,19145.572265625
31275.9296875,19158.234375
31353.572265625,19180.615234375
31299.759765625,19247.57421875
31223.341796875,19288.818359375
19235,19190
19162.564453125,19146.521484375
19114.853515625,19086.142578125
19193.603515625,19088.638671875
19270.44921875,19122.962890625
19310.158203125,19177.21484375
25902,19123
25873.40234375,19039.12109375
25865.501953125,18951.310546875
25927.619140625,18896.712890625
25966.880859375,18954.431640625
25998.515625,19034.984375
25978.724609375,19120.0625
34008,19123
33950.49609375,19056.6015625
33888.75,18990.888671875
33831.25,18921.423828125
33777.93359375,18848.84375
33729.80859375,18772.912109375
33684.29296875,18699.357421875
33643.81640625,18636.37109375
33583.60546875,18576.15234375
33539.05859375,18498.78515625
33498.49609375,18419.658203125
33438.85546875,18352.78125
33389.96484375,18277.07421875
33345.546875,18200.060546875
33305.04296875,18119.65234375
33272.0546875,18035.8359375
33245.44921875,17949.900390625
33209.4765625,17886.453125
33292.25390625,17863.20703125
33325.92578125,17941.32421875
33371.1796875,18018.505859375
33402.3515625,18103.0390625
33446.1875,18180.85546875
33482.71484375,18261.720703125
33541.23828125,18324.79296875
33585.84375,18402.533203125
33595.89453125,18463.51171875
33655.2265625,18526.572265625
33704.8671875,18600.50390625
33744.37109375,18678.173828125
33806.9453125,18741.4140625
33869.92578125,18805.82421875
33919.3046875,18881.134765625
33976.234375,18951.015625
34028.734375,19023.04296875
34077.7265625,19097.095703125
30420,19092
30382.814453125,19019.947265625
30409.16015625,18937.990234375
30489.03125,18907.6328125
30575.4921875,18916.310546875
30616.197265625,18989.064453125
30534.791015625,19014.05078125
30496.119140625,19087.74609375
25589,19021
25513.1796875,18974.93359375
25447.92578125,18914.34375
25369.416015625,18908.705078125
25297.328125,18957.34765625
25264.978515625,18897.486328125
25321.021484375,18829.595703125
25364.349609375,18751.86328125
25436.287109375,18708.1640625
25477.658203125,18779.6796875
25538.978515625,18841.138671875
25598.232421875,18906.6015625
25638.197265625,18985.8515625
18596,18842
18586.693359375,18750.552734375
18605.189453125,18659.724609375
18683.759765625,18628.060546875
18745.55078125,18676.40234375
18799.58984375,18741.107421875
18857.453125,18800.470703125
18777.794921875,18842.66015625
18685.568359375,18837.70703125
30172,18813
30099.08203125,18761.09375
30035.623046875,18702.982421875
29966.76171875,18645.755859375
29910.732421875,18575.6953125
29851.953125,18507.873046875
29828.64453125,18429.4921875
29914.791015625,18430.8203125
29967.623046875,18501.36328125
30030.9140625,18562.302734375
30099.359375,18620.330078125
30172.322265625,18672.556640625
30243.42578125,18683.7109375
30247.80078125,18606.88671875
30263.666015625,18538.345703125
30269.806640625,18452.56640625
30346.34765625,18429.451171875
30392.59765625,18496.9375
30368.966796875,18582.16015625
30346.16796875,18667.1796875
30377.728515625,18748.55078125
30339.474609375,18823.568359375
30254.078125,18847.720703125
24818,18803
24780.603515625,18726.005859375
24751.240234375,18643.427734375
24722.5625,18561.08203125
24700.32421875,18478.814453125
24763.755859375,18456.701171875
24801.912109375,18531.01953125
24833.744140625,18607.73046875
24879.75,18681.947265625
24885.505859375,18764.455078125
16862,18778
16875.890625,18694.708984375
16914.421875,18611.595703125
16960.90625,18533.478515625
17008.943359375,18454.388671875
17048.7109375,18371.6484375
17127.599609375,18327.84765625
17155.0390625,18375.970703125
17113.50390625,18456.357421875
17060.642578125,18526.671875
17023.005859375,18602.859375
16983.30078125,18663.154296875
16922.923828125,18731.71875
17850,18677
17860.765625,18586.8359375
17884.96484375,18499.349609375
17940.607421875,18428.037109375
17980.130859375,18347.578125
18062.193359375,18312.572265625
18143.904296875,18339.2734375
18213.142578125,18283.822265625
18285.62890625,18324.2109375
18272.10546875,18412.603515625
18244.189453125,18498.404296875
18191.90234375,18568.3515625
18130.357421875,18535.61328125
18066.365234375,18500.037109375
17986.111328125,18531.833984375
17942.681640625,18608.94921875
17910.154296875,18691.40625
31580,18675
31607.943359375,18594.263671875
31643.412109375,18516.15625
31680.515625,18439.6640625
31753.900390625,18402.884765625
31764.46484375,18467.68359375
31724.677734375,18541.947265625
31685.3515625,18617.603515625
31633.65625,18674.765625
14049,18569
14052.408203125,18482.703125
14031.513671875,18403.35546875
14092.4921875,18341.552734375
14134.7822265625,18408.783203125
14125.5458984375,18491.39453125
14114.310546875,18579.0078125
17233,18584
17267.2734375,18499.951171875
17299.73828125,18412.859375
17350.80859375,18342.841796875
17437.12890625,18311.154296875
17493.078125,18358.396484375
17434.734375,18430.8828125
17366.8046875,18493.197265625
17307.365234375,18563.267578125
24170,18580
24157.78125,18506.689453125
24172.75390625,18421.642578125
24117.53125,18349.41015625
24073.947265625,18292.833984375
24155.1640625,18260.08203125
24235.1171875,18302.27734375
24293.236328125,18325.283203125
24316.16796875,18390.203125
24366.13671875,18463.833984375
24411.78515625,18536.958984375
24325.8125,18536.3359375
24244.611328125,18542.921875
25420,18531
25339.69921875,18488.4296875
25264.201171875,18437.95703125
25208.296875,18367.783203125
25153.22265625,18296.92578125
25109.806640625,18219.662109375
25069.46875,18139.58203125
25081.080078125,18052.41796875
25157.39453125,18029.390625
25199.564453125,18102.15234375
25230.115234375,18187.244140625
25271.8984375,18265.912109375
25332.654296875,18332.91015625
25405.23046875,18351.74609375
25440.818359375,18268.25390625
25508.15625,18222.484375
25562.2890625,18270.44140625
25545.138671875,18359.1015625
25537.560546875,18449.6484375
25509.251953125,18533.083984375
31250,18525
31259.263671875,18436.07421875
31291.05078125,18350.759765625
31328.69921875,18267.787109375
31367.037109375,18185.12890625
31405.484375,18105.0078125
31480.033203125,18120.234375
31466.439453125,18197.525390625
31440.103515625,18277.392578125
31401.427734375,18359.623046875
31370.447265625,18444.875
31315.33203125,18516.619140625
23868,18519
23823.6875,18443.578125
23802.71484375,18362.380859375
23784.1015625,18275.921875
23766.228515625,18189.630859375
23799.583984375,18112.927734375
23859.072265625,18176.7421875
23896.353515625,18250.25
23915.564453125,18334.212890625
23911.181640625,18423.419921875
23937.61328125,18506.78125
33913,18517
33856.1640625,18447.60546875
33808.64453125,18367.162109375
33775.08203125,18280.521484375
33795.27734375,18204.26171875
33856.17578125,18258.486328125
33901.86328125,18337.68359375
33957.34765625,18411.095703125
33988.6171875,18497.181640625
28526,18501
28446.453125,18465.890625
28386.876953125,18398.544921875
28336.09375,18325.7578125
28265.767578125,18274.25
28196.025390625,18217.56640625
28124.458984375,18163.576171875
28069.080078125,18092.8203125
28027.927734375,18020.68359375
28088.69921875,17962.5390625
28159.04296875,18013.748046875
28216.884765625,18082.57421875
28278.908203125,18147.712890625
28342.712890625,18211.11328125
28408.783203125,18272.130859375
28457.384765625,18247.84765625
28438.265625,18167.654296875
28500.681640625,18103.59375
28563.244140625,18133.1875
28581.376953125,18217.16015625
28576.1171875,18306.671875
28603.341796875,18391.775390625
28592.62890625,18479.26171875
13499,18443
13515.341796875,18352.943359375
13535.40625,18262.212890625
13560.275390625,18172.623046875
13593.7939453125,18086.138671875
13573.81640625,18013.587890625
13481.07421875,18006.939453125
13452.796875,17943.859375
13497.375,17867.751953125
13567.96875,17810.455078125
13641.5234375,17842.078125
13711.095703125,17897.751953125
13695.3173828125,17986.337890625
13666.2763671875,18073.603515625
13653.51171875,18164.763671875
13617.482421875,18250.46484375
13599.1220703125,18341.001953125
13568.873046875,18426.951171875
31109,18393
31105.142578125,18303.16015625
31131.904296875,18217.615234375
31164.85546875,18133.70703125
31195.94921875,18049.095703125
31239.173828125,17970.416015625
31300.33203125,17904.349609375
31382.025390625,17897.6328125
31379.08203125,17963.171875
31322.220703125,18032.755859375
31281.5390625,18112.791015625
31256.76953125,18198.7734375
31222.3984375,18282.05078125
31174.625,18358.33203125
19080,18260
19092.841796875,18186.787109375
19102.158203125,18099.451171875
19131.283203125,18015.9921875
19168.09765625,17935.55859375
19214.478515625,17861.556640625
19291.98046875,17834.1171875
19375.6875,17861.65625
19442.517578125,17917.642578125
19440.08203125,17994.970703125
19415.314453125,18071.294921875
19372.162109375,18140.70703125
19308.53515625,18164.03515625
19302.216796875,18075.833984375
19259.70703125,18022.431640625
19217.14453125,18097.201171875
19182.48828125,18178.578125
19147.35546875,18259.72265625
23220,18149
23206.212890625,18063.79296875
23218.0703125,17977.421875
23257.041015625,17899.94921875
23320.912109375,17915.083984375
23379.90234375,17961.740234375
23419.61328125,18022.533203125
23361.95703125,18088.05859375
23295.591796875,18144.8671875
33930,18033
33870.8046875,17974.873046875
33897.19140625,17910.234375
33968.484375,17922.521484375
34013.69140625,17988.076171875
34010.40234375,18050.30859375
34429,18029
34369.5703125,17958.119140625
34320.71875,17882.45703125
34270.08984375,17807.271484375
34220.42578125,17732.158203125
34171.77734375,17655.9765625
34127.29296875,17574.78515625
34107.3203125,17491.8984375
34189.4140625,17517.18359375
34270.66796875,17561.8828125
34305.984375,17640.40234375
34333.42578125,17727.201171875
34385.8515625,17801.78125
34432.4140625,17876.6953125
34496.5546875,17943.6328125
34511.80859375,18022.912109375
26463,17940
26380.6953125,17905.208984375
26300.32421875,17865.455078125
26226.576171875,17814.15625
26170.958984375,17747.84375
26252.208984375,17724.75
26338.021484375,17751.380859375
26403.388671875,17751.564453125
26359.759765625,17674.00390625
26396.365234375,17602.43359375
26481.87109375,17585.01171875
26567.060546875,17613.556640625
26653.548828125,17637.853515625
26742.66015625,17647.794921875
26822.849609375,17613.728515625
26890.078125,17640.396484375
26855.39453125,17718.587890625
26768.576171875,17738.30078125
26678.755859375,17736.349609375
26588.953125,17737.109375
26595.212890625,17809.966796875
26616.65234375,17885.63671875
26551.8828125,17943.650390625
22856,17877
22851.873046875,17796.265625
22898.328125,17725.93359375
22963.5703125,17673.033203125
23005.853515625,17726.365234375
22983.646484375,17803.8203125
22924.794921875,17865.314453125
30955,17840
30935.205078125,17756.27734375
30935.611328125,17669.533203125
30984.52734375,17611.04296875
31044.79296875,17662.78515625
31024.0390625,17746.15625
31028.326171875,17829.80859375
18265,17800
18262.05078125,17709.337890625
18277.5703125,17619.201171875
18284.890625,17528.5625
18362.6171875,17488.759765625
18447.228515625,17506.263671875
18517.412109375,17560.015625
18606.09375,17574.21875
18694.576171875,17572.181640625
18714.337890625,17652.470703125
18673.603515625,17732.9375
18601.47265625,17786.88671875
18518.521484375,17762.19140625
18439.9296875,17794.26171875
18349.30078125,17792.265625
22516,17791
22534.34375,17709.62890625
22596.70703125,17642.78515625
22661.796875,17584.24609375
22751.146484375,17589.625
22727.6015625,17669.623046875
22653.955078125,17723.5859375
22589.853515625,17783.98828125
30685,17659
30715.560546875,17579.654296875
30734.53125,17494.203125
30744.568359375,17406.955078125
30769.130859375,17326.068359375
30851.361328125,17299.4375
30879.291015625,17372.671875
30865.2734375,17457.818359375
30853.8515625,17533.2109375
30811.57421875,17605.798828125
30762.544921875,17673.322265625
13231,17641
13256.32421875,17564.5859375
13238.9970703125,17499.67578125
13242.1748046875,17430.388671875
13304.65625,17368.556640625
13366.1201171875,17305.962890625
13446.8515625,17324.904296875
13429.2373046875,17398.791015625
13393.8779296875,17479.51171875
13345.458984375,17551.26171875
13303.17578125,17623.8671875
17373,17640
17371.8671875,17567.298828125
17407.908203125,17486.33203125
17449.24609375,17408.494140625
17488.9765625,17329.8515625
17526.13671875,17249.296875
17540.373046875,17161.96484375
17575.62890625,17082.44140625
17647.8828125,17052.12109375
17719.080078125,17089.203125
17665.109375,17155.134765625
17622.048828125,17232.35546875
17590.986328125,17314.9375
17560.455078125,17398.1171875
17522.78515625,17477.755859375
17490.51953125,17557.5625
17451.75390625,17627.05078125
22183,17533
22192.865234375,17452.11328125
22252.60546875,17388.025390625
22285.234375,17303.79296875
22302.16015625,17217.7734375
22376.98046875,17188.396484375
22374.4765625,17267.287109375
22339.669921875,17348.55078125
22312.662109375,17432.830078125
22267.4609375,17504.03515625
19027,17367
18986.16015625,17296.732421875
18905.583984375,17334.900390625
18853.2890625,17275.41015625
18872.66796875,17188.392578125
18896.4609375,17102.306640625
18919.8046875,17015.412109375
18958.880859375,16937.943359375
19043.720703125,16928.564453125
19087.720703125,17005.265625
19142.708984375,17057.82421875
19209.939453125,17020.9921875
19265.50390625,16970.6171875
19329.013671875,17013.2421875
19322.017578125,17101.982421875
19339.66015625,17180.623046875
19317.685546875,17258.689453125
19255.59375,17301.818359375
19167.517578125,17282.294921875
19102.69921875,17330.69140625
17749,17334
17767.984375,17259.109375
17784.2890625,17175.341796875
17821.904296875,17110.072265625
17905.697265625,17124.142578125
17895.513671875,17202.177734375
17883.626953125,17286.56640625
17830.38671875,17347.07421875
21444,17328
21422.455078125,17240.4140625
21435.681640625,17155.365234375
21432.328125,17069.94921875
21439.01171875,16979.44140625
21441.55078125,16888.71484375
21439.890625,16797.96875
21441.587890625,16707.259765625
21471.7578125,16629.693359375
21549.26953125,16669.88671875
21548.78515625,16759.47265625
21546.072265625,16850.185546875
21547.453125,16940.9375
21556.85546875,17030.84375
21620.583984375,16976.251953125
21676.5703125,16905.15625
21741.62109375,16856.48828125
21786.6484375,16909.3828125
21744.12109375,16989.37890625
21692.96875,17064.34765625
21605.138671875,17070.091796875
21529.423828125,17105.2265625
21509.01171875,17193.193359375
21500.060546875,17283.041015625
34451,17311
34388.82421875,17243.458984375
34382.203125,17183.869140625
34458.0078125,17207.078125
34524.84375,17265.73046875
34536.1875,17338.958984375
32372,17187
32384.74609375,17103.6796875
32365.83984375,17019.009765625
32368.1953125,16935.9375
32375.533203125,16857.068359375
32349.271484375,16775.888671875
32374.5078125,16694.9140625
32459.4140625,16692.857421875
32521.248046875,16742.751953125
32516.318359375,16803.81640625
32441.8515625,16834.859375
32469.89453125,16915.2578125
32469.724609375,17002.830078125
32467.61328125,17090.38671875
32439.30859375,17170.42578125
13236,17133
13261.98046875,17051.646484375
13335.6171875,17011.59375
13344.97265625,17075.58203125
13290.919921875,17139.23828125
24290,17060
24204.279296875,17032.599609375
24129.369140625,16980.90625
24054.4296875,16930.291015625
23987.798828125,16868.921875
23920.677734375,16808.470703125
23867.125,16740.5546875
23935.744140625,16701.203125
24007.779296875,16755.46875
24074.5390625,16817.701171875
24150.46875,16868.25
24234.384765625,16880.17578125
24195.076171875,16800.3203125
24156.453125,16718.779296875
24116.744140625,16638.607421875
24170.26953125,16566.6015625
24257.896484375,16565.21875
24338.82421875,16604.66796875
24399.40234375,16667.34375
24483.1796875,16703.7265625
24566.4765625,16741.22265625
24642.970703125,16787.8203125
24604.896484375,16860.05859375
24515.8671875,16852.98828125
24438.5078125,16805.365234375
24358.15234375,16765.87890625
24291.7265625,16745.572265625
24340.357421875,16821.48828125
24388.90234375,16898.77734375
24423.529296875,16980.69140625
24377.369140625,17057.791015625
32662,16981
32655.505859375,16894.115234375
32680.197265625,16808.015625
32729.3046875,16733.28515625
32808.43359375,16695.37890625
32865.69140625,16742.865234375
32813.6484375,16802.625
32768.810546875,16875.3125
32741.96875,16956.986328125
30288,16944
30279.318359375,16872.716796875
30306.0078125,16788.888671875
30343.38671875,16710.896484375
30392.939453125,16637.4765625
30476.857421875,16624.662109375
30477.720703125,16695.6640625
30436.90234375,16771.685546875
30392.947265625,16849.025390625
30361.9375,16932.302734375
13043,16904
13070.091796875,16818.724609375
13072.2978515625,16764.912109375
13000.4912109375,16809.478515625
12937.3564453125,16770.171875
12952.662109375,16691.419921875
13018.48828125,16632.126953125
13104.39453125,16603.41015625
13139.8154296875,16660.466796875
13196.6826171875,16693.49609375
13227.37109375,16756.46484375
13186.3994140625,16837.3203125
13121.7041015625,16900.908203125
34635,16860
34567.39453125,16810.162109375
34489.05078125,16788.181640625
34455.01953125,16723.439453125
34417.78125,16649.62109375
34473.05859375,16604.87890625
34555.5390625,16630.759765625
34608.42578125,16698.099609375
34669.7265625,16757.091796875
34738.87890625,16806.251953125
34715.36328125,16874.828125
22404,16671
22386.15234375,16594.279296875
22467.24609375,16575.970703125
22525.529296875,16535.814453125
22509.92578125,16449.23046875
22482.583984375,16367.3896484375
22510.03515625,16292.478515625
22594.9609375,16290.0283203125
22672.509765625,16332.466796875
22747.51953125,16375.23828125
22735.849609375,16455.748046875
22656.025390625,16483.154296875
22625.00390625,16525.4296875
22607.88671875,16611.55859375
22570.66015625,16687.298828125
22482.572265625,16695.45703125
34670,16694
34624.51171875,16616.0390625
34589.46484375,16530.453125
34615.19921875,16447.923828125
34682.95703125,16452.5390625
34700.828125,16544.701171875
34712.91015625,16637.767578125
12827,16638
12845.568359375,16561.06640625
12885.421875,16481.8828125
12961.357421875,16473.326171875
12943.615234375,16557.046875
12909.95703125,16633.927734375
25890,16619
25801.783203125,16595.556640625
25713.83203125,16571.1953125
25644.595703125,16526.4453125
25557.00390625,16501.947265625
25490.017578125,16447.47265625
25542.056640625,16380.1083984375
25625.77734375,16415.673828125
25708.33203125,16452.873046875
25791.5,16484.37890625
25877.236328125,16515.08984375
25967.203125,16530.7109375
26058.255859375,16530.427734375
26098.28515625,16458.494140625
26074.685546875,16371.58984375
26093.5078125,16283.5966796875
26150.560546875,16245.40234375
26239.8515625,16257.78515625
26323.126953125,16292.9619140625
26299.0234375,16356.7939453125
26207.853515625,16357.1865234375
26173.1640625,16420.1484375
26183.50390625,16493.822265625
26133.06640625,16559.26953125
26069.94921875,16614.974609375
25980.373046875,16629.142578125
28670,16580
28594.771484375,16528.35546875
28526.126953125,16467.294921875
28456,16411.193359375
28398.994140625,16358.685546875
28329.62890625,16298.5126953125
28266.291015625,16232.0166015625
28249.943359375,16150.1630859375
28329.865234375,16170.71875
28398.693359375,16231.4130859375
28453.923828125,16291.541015625
28524.44921875,16348.685546875
28587.9921875,16409.4921875
28657.7265625,16460.23828125
28732.01171875,16505.50390625
28747.06640625,16570.95703125
28724,16455
28686.361328125,16375.72265625
28731.365234375,16305.59375
28822.83984375,16304.109375
28914.64453125,16310.2548828125
29006.63671875,16310.083984375
29068.646484375,16361.8955078125
29043.5,16429.857421875
28957.09765625,16405.90234375
28866.546875,16414.08984375
28802.6875,16460.83984375
18860,16453
18781.53125,16423.498046875
18698.845703125,16403.48828125
18610.005859375,16400.9697265625
18543.603515625,16346.693359375
18580.400390625,16271.697265625
18606.09375,16187.029296875
18614.9609375,16098.0732421875
18640.421875,16013.583984375
18722.251953125,16032.244140625
18806.14453125,16051.8876953125
18884.818359375,16078.96484375
18906.693359375,16165.2431640625
18912.69921875,16254.3232421875
18972.81640625,16318.9482421875
19002.0078125,16395.49609375
18948.369140625,16452.166015625
27189,16318
27197.916015625,16238.1181640625
27175.2109375,16206.5849609375
27165.939453125,16120.294921875
27160.759765625,16037.755859375
27188.669921875,15955.828125
27263.31640625,15936.826171875
27258.04296875,16014.0107421875
27253.68359375,16101.5380859375
27256.93359375,16189.3427734375
27256.16015625,16274.3701171875
12596,16242
12631.9052734375,16164.37109375
12705.44140625,16111.47265625
12789.4326171875,16097.1640625
12756.0322265625,16177.76953125
12679.4296875,16220.2353515625
21462,16193
21456.236328125,16106.26171875
21467.5859375,16019.40625
21489.6953125,15934.7099609375
21544.7890625,15875.5869140625
21601.259765625,15928.8134765625
21599.1796875,16015.5126953125
21575.615234375,16099.521484375
21528.435546875,16173.02734375
12790,16055
12723.087890625,15998.8583984375
12641.7958984375,16000.0029296875
12564.59765625,16037.6513671875
12556.3125,15961.48046875
12603.134765625,15887.5986328125
12597.724609375,15804.7568359375
12551.775390625,15726.7529296875
12485.6318359375,15691.6474609375
12408.361328125,15737.9326171875
12338.529296875,15713.265625
12384.5029296875,15636.8330078125
12438.3671875,15573.9970703125
12397.708984375,15529.00390625
12317.02734375,15553.099609375
12280.212890625,15493.16015625
12335.0751953125,15421.078125
12387.0390625,15348.787109375
12441.8916015625,15289.2861328125
12405.2490234375,15207.126953125
12374.6982421875,15128.814453125
12314.8544921875,15138.1875
12236.4892578125,15183.3525390625
12151.720703125,15180.3603515625
12191.1318359375,15103.396484375
12253.90234375,15038.693359375
12318.4189453125,14977.490234375
12281.90234375,14897.15625
12293.4091796875,14817.1298828125
12377.234375,14793.3369140625
12446.2255859375,14851.2578125
12508.7666015625,14916.7587890625
12554.8759765625,14992.11328125
12635.7236328125,15003.8701171875
12722.74609375,14983.6064453125
12797.4560546875,15033.6787109375
12868.5751953125,15058.984375
12952.923828125,15027.6904296875
13043.068359375,15029.1337890625
13116.560546875,15076.9091796875
13178.296875,15140.3310546875
13245.6689453125,15197.90625
13310.0263671875,15165.62890625
13379.5771484375,15112.0205078125
13469.4248046875,15111.7890625
13537.7646484375,15157.9541015625
13612.81640625,15207.638671875
13678.033203125,15197.861328125
13740.376953125,15137.3896484375
13822.9306640625,15135.8203125
13905.66015625,15172.7275390625
13991.505859375,15199.06640625
14082.060546875,15197.6796875
14172.5,15192.42578125
14262.759765625,15184.7802734375
14309.9951171875,15219.7177734375
14255.5087890625,15277.529296875
14166.1630859375,15292.2470703125
14075.9697265625,15300.662109375
13985.462890625,15304.3056640625
13895.53125,15296.453125
13817.091796875,15300.3359375
13767.4306640625,15372.056640625
13678.775390625,15380.224609375
13593.7568359375,15349.791015625
13515.0732421875,15307.65625
13439.142578125,15273.8310546875
13459.66015625,15355.42578125
13444.6865234375,15434.7109375
13359.806640625,15457.072265625
13282.85546875,15410.8828125
13210.048828125,15357.23828125
13183.0400390625,15403.853515625
13217.3681640625,15486.8330078125
13197.326171875,15567.6025390625
13118.2880859375,15567.056640625
13042.263671875,15518.568359375
12991.1396484375,15553.5029296875
13016.69140625,15638.482421875
12990.57421875,15716.6103515625
12907.162109375,15699.1396484375
12852.6015625,15626.91015625
12797.3447265625,15555.134765625
12744.607421875,15484.080078125
12687.6376953125,15414.255859375
12651.064453125,15331.7431640625
12592.0576171875,15270.392578125
12591.83203125,15326.3896484375
12632.5498046875,15402.115234375
12655.2724609375,15475.3212890625
12697.666015625,15552.8603515625
12730.1025390625,15637.2314453125
12766.1005859375,15717.7197265625
12811.0908203125,15794.5859375
12836.80078125,15881.150390625
12869.818359375,15965.419921875
12846.8955078125,16049.38671875
12963.310546875,15432.908203125
34897,16063
34926.4765625,15987.0234375
34988.7578125,15925.119140625
35068.890625,15887.7744140625
35141.1640625,15836.8056640625
35219.46484375,15799.4716796875
35295.6640625,15757.1572265625
35383.19921875,15738.87109375
35469.11328125,15714.072265625
35557.58203125,15698.2744140625
35532.91796875,15773.14453125
35444.484375,15786.6787109375
35361.3046875,15819.0322265625
35282.875,15855.05078125
35203.2421875,15896.8232421875
35127.79296875,15942.93359375
35058.203125,15999.5439453125
34981.08984375,16045.73828125
27514,15998
27487.634765625,15913.9306640625
27486.240234375,15824.3349609375
27535.619140625,15747.2919921875
27598.671875,15774.7177734375
27573.326171875,15863.1044921875
27566.23046875,15955.8603515625
21337,15959
21328.896484375,15875.8310546875
21345.328125,15788.9130859375
21376.822265625,15707.2841796875
21389.013671875,15625.80078125
21412.712890625,15542.3466796875
21448.876953125,15465.46875
21508.96484375,15403.884765625
21554.935546875,15443.5400390625
21525.236328125,15526.24609375
21495.1171875,15606.3017578125
21480.564453125,15690.9638671875
21464.087890625,15774.9091796875
21453.2890625,15862.75390625
21419.970703125,15944.025390625
31791,15920
31720.373046875,15868.4208984375
31667.541015625,15801.896484375
31595.828125,15750.416015625
31534.384765625,15805.806640625
31493.0546875,15876.8857421875
31406.779296875,15891.8212890625
31326.458984375,15861.5859375
31292.68359375,15778.8583984375
31271.89453125,15696.8232421875
31335.65234375,15646.009765625
31368.69921875,15631.1396484375
31411.869140625,15699.9072265625
31396.830078125,15617.67578125
31415.2265625,15531.5283203125
31496.318359375,15500.876953125
31521.994140625,15552.0068359375
31585.8203125,15596.2392578125
31649.470703125,15648.5537109375
31699.73828125,15716.3642578125
31774.396484375,15763.421875
31850.630859375,15799.8447265625
31911.599609375,15738.3564453125
31985.015625,15715.69140625
31995.140625,15789.8857421875
31985.03515625,15872.451171875
31957.744140625,15952.947265625
31868.939453125,15959.0390625
34850,15860
34773.703125,15810.0927734375
34693.6875,15770.0419921875
34743.57421875,15710.9541015625
34832.94140625,15731.48828125
34901.7734375,15786.6083984375
34958.43359375,15856.236328125
34926.4609375,15909.07421875
35799,15804
35843.4921875,15735.1298828125
35911.953125,15677.4775390625
35987.8671875,15625.9609375
36069.828125,15583.5244140625
36149.734375,15537.4462890625
36229.7109375,15495.2314453125
36303.90234375,15443.7685546875
36378.625,15390.419921875
36453.0859375,15336.2734375
36532.90234375,15330.0771484375
36498.63671875,15409.9345703125
36426.33203125,15465.912109375
36346.12890625,15511.037109375
36279.79296875,15572.953125
36208.65625,15631.630859375
36126.0859375,15672.388671875
36041.16796875,15708.017578125
35964.6015625,15759.3037109375
35883.0859375,15795.8505859375
16120,15709
16029.44921875,15704.1240234375
15939.24609375,15695.046875
15852.7568359375,15668.6962890625
15770.3671875,15630.916015625
15699.3115234375,15578.767578125
15630.8798828125,15523.1103515625
15560.423828125,15466.134765625
15495.224609375,15403.1259765625
15432.7373046875,15337.4228515625
15398.7744140625,15256.5361328125
15377.2353515625,15169.6904296875
15371.2705078125,15079.21484375
15369.24609375,14988.55859375
15370.5693359375,14897.8896484375
15378.802734375,14807.6669921875
15406.9033203125,14730.822265625
15447.3203125,14650.1796875
15482.6201171875,14566.9765625
15512.5693359375,14481.388671875
15547.2587890625,14397.703125
15599.5986328125,14323.8740234375
15651.7919921875,14249.884765625
15718.5068359375,14188.79296875
15781.248046875,14123.57421875
15845.435546875,14064.25390625
15920.916015625,14016.0478515625
16003.384765625,13980.181640625
16080.337890625,13936.21875
16147.654296875,13875.5107421875
16228.6865234375,13837.0576171875
16312.8017578125,13803.3388671875
16401.8212890625,13788.1259765625
16491.138671875,13773.267578125
16577.662109375,13797.48046875
16665.205078125,13821.1357421875
16754.08203125,13838.3603515625
16843.6171875,13848.6513671875
16926.271484375,13878.3466796875
16998.63671875,13931.8955078125
17079.2109375,13971.078125
17146.1875,14032.11328125
17203.548828125,14102.33203125
17262.65625,14171.0439453125
17341.294921875,14210.7080078125
17344.662109375,14295.326171875
17347.91796875,14385.890625
17353.025390625,14476.4296875
17348.837890625,14566.10546875
17354.955078125,14651.34765625
17332.548828125,14736.2939453125
17323.52734375,14826.1396484375
17285.140625,14905.9814453125
17268.642578125,14986.265625
17228.17578125,15055.376953125
17178.19140625,15128.005859375
17151.84375,15209.06640625
17104.30078125,15278.140625
17062.05859375,15355.416015625
16996.15234375,15412.6533203125
16929.3984375,15473.9833984375
16860.837890625,15533.31640625
16786.462890625,15585.029296875
16704.931640625,15624.6259765625
16621.0625,15657.8994140625
16537.7421875,15693.6396484375
16448.9921875,15711.05078125
16358.400390625,15714.576171875
16267.7236328125,15713.662109375
16177.0771484375,15711.05078125
16458.58203125,15571.916015625
16545.7109375,15546.8203125
16630.7578125,15515.4384765625
16710.33203125,15472.3525390625
16781.30859375,15416.1240234375
16846.673828125,15355.224609375
16915.150390625,15298.19921875
16982.23046875,15239.8046875
17015.716796875,15155.79296875
17069.1875,15083.9326171875
17110.484375,15004.67578125
17140.8203125,14919.640625
17170.5390625,14834.2333984375
17194.3515625,14746.9521484375
17202.3671875,14656.669921875
17204.64453125,14566.0166015625
17213.31640625,14475.9609375
17209.193359375,14390.6083984375
17200.033203125,14305.1982421875
17110.09375,14313.40625
17047.423828125,14377.3818359375
17020.833984375,14460.505859375
16979.02734375,14538.373046875
16935.251953125,14617.7109375
16888.84765625,14694.3173828125
16840.001953125,14770.291015625
16776.9453125,14835.2353515625
16726.78515625,14909.189453125
16656.697265625,14962.720703125
16618.8125,15044.3916015625
16539.75,15084.9326171875
16468.69140625,15037.205078125
16431.107421875,14955.611328125
16362.509765625,14904.0849609375
16281.28125,14866.0791015625
16208.892578125,14811.4765625
16152.892578125,14744.2158203125
16090.2236328125,14678.7705078125
16030.9853515625,14611.013671875
15966.7041015625,14549.79296875
15903.49609375,14484.8203125
15834.6396484375,14425.9052734375
15769.4375,14367.0302734375
15714.4755859375,14418.2431640625
15674.2470703125,14499.5146484375
15638.615234375,14582.69140625
15600.47265625,14664.900390625
15565.8310546875,14748.337890625
15530.529296875,14830.765625
15512.08984375,14919.3525390625
15473.404296875,15001.208984375
15510.0234375,15072.3876953125
15529.677734375,15158.63671875
15542.9501953125,15246.1806640625
15617.294921875,15292.4677734375
15666.3603515625,15366.5
15732.5126953125,15422.7841796875
15787.0048828125,15479.8642578125
15867.9013671875,15516.9638671875
15950.7841796875,15553.5908203125
16039.4228515625,15568.705078125
16129.8095703125,15567.72265625
16216.8974609375,15589.2353515625
16302.630859375,15585.4267578125
16389.0537109375,15588.984375
16624.330078125,14818.314453125
16599.53125,14736.021484375
16531.130859375,14681.2353515625
16476.822265625,14742.5498046875
16440.41015625,14825.5087890625
16451.427734375,14875.609375
16538.884765625,14896.6123046875
16347.1865234375,14713.12109375
16381.0654296875,14634.259765625
16428.1171875,14557.95703125
16414.595703125,14473.8984375
16373.103515625,14395.89453125
16310.8466796875,14330.1162109375
16274.4208984375,14247.1865234375
16234.103515625,14165.9609375
16170.7333984375,14107.5634765625
16081.857421875,14122.341796875
15998.373046875,14156.9970703125
15916.6591796875,14191.0595703125
15877.533203125,14262.3046875
15936.521484375,14329.5
15999.4365234375,14394.1318359375
16057.6591796875,14462.103515625
16118.599609375,14528.8896484375
16184.837890625,14587.2734375
16230.1015625,14662.2890625
16287.91015625,14732.0693359375
16723.97265625,14624.96875
16389.1650390625,14162.28125
16404.3359375,14176.091796875
25297,15559
25211.986328125,15547.634765625
25130.65625,15511.50390625
25050.419921875,15472.9033203125
24976.908203125,15422.6201171875
24913.90234375,15361.970703125
24835.083984375,15326.9931640625
24825.828125,15246.4296875
24908.421875,15239.6044921875
24977.32421875,15295.4150390625
25053.466796875,15337.68359375
25127.474609375,15382.4619140625
25202.869140625,15429.7666015625
25281.939453125,15468.166015625
25364.12109375,15479.244140625
25338.677734375,15399.462890625
25286.482421875,15327.8427734375
25235.41015625,15254.84375
25216.966796875,15176.896484375
25296.224609375,15140.4306640625
25373.66015625,15170.9873046875
25454.587890625,15207.58203125
25520.85546875,15255.3486328125
25586.20703125,15315.0810546875
25599.951171875,15393.9638671875
25520.287109375,15411.3427734375
25483.3984375,15472.8037109375
25471.95703125,15556.7451171875
25384.9375,15569.984375
33479,15514
33408.73046875,15456.033203125
33352.2421875,15385.3603515625
33296.34765625,15312.4736328125
33258.1796875,15230.49609375
33328.94140625,15195.919921875
33405.203125,15246.4228515625
33453.453125,15322.9755859375
33517.3984375,15386.4111328125
33512.6171875,15313.4013671875
33504.8515625,15229.576171875
33535.90625,15156.3720703125
33622.03125,15131.8154296875
33706.5859375,15157.376953125
33790.36328125,15184.8486328125
33876.3984375,15209.6005859375
33869.2890625,15286.2314453125
33788.31640625,15328.9482421875
33717.7734375,15310.095703125
33653.0546875,15320.2744140625
33662.79296875,15405.4208984375
33646.484375,15493.650390625
33567.32421875,15524.17578125
34876,15450
34914.55859375,15381.3642578125
35009.13671875,15399.75390625
34970.37109375,15468.9970703125
19948,15356
19863.083984375,15324.50390625
19781.4921875,15285.7421875
19708.529296875,15231.9892578125
19636.814453125,15176.53125
19577.416015625,15109.068359375
19520.48046875,15040.5625
19466.765625,14968.6484375
19407.6875,14899.919921875
19353.47265625,14827.28515625
19306.515625,14750.357421875
19272.775390625,14666.61328125
19239.6484375,14587.1328125
19189.541015625,14515.263671875
19141.19140625,14439.6201171875
19099.482421875,14359.17578125
19051.31640625,14282.392578125
19016.33203125,14204.697265625
18993.619140625,14117.7548828125
18991.177734375,14027.4560546875
19012.306640625,13939.353515625
19042.25,13853.8662109375
19090.431640625,13777.58984375
19167.12890625,13730.6376953125
19252.0859375,13699.94921875
19336.310546875,13671.9033203125
19426.912109375,13669.048828125
19517.51953125,13666.19921875
19606.791015625,13655.4638671875
19694.904296875,13675.5439453125
19769.98828125,13719.7021484375
19845.06640625,13766.775390625
19909.853515625,13826.34765625
19971.556640625,13889.2978515625
20023.23828125,13963.3671875
20077.158203125,14035.708984375
20112.29296875,14116.6533203125
20152.23046875,14189.7109375
20207.1015625,14261.572265625
20252.080078125,14333.4365234375
20252.53515625,14409.806640625
20265.638671875,14486.6650390625
20264.919921875,14576.78515625
20236.39453125,14661.7470703125
20244.6796875,14751.615234375
20245.921875,14842.26171875
20263.74609375,14930.2646484375
20280.662109375,15018.3701171875
20262.0703125,15106.6279296875
20208.376953125,15178.056640625
20159.712890625,15249.9091796875
20105.759765625,15321.54296875
20031.365234375,15367.84765625
20040.556640625,15200.5986328125
20101.15234375,15134.3134765625
20132.712890625,15051.34765625
20127.552734375,14960.9921875
20100.609375,14875.11328125
20103.607421875,14787.361328125
20107.53515625,14696.7890625
20116.833984375,14606.8994140625
20121.982421875,14516.3916015625
20119.423828125,14425.9384765625
20088.830078125,14340.95703125
20058.64453125,14255.7216796875
20025.564453125,14171.3720703125
19954.328125,14135.3212890625
19938.408203125,14222.3349609375
19933.50390625,14312.34765625
19923.517578125,14372.5556640625
19929.708984375,14462.8505859375
19910.36328125,14549.9501953125
19895.130859375,14638.73828125
19907.5,14727.3935546875
19892.064453125,14809.3046875
19832.873046875,14867.6220703125
19781.701171875,14822.7353515625
19730.53515625,14751.826171875
19675.494140625,14679.8544921875
19631.955078125,14600.75390625
19615.056640625,14514.91015625
19557.98828125,14448.3232421875
19522.248046875,14365.23046875
19480.060546875,14287.2314453125
19427.927734375,14214.384765625
19385.572265625,14134.2587890625
19344.09765625,14059.6044921875
19305.908203125,13977.68359375
19293.203125,13888.7333984375
19361.904296875,13845.0478515625
19432.08203125,13894.673828125
19450.544921875,13983.2763671875
19482.185546875,14068.0341796875
19534.328125,14141.97265625
19576.421875,14222.103515625
19612.181640625,14304.3212890625
19653.6796875,14381.1201171875
19703.048828125,14453.3583984375
19739.126953125,14528.4931640625
19781.8046875,14499.8203125
19801.630859375,14411.4150390625
19813.447265625,14321.533203125
19757.0078125,14271.263671875
19677.36328125,14259.2353515625
19642.9921875,14177.0595703125
19593.416015625,14102.1875
19556.451171875,14019.6787109375
19514.724609375,13940.3134765625
19476.046875,13858.5537109375
19428.27734375,13805.9658203125
19337.826171875,13811.068359375
19256.57421875,13849.3349609375
19181.5,13898.8720703125
19148.392578125,13982.4951171875
19124.255859375,14069.6396484375
19125.193359375,14148.7001953125
19184.435546875,14212.0478515625
19215.642578125,14295.7705078125
19262.1875,14373.3818359375
19309.80859375,14449.26953125
19333.62109375,14508.20703125
19380.21484375,14584.638671875
19432.544921875,14657.9384765625
19474.73046875,14733.166015625
19503.845703125,14816.0615234375
19572.19921875,14874.625
19625.59765625,14947.130859375
19677.66796875,15016.4453125
19741.12890625,15081.0712890625
19805.900390625,15142.4267578125
19886.8828125,15181.20703125
19961.990234375,15230.25390625
21545,15293
21516.580078125,15211.4755859375
21521.537109375,15124.4541015625
21540.642578125,15039.3623046875
21572.35546875,14958.1943359375
21635.015625,14901.8671875
21670.76953125,14968.078125
21656.859375,15053.6064453125
21697.6640625,15116.671875
21719.7421875,15195.9052734375
21669.6328125,15260.658203125
21606.755859375,15320.8916015625
36165,15318
36132.51953125,15270.955078125
36208.58203125,15222.7421875
36293.58203125,15188.7900390625
36376.16015625,15149.951171875
36457.14453125,15107.7236328125
36545.21484375,15084.830078125
36622.234375,15041.73828125
36708.296875,15011.10546875
36791.3203125,14976.453125
36804.5078125,15032.5263671875
36728.0625,15075.064453125
36654.67578125,15118.5634765625
36576.8046875,15165.681640625
36488.39453125,15186.8388671875
36422.69140625,15241.59375
36340.796875,15281.7255859375
36253.65625,15309.6455078125
23005,15215
22924.1171875,15172.5068359375
22855.0703125,15111.3720703125
22788.501953125,15047.5322265625
22725.427734375,14980.2978515625
22796.740234375,14966.048828125
22881.265625,15000.951171875
22949.06640625,15063.1005859375
23030.51171875,15105.39453125
23039.857421875,15038.1328125
22991.515625,14959.6171875
22956.013671875,14874.8828125
23022.990234375,14817.646484375
23106.80078125,14837.6904296875
23177.345703125,14896.7998046875
23256.9609375,14937.9814453125
23347.8671875,14944.4853515625
23433.43359375,14948.4521484375
23414.27734375,15013.16796875
23326.626953125,15039.3681640625
23236.94140625,15033.21484375
23165.53125,15039.6796875
23203.740234375,15123.50390625
23177.259765625,15209.0859375
23092.82421875,15239.251953125
28495,15164
28489.03515625,15079.7626953125
28505.224609375,14993.9189453125
28528.923828125,14909.9541015625
28573.0390625,14838.3154296875
28657.482421875,14820.947265625
28713.669921875,14871.46484375
28649.50390625,14927.2275390625
28610.001953125,15000.7158203125
28585.92578125,15083.8681640625
28564.693359375,15165.6298828125
35050,15000
35122.23828125,14959.28515625
35146.8359375,14882.9931640625
35200.94921875,14816.37890625
35254.9765625,14754.5185546875
35312.34765625,14693.322265625
35334.95703125,14763.3759765625
35306.72265625,14812.6513671875
35247,14875.48046875
35199.859375,14944.6875
35124.3359375,14996.267578125
11992,14961
12020.7626953125,14884.7255859375
12085.7314453125,14815.96875
12152.896484375,14749.458984375
12199.46875,14803.8359375
12140.970703125,14877.6923828125
12079.876953125,14946.7431640625
28922,14953
28892.05078125,14875.984375
28940.09765625,14811.984375
29021.30078125,14793.82421875
29018.8515625,14868.046875
28988.068359375,14943.1806640625
20765,14769
20754.623046875,14679.892578125
20751.1171875,14590.7626953125
20780.416015625,14507.03515625
20865.716796875,14493.232421875
20945.814453125,14475.490234375
21029.96875,14450.345703125
21116.208984375,14472.6689453125
21190.611328125,14498.7109375
21240.61328125,14425.62109375
21322.44140625,14397.2021484375
21400.220703125,14438.0361328125
21481.640625,14446.6865234375
21568.04296875,14436.1591796875
21643.78125,14476.0576171875
21709.734375,14422.9462890625
21736.173828125,14343.9833984375
21806.611328125,14305.798828125
21816.7578125,14382.8017578125
21834.458984375,14469.53515625
21869.28125,14549.3212890625
21885.083984375,14637.2890625
21871.314453125,14706.9228515625
21788.767578125,14727.3984375
21699.18359375,14722.3623046875
21612.01171875,14705.0048828125
21544.951171875,14683.447265625
21457.802734375,14669.091796875
21403.65625,14604.1689453125
21321.2890625,14618.7373046875
21256.697265625,14670.83203125
21173.23828125,14682.2197265625
21089.322265625,14651.548828125
21066.328125,14706.4072265625
21010.484375,14759.9794921875
20925.498046875,14736.6142578125
20846.228515625,14753.48828125
36965,14766
36948.53125,14681.9287109375
36985.62109375,14601.9619140625
37035.9453125,14528.9755859375
37091.11328125,14458.126953125
37148.64453125,14389.0673828125
37201.7890625,14316.6220703125
37242.18359375,14241.4921875
37281.203125,14161.1220703125
37328.34765625,14096.2802734375
37378.35546875,14139.4716796875
37364.21484375,14227.9287109375
37331.05078125,14309.1630859375
37288.05859375,14384.3037109375
37242.2109375,14460.298828125
37189.1796875,14532.8525390625
37127.9921875,14598.5830078125
37090.21484375,14678.0283203125
37032.46484375,14744.2314453125
11640,14530
11683.13671875,14460.009765625
11771.8916015625,14431.48046875
11854.310546875,14387.0126953125
11944.7158203125,14392.3974609375
11894.5,14462.615234375
11814.5654296875,14511.4189453125
11726.1005859375,14542.5712890625
24343,14486
24255.544921875,14458.9443359375
24173.96875,14416.515625
24097.015625,14366.13671875
24026.76953125,14309.921875
23998.556640625,14237.9736328125
24088.306640625,14253.0009765625
24172.962890625,14288.9814453125
24254.75,14331.0927734375
24332.609375,14379.767578125
24401.384765625,14376.720703125
24373.494140625,14291.7109375
24337.337890625,14208.0791015625
24295.57421875,14126.310546875
24296.9921875,14038.8642578125
24367.451171875,14003.66015625
24411.392578125,14077.068359375
24425.560546875,14159.0029296875
24463.064453125,14237.0693359375
24495.642578125,14322.37890625
24489.720703125,14412.880859375
24431.79296875,14478.080078125
35211,14426
35226.8671875,14363.2724609375
35303.98828125,14325.5654296875
35385.8125,14340.9755859375
35366.98046875,14408.0849609375
35289.94921875,14443.255859375
11547,14399
11571.8232421875,14324.9443359375
11659.1201171875,14295.521484375
11747.0595703125,14269.396484375
11837.9169921875,14275.849609375
11804.3916015625,14343.80859375
11718.072265625,14374.59765625
11631.2021484375,14405.2744140625
35524,14412
35504.0625,14333.8193359375
35495.046875,14243.9912109375
35475.9296875,14155.482421875
35451.265625,14068.3662109375
35426.60546875,13981.8583984375
35379.234375,13905.6103515625
35335.87890625,13827.2255859375
35299.35546875,13746.8271484375
35249.453125,13671.498046875
35208.3828125,13593.7734375
35162.43359375,13516.080078125
35118.9375,13439.951171875
35065.37890625,13367.6533203125
35024.48046875,13290.384765625
34967.87109375,13224.12109375
34918.5703125,13161.0556640625
34863.23046875,13089.89453125
34899.51171875,13012.1181640625
34964.61328125,13047.1357421875
34983.78125,13123.958984375
35022.0859375,13176.3544921875
35067.9140625,13244.9697265625
35119.9921875,13317.7255859375
35181.65234375,13377.83984375
35246.1015625,13441.064453125
35299.9140625,13399.25
35381.73046875,13424.9638671875
35352.3984375,13481.4677734375
35284.26171875,13514.59765625
35326.609375,13593.98828125
35356.66796875,13675.4091796875
35414.01953125,13740.8125
35458.8515625,13819.267578125
35490.00390625,13902.7490234375
35524.8984375,13985.1044921875
35550.98828125,14070.123046875
35574.5625,14142.4052734375
35598.69921875,14223.28515625
35623.4765625,14309.1943359375
35604.92578125,14395.7451171875
26730,14294
26679.587890625,14219.3203125
26618.58984375,14153.6767578125
26569.162109375,14093.220703125
26626.96875,14111.0390625
26701.09765625,14156.3525390625
26747.314453125,14119.3134765625
26705.5625,14043.40234375
26686.294921875,13956.0078125
26759.78515625,13916.5439453125
26835.833984375,13949.0458984375
26885.79296875,14023.7578125
26904.232421875,14109.7607421875
26840.1953125,14159.3955078125
26836.02734375,14249.2841796875
26845.6484375,14333.6884765625
26781.77734375,14367.701171875
12937,14352
12870.044921875,14290.6806640625
12804.1181640625,14233.423828125
12751.9541015625,14172.7001953125
12685.0458984375,14111.65234375
12627.5615234375,14042.970703125
12558.986328125,14057.2646484375
12568.01953125,14147.6650390625
12519.8642578125,14221.0224609375
12433.771484375,14238.1953125
12359.138671875,14194.1484375
12293.9208984375,14131.6494140625
12238.0419921875,14062.0927734375
12191.1689453125,14018.02734375
12207.130859375,14107.2705078125
12231.30078125,14178.5361328125
12190.09765625,14251.15234375
12103.369140625,14234.4296875
12035.57421875,14194.7080078125
11969.4072265625,14132.43359375
11904.8544921875,14068.4326171875
11843.2216796875,14001.64453125
11764.97265625,14025.111328125
11702.7275390625,14087.6728515625
11617.33984375,14109.9580078125
11527.966796875,14109.51171875
11544.10546875,14036.0703125
11624.8818359375,13994.6298828125
11708.9609375,13961.62890625
11764.36328125,13898.4140625
11828.078125,13840.5908203125
11910.845703125,13873.2001953125
11974.6357421875,13937.115234375
12023.65234375,13954.6982421875
12007.955078125,13865.595703125
11979.427734375,13779.7724609375
12035.138671875,13716.890625
12119.962890625,13731.2568359375
12179.4521484375,13799.3076171875
12237.5693359375,13865.7802734375
12289.95703125,13939.21875
12354.8515625,14002.8544921875
12412.6328125,13998.2861328125
12415.580078125,13907.4248046875
12452.4326171875,13826.4462890625
12539.0556640625,13810.1875
12618.2802734375,13846.8466796875
12664.59765625,13923.9404296875
12723.6171875,13993.0263671875
12781.2939453125,14056.021484375
12853.7626953125,14106.796875
12893.14453125,14029.22265625
12968.052734375,13986.599609375
13048.40234375,14023.9873046875
13117.8671875,14079.1884765625
13187.427734375,14129.0390625
13276.5146484375,14146.998046875
13365.1015625,14167.1923828125
13443.6357421875,14142.6865234375
13532.111328125,14125.8369140625
13614.322265625,14164.064453125
13687.115234375,14213.630859375
13756.5693359375,14265.9462890625
13758.6064453125,14344.03515625
13678.0546875,14310.259765625
13595.1650390625,14278.99609375
13512.7138671875,14242.6376953125
13443.439453125,14292.220703125
13355.1494140625,14290.7470703125
13274.916015625,14251.9326171875
13184.7734375,14240.0771484375
13094.822265625,14226.849609375
13063.6953125,14279.3046875
13020.94921875,14357.9423828125
27133,14223
27128.275390625,14165.4462890625
27114.58203125,14134.84375
27045.943359375,14073.986328125
26997.701171875,13996.2265625
27046.08984375,13926.048828125
27107.578125,13953.927734375
27129.775390625,14022.9619140625
27168.052734375,14103.234375
27193.8046875,14189.3037109375
35204,14195
35214.01953125,14105.7744140625
35278.20703125,14057.158203125
35304.15234375,14132.52734375
35264.04296875,14205.1259765625
21738,14209
21736.646484375,14128.65625
21807.650390625,14083.40234375
21896.546875,14089.470703125
21895.771484375,14155.5712890625
21822.84375,14205.732421875
37260,14015
37263.23828125,13927.46484375
37271.44921875,13837.5205078125
37277.69921875,13747.40625
37281.96484375,13658.3564453125
37288.9609375,13577.28125
37296.8046875,13487.5283203125
37299.125,13399.994140625
37312.58984375,13311.1171875
37330.16796875,13222.794921875
37363.38671875,13139.0732421875
37402.9921875,13060.6083984375
37447.7578125,12983.2431640625
37408.05859375,12966.1201171875
37330.24609375,12974.0234375
37309.25,13061.716796875
37312.13671875,13146.3896484375
37296.90234375,13235.34375
37286.8046875,13325.1025390625
37255.7734375,13408.5068359375
37226.453125,13493.5830078125
37182.23828125,13571.607421875
37120.15234375,13632.255859375
37044.4375,13593.341796875
37026.1484375,13505.052734375
37055.8125,13459.47265625
37026.140625,13383.1806640625
37005.0859375,13336.1171875
36989.2734375,13423.4619140625
36963.9921875,13510.146484375
36926.484375,13591.90625
36883.55078125,13671.3388671875
36821.33984375,13733.2177734375
36748.08203125,13690.5224609375
36791.328125,13612.34765625
36836.26171875,13537.28515625
36856.9296875,13449.361328125
36887.7109375,13365.025390625
36897.6640625,13278.677734375
36918.4765625,13192.9677734375
36927.7109375,13103.4111328125
36937.375,13013.63671875
36958.28515625,12933.4716796875
36953.859375,12844.3935546875
36953.42578125,12760.1318359375
36947.40234375,12670.005859375
36934.5625,12581.138671875
37015.9921875,12554.6201171875
37043.140625,12638.53515625
37051.62890625,12728.4443359375
37054.40625,12818.7197265625
37050.609375,12908.931640625
37032.1484375,12997.05078125
37024.42578125,13084.5234375
37021.02734375,13172.4912109375
37016.79296875,13259.662109375
37082.4921875,13264.869140625
37114.0234375,13335.4052734375
37138.7734375,13348.1015625
37168.9921875,13264.2314453125
37188.296875,13176.005859375
37204.59375,13087.1572265625
37238.01953125,13005.90234375
37244.1953125,12916.857421875
37245.546875,12830.0224609375
37254.12109375,12740.212890625
37256.953125,12671.3720703125
37250.8125,12581.3291015625
37240.484375,12491.98828125
37242.69921875,12408.9296875
37195.30078125,12333.412109375
37167.16796875,12248.712890625
37212.98828125,12172.4453125
37222.09765625,12082.865234375
37233.5703125,11994.892578125
37253.24609375,11911.681640625
37295.4453125,11944.271484375
37317.7734375,12024.9833984375
37343.046875,12005.634765625
37347.34765625,11915.4267578125
37341.7109375,11829.662109375
37339.109375,11739.490234375
37296.42578125,11665.404296875
37245.51953125,11595.328125
37209.07421875,11514.0634765625
37147.55859375,11454.099609375
37143.67578125,11397.8876953125
37094.01171875,11328.3447265625
37038.95703125,11256.9228515625
36997.72265625,11179.591796875
36973.33203125,11095.115234375
36923.41015625,11026.107421875
36874.0546875,10954.3193359375
36825.1640625,10878.5810546875
36764.4140625,10812.095703125
36715.6875,10737.52734375
36740.12109375,10661.95703125
36812.71875,10709.095703125
36867.33984375,10777.732421875
36919.9765625,10850.6953125
36973.59375,10923.2734375
37010.05078125,11004.947265625
37050.60546875,11077.7724609375
37110.390625,11145.296875
37158,11211.2236328125
37190.03125,11293.1533203125
37236.3125,11368.0830078125
37286.265625,11437.490234375
37326.2109375,11518.427734375
37370.234375,11558.5
37413.13671875,11480.0283203125
37482.12890625,11494.0234375
37472.328125,11582.283203125
37458.8671875,11667.6943359375
37446.58203125,11756.7119140625
37441.68359375,11846.8359375
37441.62890625,11937.1484375
37438.43359375,12027.4248046875
37434.25,12117.6552734375
37418.73828125,12204.2275390625
37359.5859375,12250.462890625
37363.06640625,12339.9189453125
37441.08203125,12331.630859375
37505.8984375,12385.2529296875
37530.95703125,12470.8125
37550.8671875,12558.7548828125
37539.25,12645.3583984375
37570.00390625,12717.57421875
37582.44921875,12806.875
37602.6484375,12894.822265625
37587.8203125,12982.6904296875
37566.27734375,13069.517578125
37491.078125,13086.978515625
37464.1328125,13170.201171875
37449.01953125,13259.1572265625
37427.3203125,13346.6484375
37417.34765625,13436.375
37413.34375,13526.6103515625
37409.3671875,13616.8515625
37402.9453125,13706.9521484375
37393.1171875,13796.7373046875
37376.5546875,13885.4921875
37355.4375,13971.7373046875
37289.38671875,14029.9921875
37442.42578125,12705.6552734375
37436.08203125,12615.67578125
37424.0390625,12526.41015625
37388.03125,12500.3095703125
37396.76171875,12589
37406.28515625,12677.9541015625
37450.078125,12753.583984375
30933,14013
30937.603515625,13972.0732421875
31027.298828125,13944.529296875
31108.193359375,13960.6494140625
31025.58203125,14004.701171875
21742,13958
21759.3671875,13883.7373046875
21826.91015625,13832.9296875
21877.388671875,13763.494140625
21959.064453125,13738.0361328125
22041.4453125,13748.1279296875
22040.939453125,13824.3681640625
21976.0390625,13873.9560546875
21898.390625,13911.14453125
21821.619140625,13950.7470703125
31204,13882
31194.056640625,13792.17578125
31174.673828125,13707.5048828125
31144.208984375,13627.048828125
31110.685546875,13542.3671875
31179.671875,13494.7734375
31254.01953125,13543.875
31296.314453125,13619.1494140625
31275.06640625,13696.548828125
31312.642578125,13777.615234375
31285.533203125,13863.0078125
36123,13853
36067.63671875,13790.2431640625
36020.0078125,13715.005859375
35968.640625,13642.669921875
35916.203125,13568.5400390625
35865.6796875,13493.904296875
35824.73828125,13413.6162109375
35762.42578125,13348.4951171875
35711.6171875,13273.3154296875
35671.37890625,13197.4453125
35621.59765625,13129.548828125
35584.58984375,13049.009765625
35550.03125,12965.9560546875
35572.78515625,12889.787109375
35658.6171875,12865.8798828125
35725.1484375,12923.7001953125
35765.87109375,13004.1142578125
35787.46875,13092.0390625
35760.56640625,13171.8623046875
35822.5546875,13230.08203125
35869.6796875,13303.318359375
35922.40625,13377.193359375
35981.4140625,13446.1416015625
36023.1796875,13525.794921875
36079.30859375,13511.1201171875
36081.63671875,13422.5
36098.1171875,13333.41796875
36118.2421875,13245.3369140625
36182.8046875,13186.7158203125
36239.9921875,13232.8037109375
36256.63671875,13321.30078125
36275.10546875,13409.5126953125
36311.66015625,13490.1455078125
36337.0859375,13575.1142578125
36382.55078125,13553.689453125
36377.36328125,13463.0244140625
36385.1875,13374.0693359375
36384.4921875,13284.5009765625
36416.16796875,13199.65234375
36478.3828125,13135.4501953125
36563.62109375,13143.1513671875
36620.3359375,13213.23828125
36680.53515625,13165.4892578125
36729.55859375,13090.71875
36802.390625,13059.7548828125
36800.72265625,13149.4560546875
36767.09375,13233.552734375
36740.5390625,13320.0703125
36712.6796875,13406.0234375
36681.13671875,13488.015625
36690.46875,13558.3828125
36643.296875,13633.8271484375
36574.0390625,13605.912109375
36587.8359375,13516.3349609375
36597.03515625,13426.1123046875
36544.765625,13449.626953125
36482.95703125,13404.51953125
36496.58984375,13489.7939453125
36502.33203125,13580.27734375
36511.3359375,13669.03515625
36456.01953125,13737.7919921875
36375.28125,13760.3232421875
36301.1875,13709.1357421875
36241.70703125,13640.6103515625
36197.17578125,13593.080078125
36210.5859375,13681.859375
36218.4296875,13770.5048828125
36190.73828125,13845.04296875
36373.9765625,13623.9541015625
36519.83203125,13331.8291015625
36492.421875,13351.6416015625
36642.49609375,13232.7880859375
31468,13808
31424.220703125,13729.19140625
31393.7578125,13648.708984375
31447.98828125,13580.1162109375
31526.373046875,13566.8349609375
31535.27734375,13651.9375
31544.3203125,13741.1982421875
31542.228515625,13825.31640625
11425,13795
11453.748046875,13728.4052734375
11541.81640625,13709.205078125
11628.7587890625,13685.912109375
11712.1103515625,13662.2421875
11802.0546875,13664.9140625
11882.0419921875,13661.6162109375
11860.7041015625,13733.240234375
11777.68359375,13767.888671875
11688.9150390625,13783.1923828125
11599.1171875,13791.37890625
11510.4951171875,13807.7685546875
21091,13713
21039.61328125,13637.91796875
21045.625,13558.1171875
21114.021484375,13503.5869140625
21159.8046875,13428.6826171875
21248.412109375,13420.7294921875
21328.9140625,13462.7314453125
21371.658203125,13401.2548828125
21460.029296875,13384.494140625
21545.23046875,13371.1875
21609.38671875,13308.8251953125
21700.595703125,13307.0771484375
21791.4375,13301.943359375
21831.380859375,13225.08984375
21842.0625,13169.875
21826.697265625,13111.736328125
21909.580078125,13076.1865234375
21989.1015625,13086.326171875
22044.521484375,13155.7392578125
22068.1796875,13217.7470703125
21996.177734375,13270.6748046875
21909.064453125,13296.8427734375
21883.2578125,13355.5625
21952.232421875,13415.3037109375
21982.404296875,13476.8486328125
21922.810546875,13535.5400390625
21832.365234375,13541.5732421875
21807.478515625,13479.1337890625
21802.9921875,13440.23828125
21713.60546875,13441.0341796875
21720.908203125,13526.294921875
21731.029296875,13616.3154296875
21662.599609375,13668.1513671875
21576.0859375,13646.5166015625
21517.52734375,13667.533203125
21437.806640625,13709.4970703125
21352.736328125,13679.755859375
21284.517578125,13620.443359375
21238.541015625,13677.6416015625
21173.259765625,13736.4443359375
25336,13665
25249.01953125,13645.2939453125
25206.443359375,13576.5771484375
25288.83203125,13570.22265625
25375.658203125,13589.8505859375
25463.849609375,13578.853515625
25501.025390625,13506.5703125
25532.197265625,13427.05859375
25605.263671875,13384.2001953125
25663.4375,13443.69921875
25637.69921875,13527.7998046875
25580.26953125,13595.912109375
25506.986328125,13646.6376953125
25424.478515625,13677.7314453125
18073,13486
17984.6015625,13464.93359375
17893.224609375,13469.16796875
17821.744140625,13421.9765625
17865.06640625,13344.97265625
17928.3125,13278.9189453125
17997.681640625,13219.3056640625
18052.71875,13147.58984375
18106.1640625,13076.0234375
18158.12109375,13001.1865234375
18204.623046875,12926.240234375
18278.77734375,12877.0791015625
18239.30078125,12802.9931640625
18221.82421875,12715.892578125
18155.560546875,12659.810546875
18137.0078125,12571.056640625
18167.48046875,12490.8212890625
18248.9609375,12505.478515625
18269.638671875,12593.330078125
18328.46875,12656.7802734375
18359.6171875,12736.544921875
18317.455078125,12814.08203125
18350.859375,12834.541015625
18407.001953125,12890.3173828125
18385.513671875,12972.6123046875
18396.37109375,12995.8369140625
18461.154296875,12937.7783203125
18551.8515625,12941.3662109375
18591.806640625,13019.0361328125
18635.01171875,13098.1904296875
18696.814453125,13156.7255859375
18757.728515625,13224.3720703125
18838.048828125,13266.876953125
18924.7734375,13252.359375
18996.796875,13289.9755859375
18945.33203125,13357.765625
18868.2734375,13407.0712890625
18795.025390625,13450.861328125
18703.90234375,13459.2763671875
18612.51171875,13464.0986328125
18521.43359375,13458.345703125
18434.314453125,13451.7255859375
18343.384765625,13460.1220703125
18252.767578125,13471.802734375
18163.97265625,13492.91796875
12000,13411
11931.43359375,13352.947265625
11872.888671875,13286.5751953125
11804.212890625,13238.8876953125
11777.255859375,13153.8359375
11732.6103515625,13075.4130859375
11717.41796875,13004.2333984375
11802.75390625,13032.3740234375
11869.841796875,13069.771484375
11886.3291015625,13138.3544921875
11976.6181640625,13131.431640625
12066.5,13119.529296875
12125.765625,13165.412109375
12058.5126953125,13223.78125
12004.2783203125,13284.5458984375
12042.201171875,13366.4501953125
29452,13380
29391.666015625,13314.3837890625
29330.6015625,13250.6083984375
29259.990234375,13221.3232421875
29240.96875,13306.0029296875
29153.154296875,13306.77734375
29080.96484375,13253.1015625
28997.07421875,13235.7294921875
28959.0078125,13158.7216796875
29001.548828125,13091.3818359375
29088.408203125,13070.7080078125
29135.55859375,13001.3212890625
29210.283203125,12960.17578125
29285.732421875,13001.84375
29337.73046875,13075.14453125
29395.298828125,13144.205078125
29422.544921875,13159.302734375
29412.396484375,13069.9111328125
29436.68359375,12999.37109375
29517.41015625,13007.9140625
29547.728515625,13079.9443359375
29578.51953125,13163.322265625
29595.0546875,13251.6708984375
29605.2890625,13340.6787109375
29537.283203125,13392.9228515625
12987,13318
12911.0751953125,13269.734375
12847.4072265625,13208.7373046875
12776.322265625,13154.0703125
12720.9541015625,13200.4658203125
12652.912109375,13247.6728515625
12570.7119140625,13217.263671875
12500.4169921875,13161.2890625
12436.07421875,13098.091796875
12368.5166015625,13039.0771484375
12306.7841796875,12973.5205078125
12227.7802734375,12941.9765625
12137.775390625,12946.5146484375
12048.515625,12934.681640625
11963.5966796875,12904.8115234375
11933.8681640625,12842.9951171875
12015.251953125,12818.82421875
12104.7138671875,12830.2392578125
12193.8447265625,12835.103515625
12154.8916015625,12775.3154296875
12130.91015625,12690.4638671875
12184.041015625,12622.5146484375
12197.4287109375,12545.2587890625
12165.66796875,12462.03515625
12180.9462890625,12376.7021484375
12255.94140625,12396.32421875
12294.36328125,12477.1572265625
12325.7314453125,12561.568359375
12408.0703125,12586.087890625
12397.306640625,12663.333984375
12314.978515625,12699.8212890625
12320.2763671875,12772.083984375
12376.77734375,12841.630859375
12411.8486328125,12921.7216796875
12480.2646484375,12979.517578125
12530.9443359375,13052.734375
12592.4423828125,13030.6982421875
12645.4560546875,12963.5009765625
12734.6796875,12962.3056640625
12805.30859375,13017.171875
12851.6728515625,13084.4794921875
12930.03515625,13125.33203125
12988.5498046875,13190.853515625
13073.0654296875,13197.4912109375
13151.474609375,13153.412109375
13237.603515625,13130.82421875
13324.7802734375,13153.251953125
13407.828125,13188.2919921875
13484.6787109375,13235.2470703125
13558.208984375,13286.1796875
13548.92578125,13326.66015625
13460.962890625,13313.302734375
13375.9716796875,13283.1513671875
13290.9609375,13253.8212890625
13204.39453125,13265.666015625
13151.931640625,13333.1044921875
13070.1015625,13352.6865234375
14822,13316
14748.662109375,13270.9287109375
14691.2646484375,13212.9697265625
14628.451171875,13154.1015625
14567.271484375,13097.38671875
14516.5693359375,13027.779296875
14584.154296875,12977.8818359375
14659.470703125,13011.1611328125
14715.390625,13076.642578125
14784.4775390625,13130.6103515625
14849.6953125,13189.1650390625
14916.0595703125,13246.384765625
14907.65625,13325.9912109375
20080,13320
19995.35546875,13309.9658203125
19912.412109375,13293.9150390625
19928.361328125,13223.4560546875
20011.6171875,13206.0791015625
20097.271484375,13208.3095703125
20181.490234375,13221.1337890625
20226.15234375,13283.9638671875
20163.984375,13326.232421875
35175,13190
35102.8046875,13149.826171875
35049.4140625,13085.138671875
35102.7578125,13023.650390625
35177.0859375,13047.291015625
35237.1015625,13106.3681640625
35253.8828125,13186.1611328125
20063,12989
20076.056640625,12911.353515625
20153.162109375,12867.5380859375
20240.21484375,12851.046875
20294.83203125,12901.4365234375
20234.759765625,12964.775390625
20149.470703125,12988.1240234375
35230,12960
35161.87890625,12907.1005859375
35103.46484375,12838.5859375
35054.734375,12762.0185546875
34994.44921875,12693.5576171875
34933.5390625,12625.5576171875
34877.46484375,12553.5302734375
34828.19140625,12476.9853515625
34767.33984375,12408.9267578125
34709.52734375,12338.2734375
34644.953125,12276.232421875
34688.94921875,12211.0341796875
34762.45703125,12235.728515625
34829.61328125,12295.5576171875
34881.7109375,12370.3662109375
34933.9921875,12443.9716796875
34979.19921875,12522.6328125
35022.6875,12599.484375
35078.6953125,12671.287109375
35110.5625,12747.873046875
35191.3203125,12790.2001953125
35257.48828125,12852.4150390625
35273.4296875,12932.0634765625
14765,12953
14682.5732421875,12930.2607421875
14603.501953125,12899.962890625
14599.3447265625,12841.1923828125
14672.6650390625,12805.599609375
14755.990234375,12816.884765625
14837.744140625,12839.96484375
14894.1982421875,12888.5380859375
14849.544921875,12949.6337890625
21916,12883
21837.28125,12839.8466796875
21864.720703125,12773.1416015625
21954.03515625,12784.041015625
22029.5390625,12819.5986328125
22005.71484375,12883.7412109375
32832,12698
32768.87109375,12646.6875
32712.26171875,12591.7421875
32773.537109375,12539.9638671875
32844.671875,12570.9658203125
32906.0390625,12633.5947265625
32916.5546875,12700.3837890625
25674,12645
25633.115234375,12569.5693359375
25600.76171875,12481.6474609375
25599.98828125,12391.4765625
25692.4609375,12381.8447265625
25757.603515625,12434.7099609375
25733.419921875,12523.154296875
25736.810546875,12619.1376953125
14968,12634
14943.4599609375,12547.7734375
14919.154296875,12461.513671875
14934.240234375,12381.19921875
15015.00390625,12391.9306640625
15088.1494140625,12405.4248046875
15172.2255859375,12375.4609375
15256.3017578125,12399.7265625
15345.0732421875,12412.4560546875
15320.9853515625,12380.67578125
15276.9609375,12319.404296875
15355.65625,12280.13671875
15445.0322265625,12275.4365234375
15487.591796875,12233.3251953125
15443.8427734375,12155.029296875
15460.3193359375,12078.3447265625
15544.0263671875,12072.9423828125
15633.0517578125,12083.8359375
15716.7861328125,12113.2314453125
15678.978515625,12181.052734375
15637.09375,12247.474609375
15688.578125,12320.728515625
15654.466796875,12389.9248046875
15569.4814453125,12370.671875
15505.791015625,12408.6962890625
15417.4755859375,12422.015625
15392.9111328125,12484.005859375
15306.5419921875,12506.9560546875
15218.498046875,12506.263671875
15129.07421875,12505.9912109375
15067.130859375,12541.0126953125
15049.4111328125,12623.6884765625
15066.0068359375,12473.390625
21786,12623
21692.498046875,12613.7158203125
21694.072265625,12537.3037109375
21657.18359375,12466.521484375
21740.4609375,12422.1806640625
21800.94140625,12482.8447265625
21871.427734375,12534.98828125
21877.689453125,12608.9384765625
32956,12601
32922.24609375,12518.3134765625
32959.59765625,12444.1806640625
33044.4921875,12459.2177734375
33062.30078125,12534.4462890625
33032.265625,12612.4267578125
19948,12609
19969.365234375,12538.65625
20031.59765625,12472.7939453125
20056.74609375,12387.3681640625
20119.583984375,12325.11328125
20204.087890625,12296.57421875
20270.611328125,12330.3212890625
20246.58203125,12413.171875
20259.958984375,12494.296875
20212.271484375,12558.640625
20127.412109375,12592.431640625
20038.234375,12612.4873046875
21105,12548
21045.32421875,12477.3759765625
21005.810546875,12395.689453125
21041.236328125,12332.720703125
21108.5234375,12387.5166015625
21167.65625,12379.36328125
21239.396484375,12339.09765625
21323.5859375,12339.4453125
21397.9609375,12387.998046875
21438.25390625,12313.791015625
21526.478515625,12295.2890625
21550.80859375,12381.0673828125
21552.423828125,12473.3291015625
21504.296875,12546.5986328125
21412.65625,12534.228515625
21320.7421875,12529.75390625
21267.302734375,12595.1318359375
21175.1015625,12600
25190,12570
25184.783203125,12501.4423828125
25222.80859375,12429.3984375
25243.40625,12351.2978515625
25266.83984375,12266.392578125
25329.9609375,12214.26171875
25408.271484375,12229.65234375
25455.013671875,12303.4970703125
25506.59375,12373.2451171875
25486.35546875,12457.51171875
25429.53515625,12411.076171875
25352.771484375,12367.697265625
25306.77734375,12422.6884765625
25272.603515625,12461.2451171875
25262.037109375,12537.6123046875
18098,12404
18046.46484375,12340.25390625
17973.38671875,12301.19140625
17972.28125,12213.2109375
18052.150390625,12170.5322265625
18123.671875,12126.095703125
18144.880859375,12056.630859375
18149.10546875,11965.6513671875
18189.998046875,11885.9658203125
18268.498046875,11877.68359375
18226.71875,11804.826171875
18305.169921875,11762.4765625
18392.4765625,11786.3037109375
18470,11790.2548828125
18446.833984375,11876.4111328125
18409.419921875,11959.3564453125
18343.736328125,12017.037109375
18281.576171875,12069.517578125
18263.361328125,12158.6728515625
18234.28125,12234.44921875
18154.642578125,12254.6923828125
18090.015625,12307.2587890625
18166.61328125,12332.453125
18181.271484375,12397.62890625
12526,12331
12450.0498046875,12286.958984375
12521.1787109375,12241.134765625
12614.3837890625,12250.6171875
12640.837890625,12299.0400390625
12620.1240234375,12334.333984375
23414,12274
23345.40625,12215.556640625
23281.2578125,12152.193359375
23238.736328125,12186.85546875
23222.42578125,12274.2392578125
23179.2734375,12232.017578125
23166.75,12150.498046875
23120.580078125,12076.478515625
23120.841796875,11998.79296875
23131.068359375,11914.1806640625
23214.67578125,11903.037109375
23265.419921875,11970.9833984375
23322.615234375,12026.033203125
23387.169921875,12088.4423828125
23397.998046875,12006.7158203125
23384.365234375,11917.6201171875
23404.189453125,11832.0732421875
23467.19140625,11772.3583984375
23528,11799.2470703125
23528.259765625,11889.4462890625
23532.615234375,11979.5234375
23543.28515625,12069.0859375
23560.95703125,12155.951171875
23556.1015625,12243.3408203125
23498.7109375,12298.8984375
15692,12267
15739.4560546875,12207.232421875
15820.2587890625,12208.08203125
15774.0439453125,12268.1328125
21399,12224
21337.572265625,12165.486328125
21404.537109375,12127.00390625
21495.580078125,12131.2236328125
21545.2109375,12207.619140625
21483.15625,12258.9990234375
888,12210
881.6885986328125,12148.8837890625
952.9320068359375,12103.3984375
1043.0535278320312,12099.1591796875
1133.21337890625,12105.0576171875
1209.8345947265625,12096.544921875
1299.822021484375,12091.390625
1389.8968505859375,12081.94140625
1480.3277587890625,12077.11328125
1570.881591796875,12075.375
1661.3720703125,12078.6162109375
1750.55712890625,12079.685546875
1838.28857421875,12086.9169921875
1928.7216796875,12091.8349609375
2019.2633056640625,12094.12890625
2109.81201171875,12096.13671875
2200.26025390625,12100.728515625
2290.4345703125,12103.865234375
2380.87646484375,12099.259765625
2471.424072265625,12100.4599609375
2561.8125,12105.4501953125
2649.58251953125,12084.8310546875
2739.75390625,12079.759765625
2830.325439453125,12080.044921875
2920.84716796875,12082.8935546875
3011.123291015625,12090.0283203125
3098.20654296875,12100.3017578125
3188.5986328125,12094.6708984375
3279.109619140625,12091.3837890625
3369.670654296875,12091.8271484375
3460.236083984375,12092.9951171875
3550.80615234375,12093.73828125
3641.378173828125,12094.150390625
3731.951171875,12094.275390625
3822.52392578125,12094.1162109375
3913.095458984375,12093.595703125
4003.662109375,12092.5341796875
4094.148193359375,12089.041015625
4183.7412109375,12097.2138671875
4270.232421875,12074.8671875
4359.4619140625,12084.5400390625
4449.931640625,12080.732421875
4540.00537109375,12071.3447265625
4630.13623046875,12063.4716796875
4718.96728515625,12077.8466796875
4807.5166015625,12059.818359375
4898.0029296875,12056.9033203125
4988.14013671875,12048.2783203125
5075.2451171875,12025.9228515625
5164.5166015625,12011.23828125
5254.59033203125,12001.87890625
5342.9326171875,11982.4677734375
5433.03369140625,11973.48046875
5523.47607421875,11968.6640625
5613.9990234375,11965.6953125
5704.51513671875,11962.591796875
5794.828125,11955.8779296875
5884.2646484375,11941.814453125
5974.35498046875,11932.640625
6064.60400390625,11925.046875
6154.57763671875,11914.646484375
6244.64599609375,11905.103515625
6334.830078125,11896.73046875
6425.16796875,11890.2626953125
6515.685546875,11889.07421875
6605.13916015625,11875.763671875
6694.88623046875,11863.9267578125
6785.29443359375,11864.5419921875
6872.43603515625,11865.6025390625
6959.7060546875,11842.0966796875
7050.166015625,11840.0234375
7140.7001953125,11837.4814453125
7231.12158203125,11832.3251953125
7320.521484375,11819.3212890625
7410.9150390625,11813.8603515625
7501.36376953125,11809.1298828125
7591.58837890625,11801.4609375
7681.8994140625,11794.7255859375
7772.4111328125,11791.4755859375
7862.97216796875,11791.32421875
7953.490234375,11794.400390625
8043.927734375,11799.326171875
8134.455078125,11802.0712890625
8224.990234375,11800.2490234375
8315.5498046875,11799.7294921875
8405.8720703125,11793.2685546875
8495.943359375,11787.2255859375
8582.7734375,11784.99609375
8673.08984375,11778.353515625
8763.611328125,11775.3828125
8854.09375,11771.4111328125
8944.1259765625,11762.2275390625
9033.845703125,11750.5234375
9124.2021484375,11744.26953125
9214.6240234375,11739.0498046875
9305.0576171875,11734.03125
9395.45703125,11728.4208984375
9485.8486328125,11722.7080078125
9576.322265625,11718.4755859375
9666.8427734375,11715.447265625
9757.3583984375,11712.2734375
9847.841796875,11708.2490234375
9938.2685546875,11703.125
10028.669921875,11697.5595703125
10119.0634765625,11691.8720703125
10208.3740234375,11678.1220703125
10298.47265625,11669.29296875
10386.1044921875,11649.19921875
10473.0146484375,11634.02734375
10563.302734375,11627.6572265625
10652.1181640625,11610.3115234375
10739.5859375,11590.08203125
10824.5361328125,11565.55078125
10868.46875,11487.638671875
10888.43359375,11399.361328125
10903.9775390625,11310.1328125
10921.162109375,11221.20703125
10939.7607421875,11132.564453125
10959.0185546875,11044.0625
10978.1865234375,10955.541015625
10996.59765625,10866.861328125
11010.6884765625,10777.408203125
11023.390625,10688.6171875
11040.375,10599.9443359375
11068.9716796875,10516.8798828125
11067.953125,10436.2607421875
11066.7158203125,10346.005859375
11073.1865234375,10255.6669921875
11084.181640625,10166.0947265625
11093.2177734375,10076.0009765625
11107.603515625,9986.5869140625
11132.8857421875,9899.9638671875
11169.1328125,9830.4326171875
11166.6162109375,9745.3466796875
11180.0361328125,9655.81640625
11193.51953125,9566.2548828125
11208.9375,9477.0068359375
11223.7802734375,9387.8740234375
11242.9931640625,9301.96484375
11249.4736328125,9211.8154296875
11263.4306640625,9122.3291015625
11274.046875,9032.390625
11283.1240234375,8942.39453125
11302.40625,8854.759765625
11310.701171875,8764.5771484375
11313.3564453125,8674.37890625
11324.947265625,8588.7568359375
11328.4072265625,8500.8466796875
11340.3701171875,8411.103515625
11343.0947265625,8321.0107421875
11350.2802734375,8234.8134765625
11359.33203125,8144.703125
11366.541015625,8054.4306640625
11365.4326171875,7967.90185546875
11368.724609375,7877.396484375
11373.73828125,7786.9619140625
11378.404296875,7696.50927734375
11382.40234375,7606.02490234375
11386.0126953125,7515.52392578125
11389.60546875,7425.02685546875
11400.7861328125,7335.43896484375
11408.341796875,7245.20166015625
11415.9638671875,7154.95556640625
11436.603515625,7067.8671875
11440.994140625,6977.44091796875
11453.1005859375,6899.765625
11465.578125,6810.30615234375
11473.400390625,6720.07373046875
11485.6806640625,6630.40234375
11503.177734375,6542.1083984375
11525.822265625,6455.287109375
11530.220703125,6364.841796875
11540.9443359375,6275.09423828125
11553.2255859375,6185.3583984375
11564.880859375,6095.5400390625
11581.0615234375,6006.6455078125
11588.1630859375,5916.359375
11598.24609375,5826.36083984375
11612.8662109375,5736.98486328125
11633.4150390625,5648.81201171875
11655.4091796875,5567.673828125
11666.7890625,5477.83984375
11682.8818359375,5388.71533203125
11696.6748046875,5299.2060546875
11713.703125,5210.345703125
11726.92578125,5120.78369140625
11750.0068359375,5034.09765625
11765.443359375,4945.55712890625
11781.5732421875,4856.7470703125
11786.7568359375,4766.34375
11792.716796875,4675.98046875
11803.6064453125,4586.068359375
11780.3232421875,4502.96044921875
11765.6904296875,4415.76904296875
11750.03515625,4330.6689453125
11668.662109375,4303.61572265625
11578.3701171875,4310.66162109375
11487.935546875,4315.42041015625
11399.5751953125,4328.40380859375
11309.0185546875,4329.830078125
11219.8369140625,4343.24853515625
11131.296875,4360.9482421875
11041.0107421875,4367.95458984375
10953.158203125,4381.96875
10863.720703125,4383.50634765625
10773.982421875,4387.11181640625
10684.2998046875,4398.068359375
10593.845703125,4402.64501953125
10503.3095703125,4405.1298828125
10414.1181640625,4400.82373046875
10325.5078125,4407.0107421875
10235.322265625,4415.3134765625
10144.8330078125,4419.17578125
10054.3095703125,4422.1669921875
9963.7763671875,4424.84619140625
9873.23828125,4427.30419921875
9782.6923828125,4429.53466796875
9692.1376953125,4431.40087890625
9601.59765625,4430.75439453125
9512.759765625,4417.01220703125
9425.5517578125,4434.7861328125
9335.27734375,4442.03955078125
9244.83203125,4446.82373046875
9154.3349609375,4450.5126953125
9063.8115234375,4453.55908203125
8973.3193359375,4457.35302734375
8882.8759765625,4462.20263671875
8792.498046875,4468.12109375
8702.19140625,4475.05517578125
8611.70703125,4477.138671875
8528.0908203125,4481.1884765625
8437.71484375,4486.91796875
8347.1787109375,4489.36279296875
8256.609375,4490.26416015625
8166.03857421875,4490.10791015625
8075.46875,4489.08935546875
7984.91455078125,4487.3046875
7894.35107421875,4486.337890625
7828.71728515625,4507.37060546875
7738.4658203125,4514.77880859375
7648.3759765625,4523.8232421875
7561.310546875,4541.68994140625
7471.66162109375,4554.44189453125
7392.0390625,4533.078125
7326.669921875,4578.92431640625
7238.1416015625,4596.4755859375
7149.25341796875,4606.033203125
7060.40771484375,4623.0458984375
6970.404296875,4633.15625
6881.2080078125,4648.755859375
6791.8017578125,4663.134765625
6702.05517578125,4675.09033203125
6612.9189453125,4689.00927734375
6522.62646484375,4695.69189453125
6432.392578125,4703.39794921875
6342.31494140625,4711.5927734375
6255.05712890625,4726.51611328125
6167.083984375,4747.68603515625
6078.02099609375,4763.9619140625
5988.32568359375,4776.53271484375
5899.322265625,4793.07958984375
5815.4150390625,4826.25341796875
5729.18701171875,4849.02099609375
5641.0771484375,4868.310546875
5553.63525390625,4887.55126953125
5464.25537109375,4902.05126953125
5376.02197265625,4917.3046875
5288.8037109375,4929.6650390625
5198.90380859375,4940.50830078125
5110.078125,4957.8212890625
5019.876953125,4965.64990234375
4929.5859375,4972.7333984375
4839.69580078125,4983.71142578125
4749.9140625,4995.65966796875
4660.24169921875,5008.30517578125
4572.14794921875,5029.0068359375
4482.5009765625,5040.11279296875
4396.4970703125,5062.96337890625
4307.30712890625,5078.65771484375
4218.564453125,5096.60009765625
4129.3017578125,5108.03662109375
4039.071533203125,5115.3349609375
3949.27734375,5124.515625
3862.8740234375,5141.4912109375
3772.547607421875,5148.0791015625
3682.11376953125,5153.1376953125
3592.093017578125,5162.3662109375
3503.0869140625,5178.82177734375
3413.28759765625,5190.55712890625
3332.6796875,5221.86181640625
3242.186767578125,5223.2802734375
3153.611328125,5234.11572265625
3064.10107421875,5225.86865234375
2989.85400390625,5257.08251953125
2913.359375,5284.73974609375
2827.930908203125,5313.39990234375
2740.921142578125,5338.248046875
2651.517822265625,5352.48193359375
2566.08935546875,5368.47607421875
2545.728271484375,5454.88427734375
2517.76171875,5538.6962890625
2471.924560546875,5614.1845703125
2446.03857421875,5700.3173828125
2416.671630859375,5785.45361328125
2390.890625,5871.3974609375
2373.81201171875,5960.33642578125
2359.41357421875,6049.75537109375
2346.2275390625,6139.3642578125
2322.11669921875,6224.34033203125
2318.244384765625,6306.9091796875
2296.903076171875,6392.61083984375
2290.841552734375,6480.2109375
2271.036865234375,6568.4609375
2239.568115234375,6653.1943359375
2230.60400390625,6743.27197265625
2222.330078125,6833.39453125
2185.445556640625,6911.0224609375
2164.9736328125,6995.83447265625
2148.482666015625,7083.21240234375
2132.1884765625,7171.75537109375
2103.477294921875,7257.61279296875
2088.888427734375,7346.75048828125
2074.96728515625,7436.22265625
2055.3004150390625,7524.5849609375
2028.937255859375,7611.21923828125
2001.9527587890625,7697.5869140625
1988.684814453125,7787.1015625
1958.8853759765625,7870.068359375
1961.0267333984375,7960.60888671875
1945.35302734375,8049.4091796875
1927.962646484375,8138.07666015625
1898.244140625,8223.1474609375
1879.92626953125,8311.1484375
1869.0673828125,8400.9150390625
1844.972900390625,8487.3935546875
1845.5467529296875,8558.869140625
1838.164306640625,8641.0009765625
1817.1514892578125,8729.0185546875
1791.625244140625,8815.2666015625
1778.0572509765625,8904.8173828125
1754.5513916015625,8991.95703125
1731.6748046875,9079.302734375
1709.9110107421875,9167.173828125
1688.955078125,9250.865234375
1670.3436279296875,9338.259765625
1639.4359130859375,9423.115234375
1617.3416748046875,9510.9345703125
1582.9952392578125,9594.3203125
1555.532958984375,9677.1865234375
1535.4881591796875,9765.1611328125
1519.0809326171875,9854.2041015625
1494.7791748046875,9939.982421875
1474.396484375,10027.9580078125
1456.866455078125,10116.638671875
1446.19873046875,10206.560546875
1425.7528076171875,10294.62890625
1396.9716796875,10378.7353515625
1374.861328125,10463.353515625
1334.3726806640625,10543.46484375
1338.975830078125,10621.451171875
1322.205322265625,10710.37109375
1292.2530517578125,10795.73828125
1257.927978515625,10879.5458984375
1220.392578125,10961.96875
1187.130615234375,11046.13671875
1166.138427734375,11134.083984375
1147.2269287109375,11221.7314453125
1139.39453125,11311.958984375
1123.503173828125,11400.47265625
1105.484619140625,11488.1162109375
1099.3309326171875,11578.4404296875
1082.5989990234375,11667.3515625
1066.95263671875,11756.3349609375
1047.6829833984375,11835.3369140625
1024.0903930664062,11922.4765625
998.0943603515625,12009.14453125
948.5144653320312,12081.5439453125
859.8652954101562,12094.5986328125
858.5569458007812,12021.1005859375
878.0626831054688,11932.921875
886.160400390625,11851.4365234375
909.31982421875,11764.9013671875
936.8511962890625,11683.857421875
959.1401977539062,11603.4912109375
962.509765625,11513.4189453125
981.9408569335938,11425.2978515625
992.4515991210938,11335.3603515625
1007.843994140625,11246.4521484375
1028.335693359375,11158.5537109375
1044.6971435546875,11069.5546875
1057.4752197265625,10992.26171875
1088.1820068359375,10907.630859375
1120.926025390625,10823.5927734375
1156.29443359375,10740.453125
1189.8599853515625,10659.9169921875
1204.953125,10572.7333984375
1232.013916015625,10489.583984375
1251.9305419921875,10402.2041015625
1270.5474853515625,10314.9453125
1286.6494140625,10225.830078125
1306.015380859375,10137.5078125
1325.9954833984375,10049.2138671875
1348.203857421875,9964.3095703125
1361.2266845703125,9874.7158203125
1374.540771484375,9785.28515625
1398.6796875,9698.111328125
1429.9666748046875,9617.52734375
1453.0438232421875,9530.4453125
1480.6435546875,9444.626953125
1517.3717041015625,9364.853515625
1541.9130859375,9278.1298828125
1561.862060546875,9189.8974609375
1587.8985595703125,9103.599609375
1597.4588623046875,9017.1650390625
1626.5423583984375,8935.685546875
1637.615478515625,8850.154296875
1658.3724365234375,8765.25
1684.4169921875,8679.3828125
1694.0054931640625,8595.9775390625
1709.107421875,8507.2255859375
1722.4837646484375,8417.98828125
1735.396484375,8328.34765625
1751.2030029296875,8239.169921875
1773.5765380859375,8151.525390625
1792.1876220703125,8062.88427734375
1810.695068359375,7974.22705078125
1823.181884765625,7884.5498046875
1836.6728515625,7794.99658203125
1862.974853515625,7708.78515625
1876.80712890625,7620.7490234375
1894.7781982421875,7531.98828125
1914.818603515625,7443.6611328125
1935.880615234375,7355.5712890625
1960.07177734375,7268.37158203125
1968.5474853515625,7178.28271484375
1989.4051513671875,7090.88134765625
2017.6326904296875,7004.89794921875
2035.3341064453125,6916.09375
2055.087890625,6827.73828125
2080.862060546875,6743.86767578125
2096.84375,6654.77001953125
2117.45849609375,6566.72900390625
2128.059326171875,6477.2451171875
2148.01171875,6392.41259765625
2158.890625,6302.509765625
2175.73046875,6214.3056640625
2180.274658203125,6123.85888671875
2198.905029296875,6036.07373046875
2205.017333984375,5945.81884765625
2227.1474609375,5858.24755859375
2250.070068359375,5770.83984375
2283.41259765625,5686.6259765625
2317.712890625,5602.84130859375
2344.45654296875,5517.25
2382.043701171875,5434.87060546875
2412.123046875,5349.47705078125
2435.105712890625,5261.876953125
2460.79248046875,5175.4091796875
2467.400634765625,5085.115234375
2471.915771484375,4994.65234375
2477.6962890625,4904.26416015625
2513.266357421875,4829.091796875
2600.2705078125,4819.7705078125
2653.757080078125,4884.01708984375
2720.251708984375,4908.50634765625
2806.76416015625,4911.65380859375
2892.49560546875,4886.40478515625
2980.0576171875,4867.43505859375
3066.15185546875,4840.95263671875
3154.494873046875,4822.8818359375
3243.32275390625,4805.70166015625
3333.100341796875,4794.0205078125
3421.766357421875,4776.0126953125
3511.290771484375,4769.3193359375
3599.95458984375,4751.10009765625
3689.64697265625,4738.59423828125
3779.815185546875,4730.13232421875
3869.693603515625,4719.21337890625
3960.1953125,4716.34521484375
4031.41796875,4713.05615234375
4120.7421875,4698.87353515625
4209.90380859375,4682.97900390625
4298.845703125,4683.2041015625
4386.98974609375,4675.69775390625
4475.93408203125,4668.1298828125
4565.80419921875,4658.1396484375
4655.7890625,4648.97314453125
4742.1669921875,4623.12255859375
4828.45849609375,4615.58740234375
4918.85986328125,4612.98583984375
4989.8525390625,4583.95068359375
5073.0947265625,4553.03515625
5161.41015625,4532.95068359375
5250.2373046875,4515.2744140625
5339.45166015625,4499.65966796875
5429.37060546875,4488.84033203125
5519.5771484375,4480.72509765625
5609.4140625,4469.29296875
5698.81396484375,4454.8544921875
5788.890625,4445.4365234375
5879.16943359375,4438.318359375
5967.92236328125,4420.96337890625
6057.0751953125,4405.01806640625
6146.75537109375,4392.37841796875
6233.30078125,4372.7197265625
6322.37158203125,4356.68505859375
6412.72509765625,4351.560546875
6501.333984375,4333.71728515625
6590.39794921875,4319.095703125
6676.046875,4295.05908203125
6764.8828125,4278.44677734375
6852.021484375,4255.5830078125
6921.88916015625,4248.50146484375
7009.09619140625,4232.47509765625
7097.64404296875,4213.48193359375
7185.310546875,4192.5107421875
7275.779296875,4188.62841796875
7365.7314453125,4195.90625
7448.6962890625,4164.59912109375
7534.6689453125,4160.734375
7624.3525390625,4148.1396484375
7714.28564453125,4137.4033203125
7804.37353515625,4128.10009765625
7894.65966796875,4121.00732421875
7985.1591796875,4117.40087890625
8075.673828125,4114.230712890625
8166.11865234375,4109.49658203125
8255.82421875,4098.361328125
8345.7216796875,4093.62451171875
8427.9990234375,4078.701416015625
8516.513671875,4070.1181640625
8604.6357421875,4063.236572265625
8689.439453125,4071.986572265625
8774.61328125,4049.65380859375
8865.0703125,4045.264404296875
8955.5361328125,4040.9755859375
9043.4033203125,4024.8056640625
9133.125,4019.89111328125
9223.12890625,4009.7724609375
9313.00390625,3998.5478515625
9399.8974609375,3998.55224609375
9483.53125,3996.40869140625
9573.892578125,3990.40625
9657.7275390625,3970.810791015625
9746.5439453125,3953.3095703125
9836.36328125,3942.24951171875
9926.8720703125,3938.92578125
10017.4267578125,3937.189453125
10107.984375,3935.480712890625
10198.44921875,3931.22021484375
10286.5498046875,3913.233642578125
10371.580078125,3908.066162109375
10460.19921875,3897.398681640625
10550.1357421875,3899.12255859375
10640.5908203125,3899.866455078125
10730.9873046875,3895.30224609375
10821.541015625,3893.39892578125
10912.076171875,3890.7646484375
11002.5830078125,3887.40966796875
11093.06640625,3883.32470703125
11183.4677734375,3877.800537109375
11268.3369140625,3858.431640625
11345.01171875,3855.866455078125
11429.345703125,3862.626953125
11507.7490234375,3832.0498046875
11598.013671875,3824.89990234375
11688.431640625,3819.66064453125
11778.734375,3812.802001953125
11854.03125,3843.11279296875
11907.3759765625,3895.951416015625
11994.3291015625,3920.91796875
12079.4150390625,3947.171875
12134.634765625,3980.889892578125
12219.373046875,3958.2763671875
12292.3037109375,3984.152099609375
12375.6728515625,4012.64306640625
12462.751953125,4037.167724609375
12552.796875,4042.10986328125
12636.7822265625,4065.0048828125
12720.0546875,4083.13720703125
12806.4794921875,4106.198486328125
12889.48046875,4120.71826171875
12968.4326171875,4141.25927734375
13058.115234375,4152.23974609375
13139.166015625,4165.16162109375
13224.373046875,4186.3203125
13313.03515625,4204.81005859375
13401.3505859375,4224.90234375
13489.2822265625,4246.6171875
13577.3701171875,4267.4873046875
13666.5205078125,4281.279296875
13747.7490234375,4316.943359375
13830.1923828125,4352.7314453125
13918.95703125,4368.31298828125
14000.2373046875,4401.76318359375
14086.2109375,4427.37548828125
14173.5703125,4447.830078125
14257.05078125,4482.2412109375
14342.681640625,4511.72607421875
14426.1171875,4542.9580078125
14511.6630859375,4568.06396484375
14598.265625,4592.85693359375
14683.533203125,4616.81201171875
14770.0654296875,4643.154296875
14850.6357421875,4670.97119140625
14936.39453125,4696.21728515625
15020.90234375,4724.90087890625
15105.859375,4744.1240234375
15191.2705078125,4771.57666015625
15276.5732421875,4790.66455078125
15358.2392578125,4813.759765625
15444.6240234375,4837.8818359375
15531.7568359375,4862.29443359375
15620.4423828125,4880.45703125
15710.345703125,4890.87890625
15795.5703125,4920.974609375
15880.3671875,4945.32958984375
15960.8037109375,4961.470703125
16040.0244140625,4973.59228515625
16128.33984375,4980.74951171875
16196.685546875,5040.09033203125
16266.830078125,5097.2734375
16323.8671875,5161.27392578125
16280.2578125,5226.51806640625
16198.759765625,5265.94189453125
16112.90234375,5274.20263671875
16023.8876953125,5257.73095703125
15933.70703125,5251.64111328125
15860.7880859375,5226.8896484375
15861.3154296875,5246.64794921875
15851.130859375,5335.91015625
15771.2470703125,5363.27099609375
15680.767578125,5363.60009765625
15592.9716796875,5352.087890625
15506.0166015625,5348.384765625
15422.46484375,5342.31689453125
15338.751953125,5374.00634765625
15254.703125,5373.49658203125
15164.56640625,5374.7197265625
15075.236328125,5388.8017578125
14987.982421875,5388.78662109375
14897.591796875,5393.4423828125
14807.060546875,5391.3466796875
14722.3017578125,5403.51953125
14632.8134765625,5416.82080078125
14543.517578125,5409.6845703125
14453.4208984375,5400.96728515625
14362.9013671875,5399.5771484375
14276.8095703125,5423.822265625
14190.091796875,5406.86328125
14100.9775390625,5414.02734375
14014.265625,5407.94873046875
13925.5009765625,5398.287109375
13834.953125,5397.34130859375
13744.4365234375,5400.400390625
13654.107421875,5406.88525390625
13566.99609375,5428.84130859375
13477.9384765625,5440.83349609375
13387.9228515625,5450.66162109375
13298.2705078125,5463.322265625
13211.70703125,5472.87890625
13121.56640625,5481.42919921875
13032.21484375,5496.02734375
13093.375,5521.546875
13106.9326171875,5585.03466796875
13064.0869140625,5662.98486328125
13031.8984375,5744.60595703125
12982.4638671875,5819.18603515625
12914.048828125,5839.95166015625
12866.3095703125,5778.94921875
12899.8349609375,5694.99560546875
12924.6943359375,5615.7431640625
12957.4970703125,5553.33642578125
12973.9765625,5503.1494140625
12884.95703125,5499.6953125
12794.4287109375,5501.9638671875
12704.7763671875,5507.8857421875
12701.2451171875,5597.5947265625
12688.8515625,5687.2939453125
12674.134765625,5775.54443359375
12674.41015625,5861.38037109375
12636.6103515625,5943.47607421875
12573.9326171875,6002.63134765625
12490.7890625,5977.23193359375
12509.6796875,5892.76123046875
12547.099609375,5811.47900390625
12561.66015625,5722.2236328125
12591.51953125,5640.78076171875
12579.205078125,5557.03369140625
12529.779296875,5520.68359375
12440.5615234375,5536.16455078125
12350.3447265625,5543.58154296875
12260.658203125,5555.96240234375
12170.32421875,5562.4755859375
12079.88671875,5567.283203125
11989.83203125,5576.75732421875
11900.62890625,5590.00146484375
11810.904296875,5599.2392578125
11782.6318359375,5678.8837890625
11753.677734375,5762.48046875
11737.9912109375,5849.99853515625
11733.6279296875,5940.1982421875
11715.4052734375,6028.880859375
11702.912109375,6115.1083984375
11702.5224609375,6205.24169921875
11687.1123046875,6293.65283203125
11678.240234375,6369.1513671875
11666.837890625,6458.80078125
11655.37109375,6547.37158203125
11641.7138671875,6636.74072265625
11626.8662109375,6726.0419921875
11615.3076171875,6814.78564453125
11597.45703125,6902.49267578125
11582.1962890625,6991.76171875
11550.3388671875,7073.8671875
11554.4462890625,7159.89453125
11544.8427734375,7249.9462890625
11537.9345703125,7340.255859375
11532.791015625,7430.68017578125
11530.037109375,7521.205078125
11529.236328125,7611.76708984375
11523.30859375,7702.11767578125
11510.599609375,7786.00537109375
11535.107421875,7849.291015625
11614.75390625,7807.96337890625
11692.986328125,7762.45947265625
11759.2080078125,7787.3193359375
11734.5615234375,7854.69677734375
11672.830078125,7907.419921875
11601.3359375,7952.37451171875
11548.0478515625,8024.6328125
11495.6826171875,8086.32275390625
11485.05859375,8164.01708984375
11490.2890625,8253.5849609375
11471.009765625,8341.818359375
11473.27734375,8429.6884765625
11460.220703125,8519.2578125
11463.53125,8608.4912109375
11459.38671875,8698.8623046875
11453.97265625,8789.2607421875
11438.0966796875,8878.2841796875
11413.7470703125,8965.21484375
11405.98828125,9055.4208984375
11400.3828125,9145.818359375
11388.26171875,9235.5078125
11364.2802734375,9318.7001953125
11354.1337890625,9408.4052734375
11336.65234375,9494.041015625
11326.2861328125,9583.947265625
11320.4365234375,9674.3310546875
11309.99609375,9764.275390625
11287.064453125,9851.1923828125
11260.359375,9937.5048828125
11242.6796875,10026.3232421875
11224.796875,10114.9208984375
11218.0869140625,10194.15234375
11209.7431640625,10284.2919921875
11205.7451171875,10374.7724609375
11185.8310546875,10461.982421875
11175.4921875,10548.8017578125
11169.76953125,10639.1513671875
11164.662109375,10729.580078125
11146.2958984375,10816.7197265625
11131.716796875,10905.3720703125
11122.3125,10995.40234375
11098.248046875,11082.7099609375
11086.677734375,11171.9951171875
11063.318359375,11259.421875
11070.9443359375,11348.0859375
11047.7998046875,11435.298828125
11017.4765625,11519.6865234375
11004.48046875,11605.5556640625
10975.2373046875,11689.5869140625
10901.6357421875,11724.8447265625
10813.6953125,11740.578125
10723.6181640625,11749.634765625
10636.705078125,11771.0517578125
10549.7646484375,11795.71484375
10459.8125,11805.7421875
10369.400390625,11811.0751953125
10283.0654296875,11835.2373046875
10192.8779296875,11836.9970703125
10102.390625,11834.3701171875
10015.7265625,11847.4296875
9926.2197265625,11861.3203125
9835.923828125,11867.298828125
9745.404296875,11864.5380859375
9654.912109375,11860.7001953125
9564.35546875,11859.4638671875
9473.8447265625,11862.1708984375
9383.5419921875,11869.2294921875
9293.2099609375,11875.8779296875
9203.1826171875,11885.662109375
9113.46875,11897.8125
9022.974609375,11901.26953125
8932.458984375,11903.8251953125
8842.2509765625,11911.88671875
8752.091796875,11920.5244140625
8661.794921875,11927.6279296875
8571.4013671875,11933.2314453125
8480.9326171875,11937.4990234375
8390.4033203125,11940.4833984375
8299.8515625,11942.1591796875
8209.28076171875,11942.3671875
8118.72412109375,11940.70703125
8028.2666015625,11936.1904296875
7938.1025390625,11927.8759765625
7852.20751953125,11932.466796875
7766.07763671875,11921.892578125
7676.951171875,11937.830078125
7587.6376953125,11952.5302734375
7500.35205078125,11963.8701171875
7409.89697265625,11959.8896484375
7319.3447265625,11961.0087890625
7228.84228515625,11964.5458984375
7138.42578125,11969.962890625
7048.16162109375,11977.298828125
6958.126953125,11987.1494140625
6868.22705078125,11998.1669921875
6777.9169921875,12004.822265625
6687.5859375,12011.419921875
6597.4599609375,12020.3720703125
6507.78369140625,12032.8759765625
6418.087890625,12041.4345703125
6327.78759765625,12048.2216796875
6237.650390625,12056.9970703125
6147.2431640625,12062.5029296875
6056.76953125,12066.7119140625
5966.3515625,12071.9296875
5876.0380859375,12078.765625
5785.67822265625,12084.95703125
5695.400390625,12092.2919921875
5605.21240234375,12100.6015625
5515.1025390625,12109.751953125
5425.150390625,12120.306640625
5335.203125,12130.8876953125
5245.1396484375,12140.494140625
5155.001953125,12149.3994140625
5065.34814453125,12161.482421875
4978.35205078125,12182.494140625
4887.93017578125,12187.7734375
4797.44384765625,12191.6552734375
4706.93603515625,12195.0986328125
4616.41650390625,12198.1708984375
4525.90478515625,12201.560546875
4435.39794921875,12205.150390625
4344.90380859375,12208.857421875
4254.41796875,12212.66015625
4163.92041015625,12216.552734375
4073.4384765625,12220.5439453125
3982.961181640625,12224.6845703125
3892.45947265625,12228.4453125
3801.91259765625,12230.2666015625
3711.3466796875,12230.97265625
3620.76904296875,12230.9970703125
3530.195068359375,12230.5458984375
3439.62353515625,12229.7353515625
3349.06396484375,12228.6416015625
3258.4970703125,12227.3271484375
3167.9326171875,12225.828125
3077.37744140625,12224.171875
2986.8291015625,12222.3603515625
2896.272705078125,12220.4287109375
2805.71826171875,12218.396484375
2715.171630859375,12216.41796875
2624.61083984375,12217.3349609375
2535.376708984375,12229.1796875
2444.810546875,12229.7255859375
2354.233642578125,12228.85546875
2263.671630859375,12227.6298828125
2173.107421875,12226.314453125
2082.5478515625,12224.96484375
1991.9853515625,12223.544921875
1901.4263916015625,12221.791015625
1810.8800048828125,12219.673828125
1720.3480224609375,12217.05859375
1629.8475341796875,12213.3408203125
1539.4891357421875,12208.75
1450.959228515625,12226.72265625
1360.5174560546875,12230.1611328125
1269.994873046875,12233.0234375
1179.5343017578125,12237.6064453125
1089.180419921875,12243.82421875
999.877197265625,12237.9189453125
919.248779296875,12238.1103515625
12611.0234375,5529.791015625
11928.7431640625,5444.86181640625
11934.755859375,5387.12744140625
11860.5458984375,5336.47802734375
11820.5322265625,5382.87353515625
11811.748046875,5463.4921875
12331.3603515625,5420.9638671875
12421.4638671875,5412.29638671875
12511.4052734375,5401.95458984375
12601.5859375,5394.1845703125
12691.177734375,5381.9052734375
12781.52734375,5375.705078125
12871.984375,5371.2236328125
12962.470703125,5367.1337890625
13052.978515625,5366.6484375
13141.451171875,5370.62744140625
13229.1083984375,5349.20751953125
13319.5751953125,5345.767578125
13409.4892578125,5337.080078125
13494.2099609375,5307.7646484375
13584.388671875,5299.76318359375
13671.9306640625,5277.36083984375
13761.787109375,5266.74853515625
13852.306640625,5266.9375
13939.4140625,5284.90576171875
14027.5537109375,5268.36572265625
14118.09375,5268.97216796875
14208.6640625,5270.00048828125
14299.2412109375,5270.142578125
14389.8037109375,5269.56494140625
14480.3642578125,5267.87255859375
14568.4267578125,5278.40283203125
14658.9296875,5278.9228515625
14749.28515625,5279.0458984375
14838.5673828125,5264.03564453125
14928.8359375,5256.62158203125
15019.3310546875,5253.0390625
15109.77734375,5248.37548828125
15199.990234375,5240.40185546875
15288.6650390625,5245.951171875
15376.4150390625,5228.4638671875
15462.11328125,5215.3251953125
15552.248046875,5223.89990234375
15639.3359375,5246.23974609375
15728.423828125,5234.67724609375
15725.861328125,5202.81689453125
15639.9052734375,5174.43115234375
15554.3525390625,5147.66162109375
15470.5986328125,5116.82275390625
15384.6494140625,5088.96484375
15298.7197265625,5062.29541015625
15211.376953125,5040.91650390625
15127.8330078125,5006.267578125
15038.875,4990.59912109375
14951.8544921875,4966.33642578125
14861.7744140625,4956.89208984375
14772.201171875,4943.5673828125
14685.4111328125,4918.91162109375
14605.357421875,4885.01611328125
14519.248046875,4863.28515625
14432.130859375,4839.98876953125
14347.171875,4821.16455078125
14257.4853515625,4808.5693359375
14168.068359375,4794.10888671875
14079.1005859375,4777.197265625
13991.26953125,4755.16650390625
13903.0517578125,4734.89013671875
13816.90234375,4717.21630859375
13727.861328125,4700.97021484375
13638.5078125,4686.39404296875
13555.8134765625,4675.123046875
13482.5888671875,4646.28125
13394.6044921875,4626.560546875
13306.1728515625,4607.03271484375
13219.4833984375,4580.978515625
13132.23046875,4558.74853515625
13044.9267578125,4542.5869140625
12958.0205078125,4519.666015625
12869.029296875,4504.5068359375
12780.111328125,4487.30908203125
12691.3203125,4469.4697265625
12601.2646484375,4461.12060546875
12512.5908203125,4444.49462890625
12424.4892578125,4424.3046875
12338.5498046875,4396.009765625
12249.7890625,4378.13427734375
12159.5703125,4371.76513671875
12078.8447265625,4343.11865234375
11992.6396484375,4315.48828125
11924.8701171875,4333.67822265625
11923.712890625,4411.07177734375
11964.84375,4491.1943359375
11961.5703125,4578.5986328125
11956.2744140625,4668.9814453125
11947.8486328125,4759.12255859375
11943.4892578125,4847.7421875
11971.962890625,4932.7978515625
12029.3095703125,4989.4736328125
12117.359375,5008.115234375
12187.7958984375,5041.27197265625
12274.369140625,5066.93212890625
12363.8779296875,5075.72216796875
12429.904296875,5019.13330078125
12512.669921875,4990.54052734375
12593.2783203125,4951.44775390625
12682.6376953125,4941.97412109375
12768.23046875,4913.08154296875
12773.009765625,4876.296875
12685.498046875,4853.93115234375
12595.3154296875,4845.99267578125
12504.759765625,4845.02001953125
12414.2568359375,4848.33349609375
12323.9072265625,4854.64599609375
12233.5849609375,4861.27197265625
12143.2998046875,4857.560546875
12053.169921875,4856.80419921875
12010.4892578125,4797.43017578125
12091.2646484375,4770.63671875
12178.6796875,4750.01708984375
12268.71875,4741.17919921875
12316.4638671875,4708.57177734375
12230.84765625,4679.50341796875
12148.80859375,4641.48583984375
12166.029296875,4572.24951171875
12249.8935546875,4574.87548828125
12336.7822265625,4594.25927734375
12423.3994140625,4620.35498046875
12509.75,4647.67626953125
12592.216796875,4684.79345703125
12676.2861328125,4714.474609375
12752.171875,4758.0126953125
12838.7880859375,4775.14013671875
12917.265625,4815.390625
12995.88671875,4845.85205078125
13077.76171875,4871.96923828125
13143.51171875,4925.25244140625
13228.86328125,4902.48828125
13289.8896484375,4924.02197265625
13376.8408203125,4912.9501953125
13463.591796875,4934.2685546875
13546.75,4956.58349609375
13476.75390625,4993.29052734375
13386.48046875,4999.27685546875
13295.943359375,4996.51806640625
13205.9716796875,5000.86767578125
13116.3251953125,4999.91943359375
13026.1708984375,4992.6923828125
12944.2763671875,4992.63134765625
12856.966796875,5010.0908203125
12766.736328125,5017.6484375
12681.099609375,5041.1884765625
12592.708984375,5059.81494140625
12507.0517578125,5088.55126953125
12485.9130859375,5116.642578125
12562.5361328125,5150.68701171875
12647.4580078125,5179.388671875
12711.591796875,5223.46337890625
12630.4482421875,5261.068359375
12550.8310546875,5233.787109375
12460.6337890625,5226.34326171875
12373.61328125,5202.20751953125
12285.9248046875,5180.4013671875
12200.3671875,5156.22216796875
12114.380859375,5130.1923828125
12028.732421875,5100.8359375
11943.59375,5073.21630859375
11894.0576171875,5110.91650390625
11904.49609375,5189.2490234375
11956.5234375,5252.6201171875
12031.0048828125,5301.60400390625
12094.8271484375,5347.09375
12158.0947265625,5394.65771484375
12237.69140625,5433.0009765625
2811.918212890625,5159.02734375
2897.957763671875,5130.98095703125
2987.65625,5119.1279296875
3076.400146484375,5101.17333984375
3162.8896484375,5100.4521484375
3251.51708984375,5085.0986328125
3341.482421875,5076.49072265625
3430.195556640625,5058.455078125
3519.05810546875,5041.03515625
3608.875,5029.45751953125
3698.5341796875,5017.7431640625
3783.91015625,5016.478515625
3872.9541015625,5002.99560546875
3962.61572265625,4990.69580078125
4052.9189453125,4983.77001953125
4142.82080078125,4973.00146484375
4230.60595703125,4952.71142578125
4319.96337890625,4937.97705078125
4408.89013671875,4920.74609375
4497.00830078125,4900.650390625
4586.34716796875,4885.8115234375
4675.5673828125,4870.43603515625
4765.5986328125,4860.58056640625
4854.98388671875,4846.11865234375
4944.0078125,4829.4736328125
5033.666015625,4816.8017578125
5123.90966796875,4813.4091796875
5213.8046875,4802.39697265625
5303.72265625,4791.58154296875
5390.01025390625,4766.701171875
5479.6875,4754.14501953125
5569.3525390625,4741.42919921875
5656.30859375,4726.44970703125
5742.44091796875,4702.67333984375
5828.09375,4674.32373046875
5915.2578125,4650.14453125
6005.06005859375,4638.69091796875
6092.916015625,4617.55517578125
6181.4140625,4599.3095703125
6270.58740234375,4585.71826171875
6359.16357421875,4569.49755859375
6448.77685546875,4556.560546875
6538.7236328125,4545.90625
6628.51318359375,4534.0322265625
6718.3798828125,4522.75537109375
6808.46533203125,4513.35791015625
6898.79248046875,4506.876953125
6984.2373046875,4480.74951171875
7074.02587890625,4470.15576171875
7164.52392578125,4466.5029296875
7254.97412109375,4462.1630859375
7342.0673828125,4439.83740234375
7428.1943359375,4420.43408203125
7517.75,4407.02587890625
7607.19580078125,4392.75341796875
7696.1376953125,4375.67626953125
7785.27734375,4372.14453125
7872.25244140625,4355.43115234375
7962.71875,4351.71923828125
8052.1767578125,4361.193359375
8117.92626953125,4350.35205078125
8207.70068359375,4338.87158203125
8298.03515625,4343.00927734375
8388.060546875,4352.93701171875
8476.392578125,4346.3818359375
8565.0859375,4350.37548828125
8634.1982421875,4349.1630859375
8720.275390625,4343.4833984375
8809.056640625,4336.27490234375
8897.5693359375,4319.181640625
8987.19921875,4322.7275390625
9068.2294921875,4323.298828125
9154.232421875,4305.95654296875
9244.5810546875,4299.5849609375
9335.0830078125,4296.0302734375
9425.603515625,4293.14599609375
9515.2255859375,4287.125
9602.7529296875,4276.84814453125
9692.2353515625,4287.42724609375
9782.779296875,4286.75146484375
9871.005859375,4282.5869140625
9961.3681640625,4276.9140625
10051.921875,4277.4814453125
10131.7802734375,4297.1904296875
10213.92578125,4268.18701171875
10298.96875,4263.25146484375
10389.201171875,4255.6328125
10479.6328125,4250.4716796875
10563.6865234375,4265.3349609375
10647.4140625,4243.87646484375
10734.2734375,4233.94580078125
10824.34765625,4231.48095703125
10914.21484375,4220.38720703125
11004.451171875,4212.57275390625
11094.8017578125,4206.203125
11185.14453125,4199.6650390625
11275.40234375,4192.16943359375
11365.4169921875,4182.248046875
11455.4248046875,4172.12353515625
11545.748046875,4165.51025390625
11635.01171875,4152.64990234375
11716.7138671875,4123.634765625
11717.4482421875,4034.3369140625
11675.041015625,3967.970947265625
11585.07421875,3976.131591796875
11495.0703125,3985.994873046875
11404.7470703125,3992.73974609375
11314.5322265625,4000.80615234375
11224.40625,4009.70849609375
11134.005859375,4015.21826171875
11043.498046875,4018.795654296875
10953.185546875,4016.69140625
10868.248046875,4032.176025390625
10777.8154296875,4036.433349609375
10687.248046875,4037.2392578125
10596.6865234375,4038.764892578125
10506.1591796875,4041.56103515625
10415.732421875,4046.51806640625
10325.306640625,4051.7822265625
10234.8544921875,4056.454345703125
10144.4306640625,4056.04345703125
10060.8671875,4064.95703125
9973.0546875,4078.1552734375
9882.8955078125,4080.424072265625
9793.23828125,4092.947265625
9702.8876953125,4099.38232421875
9612.568359375,4106.225830078125
9522.5400390625,4115.8251953125
9434.0322265625,4131.72314453125
9343.6826171875,4138.068359375
9253.421875,4145.568359375
9163.2138671875,4153.763671875
9073.08984375,4162.7265625
8984.3837890625,4176.982421875
8893.9833984375,4182.58447265625
8803.498046875,4186.29638671875
8713.30078125,4194.20751953125
8623.474609375,4205.43017578125
8533.0634765625,4210.705078125
8442.6728515625,4216.33349609375
8352.4443359375,4224.21435546875
8263.2919921875,4239.94775390625
8173.07568359375,4247.51025390625
8082.541015625,4249.91455078125
7991.9716796875,4250.49609375
7901.423828125,4252.58642578125
7812.42822265625,4267.8779296875
7722.701171875,4276.75830078125
7633.623046875,4284.66357421875
7543.8603515625,4296.24169921875
7453.455078125,4301.619140625
7366.46044921875,4315.455078125
7277.4111328125,4331.728515625
7187.77685546875,4344.74560546875
7098.13916015625,4357.7646484375
7008.3662109375,4369.64892578125
6918.23876953125,4377.38330078125
6830.28076171875,4398.65185546875
6746.95263671875,4420.13232421875
6660.74072265625,4445.1708984375
6573.6708984375,4465.33251953125
6483.51611328125,4473.96728515625
6397.205078125,4497.03369140625
6313.833984375,4509.259765625
6223.76513671875,4509.4130859375
6134.2109375,4522.689453125
6045.92822265625,4541.49462890625
5963.9873046875,4555.16015625
5878.92236328125,4578.71337890625
5789.701171875,4568.43798828125
5706.82861328125,4579.93896484375
5641.15673828125,4604.4638671875
5567.755859375,4583.07275390625
5488.017578125,4611.74560546875
5397.7578125,4619.06884765625
5308.0634765625,4626.0078125
5220.6962890625,4644.9384765625
5133.42822265625,4665.14892578125
5046.47265625,4681.43505859375
4962.72705078125,4711.61669921875
4874.20068359375,4730.515625
4784.66455078125,4744.09765625
4696.7548828125,4765.60546875
4607.59716796875,4781.33203125
4520.0966796875,4801.98583984375
4432.48828125,4807.8388671875
4341.9482421875,4808.3671875
4251.57373046875,4814.33544921875
4161.2802734375,4820.5478515625
4071.458740234375,4832.04638671875
3981.86181640625,4845.3095703125
3891.957275390625,4856.2431640625
3801.587646484375,4862.251953125
3711.1748046875,4867.361328125
3621.888671875,4880.70703125
3531.667724609375,4888.27392578125
3444.2548828125,4911.16748046875
3354.80859375,4924.96435546875
3264.52099609375,4932.2001953125
3174.578125,4942.44189453125
3087.8056640625,4967.89794921875
3002.828125,4999.2216796875
2914.4052734375,5018.15771484375
2824.25341796875,5026.8134765625
2735.057373046875,5042.197265625
2648.376953125,5067.3017578125
2611.6962890625,5146.28759765625
2673.53564453125,5197.29931640625
2761.979248046875,5178.7119140625
11919.0751953125,4723.048828125
14479.1416015625,4691.203125
14501.2236328125,4713.89501953125
14337.017578125,4650.47998046875
14252.21875,4618.6787109375
14166.33203125,4589.94921875
14080.1162109375,4562.2373046875
13994.6669921875,4532.21728515625
13907.10546875,4509.96240234375
13825.45703125,4476.05615234375
13738.8935546875,4449.44580078125
13652.193359375,4423.2841796875
13565.359375,4405.4091796875
13478.05859375,4382.77978515625
13391.7109375,4356.28125
13303.03515625,4337.8876953125
13214.4208984375,4319.33837890625
13125.89453125,4300.47607421875
13036.6123046875,4285.54443359375
12947.7109375,4268.3251953125
12859.6181640625,4247.29150390625
12770.7119140625,4230.10205078125
12682.0009765625,4211.921875
12594.6083984375,4188.1650390625
12505.5078125,4172.36865234375
12415.7939453125,4160.02001953125
12330.857421875,4139.45556640625
12241.1611328125,4128.16015625
12153.5078125,4106.01708984375
12084.77734375,4109.081787109375
12014.5791015625,4067.863525390625
11925.1767578125,4054.57421875
11876.1787109375,4098.75390625
11921.3291015625,4153.3056640625
12007.6767578125,4175.9716796875
12091.240234375,4200.5029296875
12174.6279296875,4231.86474609375
12264.5234375,4242.5927734375
12351.69921875,4266.35107421875
12439.7197265625,4287.3857421875
12528.0712890625,4306.654296875
12615.380859375,4326.65576171875
12699.6328125,4343.09375
12789.572265625,4353.1923828125
12876.419921875,4377.55126953125
12966.16015625,4389.1591796875
13055.6044921875,4403.33837890625
13142.8935546875,4426.53564453125
13231.4736328125,4444.380859375
13318.5791015625,4469.13134765625
13406.2861328125,4491.57568359375
13496.15234375,4502.037109375
13583.455078125,4525.17236328125
13671.3662109375,4546.8125
13761.21875,4554.9794921875
13850.4208984375,4567.3154296875
13934.5693359375,4597.763671875
14020.9658203125,4615.60791015625
14109.24609375,4635.6123046875
14197.9765625,4653.48876953125
14280.5029296875,4679.72412109375
14399.2470703125,4684.38037109375
19810,12148
19810.69921875,12071.4541015625
19857.640625,12004.0556640625
19929.177734375,11958.6474609375
20007.275390625,11976.2099609375
19986.22265625,12045.373046875
19957.548828125,12123.5732421875
19889.662109375,12169.5244140625
15786,12125
15707.884765625,12079.736328125
15647.94140625,12015.5810546875
15698.2880859375,11959.8505859375
15779.2060546875,11920.521484375
15846.2529296875,11927.6171875
15935.390625,11938.935546875
15946.12890625,11880.0341796875
15981.7470703125,11821.314453125
16035.3173828125,11747.27734375
16036.1142578125,11668.8798828125
16120.1484375,11642.66015625
16186.9892578125,11580.26953125
16259.0087890625,11524.263671875
16337.6728515625,11539.7412109375
16312.6923828125,11626.5341796875
16299.9990234375,11711.083984375
16354.1630859375,11781.990234375
16442.333984375,11773.6953125
16527.53125,11748.279296875
16584.896484375,11764.169921875
16670.326171875,11750.37109375
16734.85546875,11813.1044921875
16795.814453125,11881.345703125
16839.3828125,11956.33203125
16773.2890625,12005.42578125
16694.251953125,11959.8349609375
16620.00390625,11960.48828125
16534.181640625,11982.669921875
16517.572265625,11920.001953125
16446.302734375,11960.916015625
16360.7255859375,11977.0908203125
16300.6357421875,11910.9501953125
16227.1318359375,11858.978515625
16156.732421875,11808.208984375
16115.7900390625,11772.3369140625
16065.1015625,11828.9013671875
16117.5234375,11900.3994140625
16190.568359375,11951.853515625
16249.8115234375,12018.443359375
16196.560546875,12075.560546875
16109.6240234375,12051.8759765625
16023.634765625,12067.451171875
15934.103515625,12048.509765625
15887.7275390625,12082.37109375
15865.72265625,12153.0732421875
12688,12116
12619.7890625,12064.642578125
12556.869140625,12023.30859375
12594.3232421875,11945.3603515625
12652.6748046875,11881.8994140625
12738.5859375,11899.578125
12826.3447265625,11913.896484375
12840.072265625,11970.8466796875
12785.478515625,12040.556640625
12766.4345703125,12125.4111328125
17730,12120
17717.318359375,12049.0107421875
17677.990234375,11986.0244140625
17697.076171875,11917.3193359375
17778.09375,11885.921875
17860.234375,11882.4970703125
17932.08984375,11931.2783203125
17956.4453125,12013.005859375
17880.23046875,12019.8544921875
17857.2734375,12052.09765625
17809.423828125,12116.40625
34194,12115
34120.171875,12098.0771484375
34136.59765625,12035.830078125
34218.38671875,12012.0908203125
34302.2421875,11993.87890625
34382.23046875,12016.978515625
34337.52734375,12082.509765625
34253.03515625,12099.2158203125
26877,12055
26809.1015625,11999.892578125
26779.662109375,11922.466796875
26768.376953125,11858.8701171875
26850.9921875,11882.326171875
26925.578125,11878.9052734375
26929.419921875,11790.984375
26920.390625,11703.3095703125
26903.65625,11617.73046875
26937.951171875,11545.1162109375
27016.751953125,11549.140625
27082.259765625,11592.1181640625
27045.837890625,11672.1513671875
27054.943359375,11759.3134765625
27065.662109375,11846.8681640625
27084.3828125,11931.287109375
27073.375,12018.2412109375
27033.74609375,12092.109375
26946.8984375,12105.6806640625
21461,12054
21381.556640625,12019.5625
21296.58984375,11992.0712890625
21262.12890625,11914.9580078125
21196.734375,11854.5537109375
21247.970703125,11795.275390625
21308.41015625,11783.3056640625
21306.052734375,11707.197265625
21382.908203125,11710.5615234375
21380.3828125,11798.9228515625
21355.302734375,11859.5390625
21431.271484375,11896.126953125
21487.30859375,11966.408203125
21509.771484375,12046.5244140625
27386,11997
27337.931640625,11916.2529296875
27299.375,11832.51953125
27260.650390625,11748.826171875
27270.869140625,11656.6171875
27357.03515625,11639.8505859375
27379.375,11693.22265625
27375.125,11780.57421875
27424.93359375,11847.904296875
27464.2734375,11931.568359375
27465.572265625,12011.1962890625
17243,11963
17161.806640625,11930.5107421875
17075.48828125,11952.83203125
16991.2890625,11923.5244140625
16904.23828125,11911.546875
16840.212890625,11877.3076171875
16874.240234375,11795.2314453125
16934.60546875,11732.939453125
17006.5625,11762.8115234375
17053.283203125,11829.0908203125
17142.40234375,11823.791015625
17219.0625,11826.759765625
17288.388671875,11877.640625
17340.734375,11819.8251953125
17408.181640625,11764.7783203125
17487.443359375,11771.80078125
17495.9296875,11841.3955078125
17562.8984375,11899.0693359375
17514.521484375,11940.966796875
17425.09765625,11937.984375
17362.751953125,11880.880859375
17314.126953125,11932.4111328125
18650,11941
18638.4765625,11859.056640625
18671.068359375,11771.005859375
18654.07421875,11691.7392578125
18738.201171875,11691.787109375
18798.86328125,11764.2861328125
18775.6875,11846.1376953125
18741.79296875,11929.076171875
19436,11931
19455.09765625,11846.1591796875
19527.9375,11793.9423828125
19582.951171875,11732.5419921875
19665.884765625,11760.8349609375
19666.94140625,11845.994140625
19611.5703125,11911.5771484375
19524.328125,11933.86328125
4595,11903
4509.52001953125,11881.052734375
4422.361328125,11872.78515625
4349.24072265625,11825.1787109375
4324.2392578125,11742.185546875
4367.0400390625,11665.8583984375
4439.08642578125,11614.1533203125
4524.90625,11594.7841796875
4612.72119140625,11578.966796875
4697.42138671875,11552.8974609375
4766.88525390625,11497.9482421875
4778.59228515625,11409.9453125
4728.50634765625,11342.205078125
4653.85205078125,11313.990234375
4577.12255859375,11322.740234375
4507.69677734375,11270.501953125
4553.3291015625,11203.9560546875
4633.92431640625,11170.3544921875
4715.9599609375,11194.8369140625
4798.38134765625,11225.859375
4854.48193359375,11294.416015625
4893.4033203125,11372.302734375
4894.966796875,11461.3779296875
4861.7919921875,11543.0458984375
4799.478515625,11606.6044921875
4721.15283203125,11649.1201171875
4638.1201171875,11681.078125
4550.7646484375,11699.1865234375
4482.22705078125,11749.5234375
4550.7607421875,11790.94921875
4639.361328125,11802.2353515625
4722.470703125,11825.400390625
4769.2587890625,11884.802734375
4684.07470703125,11907.271484375
19053,11904
19043.677734375,11821.671875
18972.77734375,11778.5048828125
18957.501953125,11696.0166015625
19042.255859375,11681.380859375
19132,11694.0791015625
19215.310546875,11725.6591796875
19194.107421875,11812.1572265625
19136.857421875,11887.515625
12969,11877
12930.0107421875,11788.2548828125
13009.740234375,11763.7763671875
13046.8173828125,11851.943359375
34743,11855
34662.2265625,11818.9345703125
34577.046875,11807.8173828125
34495.91796875,11768.2099609375
34422.94921875,11719.9677734375
34340.07421875,11696.015625
34277.33203125,11648.3798828125
34217.7734375,11621.509765625
34138.375,11588.9658203125
34058.96875,11549.3212890625
33973.07421875,11521.326171875
33895.0078125,11484.0859375
33813.49609375,11445.7919921875
33742.0703125,11401.982421875
33663.4453125,11363.337890625
33614.96875,11294.677734375
33540.55078125,11280.1240234375
33462.66015625,11239.607421875
33391.03125,11189.947265625
33313.515625,11144.328125
33270.08203125,11071.513671875
33337.9296875,11038.7587890625
33421.4609375,11056.6943359375
33489.484375,11116.1416015625
33556.421875,11176.8212890625
33636.79296875,11212.818359375
33700.43359375,11269.9833984375
33776.875,11314.220703125
33859.109375,11351.55078125
33928.5546875,11408.0751953125
34011.74609375,11441.3955078125
34093.92578125,11478.9140625
34176.72265625,11515.0419921875
34245.2734375,11566.5751953125
34324.8828125,11603.9443359375
34402.80859375,11643.21875
34484.7421875,11681.2021484375
34561.11328125,11729.1025390625
34648.265625,11747.9990234375
34711.7734375,11811.208984375
34773.9765625,11859.1005859375
2661,11829
2644.314453125,11744.6865234375
2660.736572265625,11656.4697265625
2704.95654296875,11577.935546875
2765.733154296875,11512.37890625
2849.808837890625,11482.6279296875
2936.71484375,11469.939453125
3020.68408203125,11455.8515625
3067.946533203125,11379.34765625
3108.380859375,11298.7109375
3152.625244140625,11220.1689453125
3180.720703125,11135.44921875
3216.174072265625,11052.5576171875
3243.873046875,10973.0888671875
3227.34375,10891.6923828125
3142.556396484375,10872.6845703125
3059.9140625,10906.4404296875
2982.589111328125,10943.4033203125
2911.988525390625,10913.8125
2958.83642578125,10838.3916015625
3041.085693359375,10801.9052734375
3128.64599609375,10782.0146484375
3218.701171875,10786.2197265625
3306.731689453125,10804.818359375
3373.42529296875,10861.607421875
3380.2197265625,10950.8349609375
3358.712158203125,11036.9931640625
3324.52978515625,11118.005859375
3283.20556640625,11194.802734375
3255.709228515625,11269.0986328125
3227.864013671875,11332.5087890625
3206.763427734375,11418.41015625
3171.284423828125,11490.8701171875
3134.250244140625,11571.048828125
3143.593017578125,11658.556640625
3148.257080078125,11746.8212890625
3107.04052734375,11823.015625
3021.09814453125,11836.123046875
2962.473876953125,11772.7890625
2942.890625,11686.9609375
2948.865966796875,11608.279296875
2864.257568359375,11590.7705078125
2817.707275390625,11666.08984375
2794.35205078125,11753.1943359375
2767.248291015625,11838.8349609375
2680.899169921875,11841.2490234375
30301,11820
30233.765625,11764.7314453125
30170.78515625,11707.369140625
30112.353515625,11641.1572265625
30045.7109375,11587.4892578125
29993.318359375,11517.197265625
29920.26953125,11470.2021484375
29920.25,11403.7099609375
30001.337890625,11392.2373046875
30053.984375,11459.837890625
30126.94140625,11510.669921875
30193.3515625,11571.1142578125
30232.7109375,11590.5458984375
30194.6328125,11511.291015625
30178.509765625,11422.953125
30226.9296875,11371.40234375
30315.279296875,11364.044921875
30401.44921875,11364.42578125
30463.3359375,11419.80078125
30509.76171875,11485.970703125
30523.162109375,11574.2275390625
30526.578125,11624.16015625
30451.794921875,11587.740234375
30394.53515625,11622.423828125
30415.099609375,11709.77734375
30409.38671875,11792.4228515625
30333.3046875,11826.849609375
6265,11810
6223.0869140625,11730.1103515625
6208.703125,11640.037109375
6221.77001953125,11549.6201171875
6267.28759765625,11471.365234375
6342.74462890625,11420.6552734375
6429.34521484375,11396.701171875
6516.51953125,11379.658203125
6589.990234375,11335.4423828125
6525.1708984375,11274.298828125
6443.34912109375,11233.0361328125
6358.7861328125,11197.66015625
6271.70458984375,11170.2607421875
6206.32421875,11115.4853515625
6280.25439453125,11066.349609375
6365.93505859375,11076.400390625
6451.4375,11100.982421875
6535.26708984375,11137.3427734375
6616.9013671875,11179.0537109375
6686.01953125,11237.35546875
6754.505859375,11290.3291015625
6755.94140625,11376.908203125
6691.16943359375,11434.4443359375
6605.81982421875,11466.9892578125
6519.4140625,11497.6240234375
6433.48779296875,11529.578125
6371.10888671875,11591.908203125
6381.6220703125,11678.4462890625
6466.6162109375,11671.939453125
6513.681640625,11740.2392578125
6443.24951171875,11792.150390625
6353.65966796875,11810.7060546875
2077,11789
2018.734619140625,11723.9638671875
1954.8656005859375,11758.3330078125
1871.3255615234375,11775.955078125
1840.132080078125,11699.7138671875
1869.8397216796875,11615.8447265625
1895.7554931640625,11530.8193359375
1928.7083740234375,11448.306640625
1972.1527099609375,11380.9443359375
2050.7437744140625,11375.78515625
2103.283447265625,11446.3466796875
2129.847412109375,11531.6552734375
2145.17333984375,11618.50390625
2207.562744140625,11652.80859375
2260.349853515625,11587.0478515625
2304.406494140625,11513.33984375
2338.73876953125,11431.37890625
2398.87109375,11365.8017578125
2483.09619140625,11361.23046875
2501.837646484375,11431.8212890625
2462.133056640625,11505.7734375
2412.72021484375,11579.6767578125
2375.935302734375,11658.703125
2323.218017578125,11729.0751953125
2248.5048828125,11777.8779296875
2163.717529296875,11804.537109375
3618,11787
3537.10888671875,11744.111328125
3482.33447265625,11672.3701171875
3450.342041015625,11591.6328125
3474.3134765625,11506.80859375
3538.40283203125,11442.2099609375
3627.0166015625,11418.8134765625
3718.955810546875,11415.5849609375
3803.78466796875,11450.373046875
3883.72607421875,11493.3095703125
3962.88916015625,11488.1865234375
4053.280029296875,11483.8818359375
4142.6005859375,11493.1259765625
4159.53662109375,11563.609375
4086.31103515625,11574.3466796875
4012.410888671875,11609.9365234375
3942.263671875,11668.818359375
3859.053955078125,11694.525390625
3846.837158203125,11758.3974609375
3759.71923828125,11785.41796875
3667.949951171875,11792.193359375
3808.997314453125,11676.228515625
3814.491943359375,11591.748046875
3740.904541015625,11537.34765625
3650.641845703125,11526.734375
3580.93505859375,11571.7412109375
3619.777587890625,11654.01953125
3691.175048828125,11710.2353515625
5243,11743
5194.337890625,11677.357421875
5194.04052734375,11593.8232421875
5209.603515625,11505.466796875
5267.08056640625,11437.3740234375
5345.21142578125,11393.2978515625
5432.69580078125,11372.9287109375
5521.6181640625,11378.927734375
5602.30029296875,11412.525390625
5684.03466796875,11446.455078125
5762.6357421875,11415.8046875
5828.82080078125,11359.2626953125
5916.19287109375,11340.6689453125
5969.8408203125,11384.1337890625
5895.52783203125,11430.0791015625
5840.025390625,11491.8564453125
5796.330078125,11559.978515625
5758.1748046875,11628.2392578125
5737.087890625,11712.0048828125
5652.591796875,11704.7802734375
5607.2001953125,11641.083984375
5636.001953125,11561.59375
5569.35205078125,11503.46875
5483.23583984375,11480.0498046875
5396.78955078125,11501.3076171875
5343.4091796875,11570.939453125
5345.326171875,11654.3671875
5326.98974609375,11724.943359375
33996,11685
33960.72265625,11633.23046875
33878.62890625,11621.4228515625
33797.37890625,11577.2275390625
33712.8828125,11539.4716796875
33626.69140625,11505.7568359375
33538.50390625,11477.7802734375
33446.78515625,11471.17578125
33357.21484375,11448.41796875
33308.53515625,11393.2197265625
33394.1171875,11358.826171875
33483.19921875,11372.0263671875
33575.33984375,11376.1953125
33655.7265625,11409.4462890625
33742.33203125,11439.634765625
33820.6875,11488.2333984375
33900.94140625,11531.3984375
33974.70703125,11585.7041015625
34030.59375,11659.2685546875
34785,11690
34755.2421875,11652.5859375
34759.92578125,11579.9541015625
34707.171875,11507.1298828125
34643.90234375,11443.8076171875
34573.56640625,11387.4033203125
34511.92578125,11322.1767578125
34444.2421875,11267.7880859375
34369.79296875,11218.0947265625
34305.4453125,11154.91796875
34297.2109375,11072.27734375
34375.1875,11053.2841796875
34455.10546875,11094.80859375
34526.921875,11144.5048828125
34593.76953125,11167.2060546875
34554.53515625,11085.9765625
34540.453125,11000.5908203125
34622.13671875,10966.3173828125
34704.4140625,10994.478515625
34719.6171875,11082.4892578125
34782.26953125,11142.712890625
34834.1875,11207.2021484375
34897.21484375,11271.748046875
34936.90625,11339.5634765625
35008.7734375,11371.3271484375
35080.7421875,11424.4287109375
35151.57421875,11479.302734375
35207.05859375,11549.0576171875
35262.75390625,11611.2802734375
35243.98046875,11673.009765625
35160.03125,11651.728515625
35110.25,11584.0302734375
35100.6484375,11640.013671875
35012.32421875,11653.556640625
34937.03515625,11608.0537109375
34880.72265625,11659.0869140625
34804.3515625,11699.69921875
34941.15234375,11478.806640625
34711.91796875,11273.185546875
12994,11643
12961.0009765625,11572.234375
12925.4326171875,11518.005859375
12874.923828125,11450.669921875
12957.3154296875,11438.0546875
12990.7451171875,11389.0556640625
12975.376953125,11319.3994140625
12964.9609375,11229.271484375
12952.5419921875,11139.3525390625
12944.2509765625,11048.9599609375
12937.8173828125,10959.3486328125
12892.9501953125,10882.16015625
12868.3828125,10797.908203125
12839.0029296875,10712.177734375
12821.0732421875,10623.1630859375
12784.8369140625,10540.3681640625
12740.2724609375,10461.3828125
12718.8740234375,10373.568359375
12736.1123046875,10286.0859375
12705.2373046875,10207.697265625
12659.91015625,10139.7470703125
12629.8486328125,10055.162109375
12595.39453125,9978.283203125
12554.4111328125,9902.2568359375
12500.2431640625,9830.14453125
12458.587890625,9751.5537109375
12420.0205078125,9670.72265625
12483.724609375,9620.9794921875
12544.107421875,9684.03515625
12590.1044921875,9761.8427734375
12638.8701171875,9836.3564453125
12685.5,9912.7802734375
12731.103515625,9988.4541015625
12773.525390625,10068.5791015625
12806.58984375,10139.9130859375
12851.896484375,10216.947265625
12871.5302734375,10305.46484375
12859.35546875,10391.05859375
12807.3876953125,10455.97265625
12872.7236328125,10511.5400390625
12913.8095703125,10592.509765625
12945.798828125,10677.3369140625
12958.6220703125,10767.0048828125
12995.166015625,10732.4912109375
12975.31640625,10644.03515625
12965.7001953125,10553.7529296875
12959.0751953125,10465.9150390625
12928.9365234375,10392.951171875
12924.4677734375,10317.2001953125
12899.2978515625,10232.345703125
12901.849609375,10152.9853515625
12862.7919921875,10091.66015625
12837.087890625,10005.033203125
12822.529296875,9915.3984375
12798.771484375,9828.49609375
12788.9697265625,9738.3154296875
12793.18359375,9658.6650390625
12793.859375,9574.765625
12864.35546875,9524.796875
12945.0947265625,9551.248046875
12972.26171875,9516.859375
12964.021484375,9426.41796875
12958.4775390625,9335.767578125
12960.2900390625,9245.2041015625
13023.845703125,9194.2275390625
13055.3505859375,9175.0947265625
13134.6376953125,9217.9638671875
13187.3642578125,9290.8251953125
13236.4697265625,9303.9951171875
13237.3388671875,9213.181640625
13236.4365234375,9122.36328125
13235.3154296875,9031.5478515625
13293.8173828125,8977.7001953125
13380.6611328125,8968.8984375
13446.7548828125,9024.6142578125
13483.357421875,9101.689453125
13553.814453125,9140.314453125
13567.435546875,9050.716796875
13592.8408203125,8964.2802734375
13670.53515625,8936.439453125
13749.1962890625,8963.705078125
13824.4423828125,9012.9111328125
13858.998046875,8970.888671875
13924.505859375,8911.1318359375
14013.3251953125,8907.1064453125
14098.1611328125,8939.34765625
14160.822265625,8998.5654296875
14144.0390625,9067.1005859375
14060.4990234375,9035.2919921875
13974.3642578125,9046.7578125
13936.5390625,9113.880859375
13868.927734375,9149.962890625
13781.23828125,9129.6962890625
13697.8466796875,9095.78515625
13682.8232421875,9178.8544921875
13641.15625,9253.98046875
13556.419921875,9285.2646484375
13472.9287109375,9257.8984375
13407.642578125,9195.0419921875
13375.185546875,9200.4228515625
13374.59375,9291.232421875
13375.5908203125,9382.0478515625
13372.49609375,9472.7802734375
13312.0771484375,9528.095703125
13224.34375,9516.9013671875
13156.84765625,9456.5546875
13100.3427734375,9451.9541015625
13104.7763671875,9540.69140625
13108.0283203125,9631.4462890625
13116.8203125,9721.8134765625
13102.1376953125,9809.67578125
13037.5615234375,9858.7138671875
12960.3095703125,9815.6357421875
12929.4345703125,9827.5576171875
12926.8603515625,9917.107421875
12957.6279296875,10002.412109375
12979.1572265625,10090.55859375
12999.2197265625,10179.13671875
13018.1025390625,10267.9716796875
13035.3134765625,10357.1484375
13051.373046875,10446.5302734375
13063.642578125,10536.51953125
13080.669921875,10625.673828125
13090.734375,10715.896484375
13098.6875,10806.345703125
13041.517578125,10868.873046875
13012.1435546875,10940.3984375
13032.697265625,11028.119140625
13061.2646484375,11108.23046875
13068.69921875,11178.3603515625
13087.939453125,11266.8759765625
13089.41796875,11356.41015625
13073.2890625,11444.9912109375
13021.5986328125,11515.990234375
13086.6943359375,11537.703125
13152.896484375,11475.95703125
13239.3525390625,11467.6591796875
13223.453125,11553.2431640625
13164.759765625,11622.302734375
13082.8564453125,11651.634765625
18765,11623
18728.705078125,11557.2314453125
18762.8828125,11480.498046875
18838.44921875,11509.0927734375
18829.265625,11590.5048828125
20905,11593
20877.1953125,11527.4306640625
20954.40234375,11494.4521484375
21021.34375,11542.7138671875
20991.208984375,11594.8505859375
36180,11541
36120.8359375,11472.720703125
36062.27734375,11405.71484375
35990.01953125,11356.80859375
35937.91796875,11285.6064453125
35870.73828125,11231.0322265625
35804.80859375,11169.5107421875
35730.5078125,11118.6318359375
35650.56640625,11083.4501953125
35571.7578125,11046.8681640625
35511.1171875,10981.486328125
35440.11328125,10928.03515625
35383.390625,10859.986328125
35360.765625,10900.2255859375
35376.75390625,10988.4677734375
35450.1953125,11023.443359375
35489.08203125,11103.380859375
35550.4296875,11169.7158203125
35599.01953125,11242.8203125
35591.3359375,11325.900390625
35512.66796875,11294.6337890625
35444.75390625,11235.0771484375
35386.890625,11166.3349609375
35332.234375,11095.09765625
35271.453125,11028.2626953125
35218.01953125,10956.6689453125
35158.890625,10888.7373046875
35113.765625,10810.5263671875
35086.5,10726.1572265625
35162.36328125,10682.2080078125
35237.80078125,10696.3095703125
35299.578125,10752.9375
35360.69140625,10692.7333984375
35443.85546875,10669.5908203125
35507.28515625,10668.103515625
35467.72265625,10586.876953125
35433.83984375,10503.203125
35465.51171875,10425.77734375
35549.72265625,10396.970703125
35612.08984375,10445.03515625
35679.74609375,10490.751953125
35667.69140625,10408.6826171875
35599.4296875,10361.2275390625
35557.04296875,10282.9443359375
35569.15625,10198.48046875
35650.8125,10163.41796875
35737.34375,10183.6015625
35814.140625,10229.4755859375
35794.32421875,10161.0986328125
35748.6015625,10085.970703125
35713.3515625,10009.0556640625
35684.62109375,9923.669921875
35726.73046875,9849.5458984375
35790.07421875,9802.0810546875
35745.42578125,9726.6845703125
35713.625,9643.046875
35655.63671875,9573.9716796875
35595.8515625,9510.35546875
35619.73046875,9449.5576171875
35664.1640625,9428.9931640625
35726.6953125,9485.6142578125
35785.56640625,9552.701171875
35858.15625,9556.3173828125
35910.83984375,9619.7041015625
35953.078125,9698.23828125
35993.92578125,9775.548828125
36044.12109375,9848.8310546875
36085.8203125,9924.849609375
36116.63671875,10005.3857421875
36165.6953125,10079.533203125
36195.12109375,10146.9560546875
36214.18359375,10064.66796875
36247.421875,9981.67578125
36288.6640625,9906.0107421875
36373.109375,9891.9521484375
36356.02734375,9964.3037109375
36356.9609375,10053.0830078125
36381.4609375,10139.7421875
36403.71875,10223.96875
36429.7734375,10305.5087890625
36452.85546875,10390.5830078125
36380.61328125,10408.7578125
36355.01953125,10327.8154296875
36311.37109375,10287.490234375
36319.765625,10370.5224609375
36312.4609375,10460.3310546875
36247.3046875,10513.5986328125
36195.3984375,10474.166015625
36198.6328125,10385.3154296875
36170.9609375,10300.7685546875
36113.453125,10235.845703125
36077.75390625,10155.380859375
36024.85546875,10084.6875
35956.13671875,10040.767578125
35897.359375,10082.5810546875
35942.41015625,10152
35992.24609375,10222.9921875
36057.84765625,10267.27734375
36083.90234375,10341.7158203125
36141.2734375,10410.22265625
36169.390625,10494.73828125
36102.52734375,10549.1728515625
36020.48828125,10518.263671875
35946.76953125,10466.0224609375
35871.609375,10415.9052734375
35791.71484375,10376.283203125
35793.87109375,10424.470703125
35853.53515625,10472.11328125
35901.92578125,10546.306640625
35959.4453125,10615.8447265625
36020.17578125,10675.779296875
36075.98046875,10746.6982421875
36135.703125,10808.2216796875
36187.85546875,10880.8544921875
36250.97265625,10945.486328125
36298.87109375,11020.9716796875
36254.8984375,11090.8671875
36170.01953125,11083.44921875
36104.328125,11021.9091796875
36041.45703125,10961
35968.65234375,10908.5888671875
35900.86328125,10860
35839.94140625,10793.365234375
35773.5859375,10732.0576171875
35703.44921875,10675.1953125
35682.765625,10681.892578125
35730.40625,10758.578125
35782.41796875,10831.720703125
35843.30859375,10898.236328125
35897.48046875,10970.2822265625
35962.08203125,11032.349609375
36015.8359375,11098.25
36077.08984375,11164.626953125
36133.06640625,11235.5224609375
36178.9765625,11312.1044921875
36240.89453125,11371.7978515625
36282.890625,11445.7431640625
36341.68359375,11509.775390625
36294.875,11579.6962890625
36210.43359375,11570.2080078125
35561.8125,10772.8701171875
35530.62109375,10743.181640625
35717.734375,10554.64453125
35899.84765625,10302.7822265625
35390,11534
35319.921875,11489.890625
35260.43359375,11427.6533203125
35186.15625,11379.625
35122.41015625,11316.8408203125
35067.88671875,11247.6318359375
35005.59765625,11192.232421875
34934.8125,11139.5751953125
34868.85546875,11079.1220703125
34802.90234375,11019.3935546875
34740.51953125,10958.1455078125
34712.60546875,10883.02734375
34770.3984375,10843.6005859375
34857.7265625,10827.908203125
34889.51171875,10908.30859375
34949.69921875,10972.833984375
35015.7734375,11032.4453125
35072.03125,11101.9072265625
35141.62109375,11151.8623046875
35193.26171875,11224.490234375
35232.640625,11291.3974609375
35309.02734375,11331.908203125
35348.18359375,11408.5888671875
35410.6640625,11448.0849609375
35457.84375,11520.2958984375
16532,11503
16556.234375,11417.037109375
16604.0390625,11339.8828125
16627.974609375,11252.2734375
16654.48828125,11168.125
16724.943359375,11136.8662109375
16762.37109375,11199.4462890625
16737.419921875,11276.9716796875
16718.544921875,11363.984375
16680.701171875,11443.1748046875
16614.421875,11504.4677734375
18490,11490
18475.296875,11398.939453125
18550.02734375,11364.7197265625
18617.841796875,11395.0615234375
18567.775390625,11475.587890625
34124,11443
34048.11328125,11395.5
33970.5390625,11347.9814453125
33900.37890625,11289.958984375
33844.765625,11226.5791015625
33812.81640625,11155.189453125
33889.28125,11110.91796875
33979.734375,11116.888671875
34059.6015625,11151.46484375
34131.68359375,11203.126953125
34063.24609375,11248.1337890625
34086.7578125,11313.4443359375
34157.75,11369.25
34203.74609375,11438.0751953125
32480,11406
32502.228515625,11327.2861328125
32583.23828125,11293.8828125
32672.966796875,11290.80859375
32762.4765625,11297.1591796875
32851.34765625,11292.5185546875
32940.89453125,11285.5439453125
33030.11328125,11275.4228515625
33109.17578125,11271.953125
33192.44140625,11255.9443359375
33274.05859375,11265.6357421875
33296.671875,11311.13671875
33216.046875,11348.9375
33126.83984375,11359.0205078125
33038.890625,11375.251953125
32949.16796875,11379.27734375
32868.8046875,11392.65234375
32781.8359375,11413.7353515625
32693.65625,11410.9921875
32603.958984375,11414.5654296875
32514.205078125,11411.669921875
18023,11380
18004.87890625,11295.4384765625
17996.69140625,11200.2568359375
18081.53515625,11163.38671875
18164.982421875,11197.052734375
18229.541015625,11248.154296875
18201.640625,11335.546875
18115.236328125,11375.41796875
16873,11201
16851.001953125,11122.5888671875
16878.23046875,11038.818359375
16915.51171875,10959.38671875
16993.25,10933.2568359375
17016.12109375,11007.1689453125
16991.048828125,11091.54296875
16941.2734375,11162.2666015625
17833,11168
17820.650390625,11083.310546875
17872.060546875,11002.4287109375
17955.556640625,10993.3984375
17946.6015625,11081.1005859375
17925.220703125,11165.701171875
17683,11143
17610.0625,11091.7451171875
17607.197265625,11017.1396484375
17668.712890625,10955.806640625
17760.30859375,10944.6435546875
17833.916015625,10939.72265625
17811.798828125,11025.171875
17763.19140625,11106.36328125
17207,11060
17197.603515625,10967.3564453125
17240.376953125,10887.302734375
17331.515625,10899.1162109375
17342.595703125,10978.74609375
17289.1640625,11054.140625
32345,10769
32262.251953125,10753.7431640625
32174.7734375,10737.6103515625
32085.88671875,10729.3251953125
31997.71484375,10715.55859375
31910.349609375,10697.1962890625
31822.568359375,10681.091796875
31735.15234375,10667.1533203125
31653.158203125,10637.4990234375
31571.05859375,10603.42578125
31516.6015625,10585.0625
31448.90234375,10527.3359375
31485.09375,10481.1181640625
31564.865234375,10502.5224609375
31648.81640625,10532.83984375
31727.671875,10566.630859375
31814.548828125,10586.75
31902.923828125,10598.078125
31989.4765625,10615.2177734375
32063.31640625,10634.5947265625
32149.744140625,10655.98828125
32238.134765625,10668.140625
32320.25,10698.181640625
32377.9609375,10749.9443359375
21590,10715
21556.609375,10640.158203125
21563.54296875,10552.0478515625
21537.48828125,10465.4638671875
21522.298828125,10376.2841796875
21480.119140625,10420.025390625
21404.1796875,10459.7041015625
21331.833984375,10412.1357421875
21306.44921875,10325.458984375
21289.828125,10236.2578125
21289.61328125,10152.6806640625
21252.177734375,10091.9482421875
21195.48046875,10056.919921875
21177.740234375,10144.8525390625
21117.3828125,10208.244140625
21058.521484375,10157.009765625
21018.076171875,10077.998046875
21023.1015625,9988.072265625
20981.11328125,9908.9189453125
20961.833984375,9821.7431640625
20939.55078125,9872.1630859375
20901.423828125,9947.474609375
20835.087890625,9975.9609375
20770.501953125,9923.0478515625
20722.1640625,9851.9404296875
20676.80859375,9779.7138671875
20597.12890625,9808.98046875
20512.423828125,9790.0068359375
20451.78515625,9724.3115234375
20395.22265625,9654.083984375
20367.521484375,9724.8359375
20288.185546875,9766.0166015625
20202.25390625,9751.1923828125
20134.4375,9690.984375
20045.96484375,9691.0595703125
19955.3671875,9696.1962890625
19877.1640625,9669.6044921875
19890.9921875,9594.294921875
19981.650390625,9589.7890625
20041.38671875,9530.1650390625
20119.861328125,9490.001953125
20194.240234375,9537.2451171875
20225.20703125,9609.9716796875
20281.3046875,9551.8603515625
20365.96875,9519.92578125
20438.7578125,9545.0615234375
20489.40625,9620.1171875
20521.52734375,9701.955078125
20570.02734375,9647.697265625
20600.462890625,9564.6015625
20678.736328125,9529.01953125
20741.376953125,9591.70703125
20760.92578125,9673.42578125
20795.50390625,9749.9404296875
20816.10546875,9667.1953125
20845.294921875,9582.8388671875
20910.513671875,9524.8310546875
20993.8125,9535.5830078125
21034.4140625,9614.1025390625
21060.57421875,9693.3447265625
21102.71484375,9735.9462890625
21130.12890625,9658.005859375
21210.701171875,9621.70703125
21271.466796875,9675.3310546875
21288.423828125,9764.345703125
21308.166015625,9852.8369140625
21350.5703125,9931.5537109375
21361.07421875,10021.1884765625
21365.556640625,10083.7919921875
21406.880859375,10022.1259765625
21417.61328125,9933.107421875
21494.939453125,9886.52734375
21566.361328125,9910.2314453125
21602.400390625,9992.072265625
21616.171875,10081.783203125
21629.115234375,10171.0830078125
21656.759765625,10256.20703125
21706.26171875,10205.1630859375
21793.32421875,10183.2666015625
21862.142578125,10225.8037109375
21872.4296875,10315.435546875
21929.654296875,10372.625
22017.65625,10383.0859375
21999.21484375,10455.8564453125
21951.95703125,10528.875
21869.62109375,10516.517578125
21822.794921875,10447.8671875
21753.197265625,10449.3779296875
21742.1484375,10525.51953125
21733.791015625,10609.7783203125
21713.623046875,10694.021484375
21630.310546875,10727.9267578125
21208.908203125,9961.5537109375
21222.64453125,10019.068359375
36543,10693
36514.23046875,10608.0166015625
36499.51953125,10519.265625
36491.54296875,10429.634765625
36488.1484375,10339.7080078125
36491.6640625,10249.9658203125
36535.73046875,10172.119140625
36598.11328125,10128.6171875
36624.58984375,10193.2783203125
36614.94140625,10282.478515625
36614.29296875,10372.4658203125
36618.26171875,10462.3291015625
36635.7890625,10546.5390625
36639.16015625,10636.3603515625
36613.48828125,10718.296875
30765,10558
30770.392578125,10509.2216796875
30846.26953125,10462.4775390625
30927.708984375,10435.4189453125
31008.953125,10396.326171875
31093.40234375,10364.8134765625
31174.537109375,10328.12890625
31133.693359375,10286.4453125
31065.826171875,10293.701171875
30982.109375,10282.3720703125
30896.400390625,10258.6953125
30809.330078125,10239.2685546875
30720.779296875,10224.6064453125
30632.46875,10208.3271484375
30545.0625,10191.3994140625
30454.96484375,10187.251953125
30365.0390625,10189.8232421875
30282.45703125,10200.3408203125
30194.1171875,10217.06640625
30104.310546875,10224.8330078125
30015.103515625,10237.4267578125
29925.232421875,10244.1328125
29838.533203125,10268.4072265625
29750.240234375,10285.3271484375
29660.078125,10285.0029296875
29570.423828125,10275.9990234375
29612.423828125,10228.2822265625
29693.6484375,10202.3935546875
29781.765625,10184.0703125
29867.46875,10184.236328125
29949.41015625,10152.095703125
30037.927734375,10134.94921875
30124.287109375,10109.5546875
30110,10054.94140625
30185.71875,10017.7158203125
30267.23046875,10045.2568359375
30352.9921875,10053.2763671875
30430.88671875,10063.0078125
30520.6328125,10070.166015625
30610.482421875,10077.740234375
30687.009765625,10099.787109375
30771.9765625,10094.763671875
30861.728515625,10089.0732421875
30950.890625,10089.23046875
31039.716796875,10104.271484375
31129.796875,10107.8544921875
31208.591796875,10108.650390625
31176.6953125,10162.7080078125
31086.791015625,10169.3623046875
30996.640625,10167.71875
30907.59765625,10156.5205078125
30927.150390625,10197.0419921875
31016.796875,10206.05859375
31081.458984375,10250.6435546875
31153.15625,10242.0185546875
31239.982421875,10257.5673828125
31327.4765625,10272.708984375
31412.146484375,10301.185546875
31501.931640625,10299.087890625
31591.896484375,10300.2314453125
31677.349609375,10290.1748046875
31703.927734375,10310.552734375
31780.18359375,10292.794921875
31800.6640625,10342.2421875
31712.384765625,10354.958984375
31647.4453125,10358.326171875
31560.482421875,10379.599609375
31471.162109375,10391.3017578125
31381.08203125,10395.7763671875
31291.12890625,10402.177734375
31207.84375,10430.6923828125
31119.1328125,10444.0859375
31043.208984375,10490.205078125
30963.23828125,10530.662109375
30877.08203125,10557.228515625
30788.501953125,10566.81640625
29166,10155
29218.93359375,10086.466796875
29288.228515625,10042.3837890625
29357.78515625,9990.4013671875
29425.318359375,9929.7138671875
29502.33203125,9882.3076171875
29582.7578125,9840.6376953125
29668.67578125,9812.9716796875
29752.521484375,9778.5146484375
29841.22265625,9760.013671875
29926.5234375,9785.2763671875
29981.78125,9797.13671875
29914.814453125,9811.365234375
29824.5234375,9819.9677734375
29737.677734375,9846.1240234375
29652.521484375,9876.0478515625
29568.0703125,9905.05859375
29520.62109375,9933.0673828125
29446.95703125,9979.4931640625
29384.76171875,10042.9619140625
29308.08984375,10089.6484375
29234.15234375,10140.0625
24991,10150
24909.3125,10115.9794921875
24841.353515625,10058.6796875
24780.76953125,9993.5517578125
24731.529296875,9919.5537109375
24700.638671875,9837.021484375
24774.64453125,9824.7646484375
24841.09765625,9883.427734375
24900.337890625,9949.423828125
24940.1484375,10010.193359375
25015.794921875,10023.296875
24990.736328125,9939.2412109375
24958.69140625,9863.0986328125
25013.587890625,9803.93359375
25096.658203125,9805.046875
25169.83984375,9852.75390625
25140.08203125,9930.7880859375
25129.556640625,10008.5849609375
25141.111328125,10094.4541015625
25079.326171875,10152.59375
31565,9998
31475.484375,9987.884765625
31386.193359375,9979.6328125
31304.880859375,9954.400390625
31218.19921875,9931.1494140625
31128.80078125,9918.0966796875
31041.771484375,9897.8173828125
30956.23046875,9873.5078125
30867.744140625,9858.0654296875
30778.76953125,9842.0068359375
30688.337890625,9836.037109375
30600.115234375,9816.283203125
30512.99609375,9794.314453125
30424.390625,9809.8388671875
30345.732421875,9846.2978515625
30287.90234375,9916.1064453125
30245.990234375,9849.81640625
30296.81640625,9786.9384765625
30374.47265625,9740.7548828125
30442.32421875,9694.7724609375
30372.46875,9645.0185546875
30402.2421875,9570.51171875
30491.65234375,9559.9853515625
30582.32421875,9561.771484375
30672.818359375,9566.21875
30757.400390625,9560.5791015625
30844.494140625,9536.9580078125
30934.1875,9540.8525390625
31020.001953125,9568.4453125
31106.072265625,9593.0205078125
31188.896484375,9617.439453125
31278.3125,9632.3359375
31363.296875,9663.330078125
31437.001953125,9668.8193359375
31523.419921875,9680.1904296875
31444.48046875,9635.7080078125
31361.6484375,9609.73828125
31288.58984375,9561.2392578125
31210.056640625,9519.8994140625
31147.93359375,9460.490234375
31192.697265625,9390.9345703125
31252.849609375,9351.625
31224.71875,9274.265625
31294.17578125,9226.671875
31380.625,9223.8720703125
31463.775390625,9259.9619140625
31547.57421875,9294.3828125
31508.3671875,9257.3447265625
31426.43359375,9219.529296875
31347.287109375,9178.1123046875
31271.2421875,9129.9150390625
31195.9921875,9079.724609375
31118.1640625,9033.6865234375
31097.60546875,8963.8818359375
31162.162109375,8900.5751953125
31250.53515625,8889.1015625
31340.138671875,8902.697265625
31412.921875,8946.716796875
31487.734375,8973.591796875
31565.90234375,9017.4287109375
31630.697265625,9072.2783203125
31713.810546875,9095.7705078125
31797.708984375,9126.6171875
31878.30078125,9167.296875
31963.232421875,9199.0048828125
32044.078125,9237.97265625
32130.115234375,9260.013671875
32146.220703125,9239.138671875
32070.130859375,9196.0791015625
31995.33984375,9146.7275390625
31917.46484375,9101.9013671875
31833.7890625,9069.0419921875
31750.943359375,9032.67578125
31674.546875,8983.93359375
31594.099609375,8942.1845703125
31514.0078125,8899.6943359375
31438.6796875,8849.2236328125
31359.537109375,8805.384765625
31297.107421875,8741.5361328125
31223.984375,8688.380859375
31163.787109375,8621.1455078125
31152.615234375,8534.8447265625
31210.943359375,8470.2685546875
31300.0234375,8456.8515625
31383.552734375,8489.0107421875
31468.845703125,8519.1962890625
31544.060546875,8560.2744140625
31621.904296875,8604.521484375
31664.345703125,8674.0888671875
31597.447265625,8699.78125
31533.79296875,8666.8916015625
31463.1640625,8629.8427734375
31376.63671875,8606.5107421875
31368.302734375,8631.54296875
31431.0625,8697.01171875
31495.9765625,8760.29296875
31579.7734375,8789.357421875
31661.3203125,8824.642578125
31730.98046875,8878.6455078125
31800.4765625,8936.798828125
31881.85546875,8976.1279296875
31965.48828125,9010.830078125
32034.16796875,9066.5009765625
32119.076171875,9091.724609375
32192.9453125,9136.9228515625
32265.34375,9180.4697265625
32340.6171875,9220.2197265625
32410.9921875,9272.7646484375
32430.625,9357.5458984375
32345.78125,9383.017578125
32256.533203125,9378.2265625
32168.244140625,9360.51171875
32090.775390625,9322.1337890625
32002.50390625,9304.033203125
31922.755859375,9270.833984375
31921.361328125,9315.904296875
32008.55859375,9331.8408203125
32081.703125,9366.91796875
32164.970703125,9389.017578125
32251.318359375,9413.6142578125
32332.205078125,9452.197265625
32408.400390625,9495.51953125
32469.8203125,9561.455078125
32449.578125,9623.595703125
32359.375,9630.673828125
32269.013671875,9623.783203125
32186.537109375,9597.0322265625
32101.953125,9590.1142578125
32022.01953125,9570
32085.24609375,9614.951171875
32127.97265625,9654.041015625
32182.9453125,9666.095703125
32269.7265625,9691.4404296875
32349.76171875,9733.76171875
32419.11328125,9791.81640625
32427.60546875,9859.984375
32345.74609375,9893.3017578125
32259.583984375,9900.6123046875
32174.423828125,9879.697265625
32087.931640625,9858.6826171875
31999.388671875,9875.271484375
31908.75390625,9874.630859375
31818.759765625,9864.068359375
31755.5859375,9913.5361328125
31710.744140625,9954.908203125
31788.36328125,9948.953125
31721.451171875,9997.833984375
31631.267578125,10006.4052734375
31544.876953125,9914.5087890625
31704.005859375,9749.0673828125
30761.50390625,9684.091796875
30822.947265625,9697.6279296875
30666.4140625,9624.0166015625
30706.802734375,9669.939453125
31649.73046875,9578.3359375
31934.39453125,9549.912109375
31970.6328125,9546.3291015625
31929.884765625,9437.5419921875
31416.37109375,9426.224609375
31384.142578125,9439.6845703125
31338.046875,9409.904296875
31701.314453125,9345.27734375
31730.349609375,9368.712890625
31836.130859375,9262.025390625
31816.185546875,9242.90625
31676.279296875,9180.2568359375
27588,9970
27576.802734375,9931.3388671875
27647.095703125,9903.7236328125
27735.765625,9891.7626953125
27825.615234375,9885.79296875
27914.97265625,9875.0302734375
27999.876953125,9853.7265625
28085.25,9836.8056640625
28172.25390625,9815.8857421875
28262.060546875,9816.0146484375
28347.15625,9805.236328125
28418.123046875,9811.375
28475.71484375,9779.919921875
28564.55859375,9765.32421875
28653.80078125,9753.3232421875
28743.599609375,9749.1787109375
28830.080078125,9736.609375
28918.25390625,9725.560546875
29007.900390625,9734.0322265625
29096.388671875,9748.87890625
29178.7421875,9744.8251953125
29265.251953125,9742.2197265625
29203.580078125,9799.1923828125
29113.8984375,9797.296875
29023.869140625,9797.3837890625
28933.951171875,9802.1181640625
28844.271484375,9810.216796875
28755.23828125,9823.4814453125
28667.287109375,9841.1806640625
28577.794921875,9848.6943359375
28489.595703125,9864.765625
28401.591796875,9882.580078125
28313.51171875,9899.0361328125
28223.6171875,9904.25
28138.099609375,9927.4794921875
28048.875,9938.25390625
27961.595703125,9958.1923828125
27872.076171875,9967.9072265625
27782.349609375,9975.5322265625
27692.677734375,9983.76953125
27603.875,9977.849609375
26833,9913
26869.419921875,9848.447265625
26939.958984375,9796.0078125
27017.720703125,9751.224609375
27100.25,9711.771484375
27187.462890625,9683.8115234375
27272.5078125,9650.3095703125
27361.328125,9628.173828125
27452.10546875,9617.189453125
27543.02734375,9606.0029296875
27633.783203125,9594.052734375
27697.267578125,9595.1533203125
27783.943359375,9610.208984375
27874.78125,9611.6630859375
27966.123046875,9612.5888671875
27935.16796875,9648.2255859375
27844.66796875,9655.6640625
27757.662109375,9666.4736328125
27690.220703125,9676.30859375
27603.080078125,9692.8037109375
27511.955078125,9702.2158203125
27420.6875,9710.13671875
27330.4609375,9725.85546875
27242.916015625,9752.5146484375
27167.578125,9800.0439453125
27082.037109375,9831.689453125
26995.529296875,9861.560546875
26918.283203125,9898.5908203125
35438,9542
35381.671875,9472.404296875
35317.640625,9415.0390625
35269.01953125,9339.1259765625
35202.015625,9276.6875
35142.0859375,9206.4111328125
35075.4296875,9142.791015625
35030.51171875,9076.796875
35024.859375,9005.0517578125
35107.2265625,8994.076171875
35175.90625,9055.5390625
35229.59765625,9127.41015625
35287.23828125,9198.4853515625
35350.58203125,9265.70703125
35409.77734375,9336.5546875
35429.94140625,9410.0419921875
35480.53125,9480.025390625
27124,9410
27034.4921875,9394.4599609375
26946.40234375,9373.8193359375
26855.8984375,9365.439453125
26766.373046875,9351.296875
26680.13671875,9330.158203125
26605.73828125,9283.2705078125
26532.384765625,9255.1884765625
26450.455078125,9255.4150390625
26373.701171875,9217.966796875
26289.5390625,9183.689453125
26205.013671875,9150.1298828125
26119.5078125,9119.1240234375
26038.001953125,9080.6318359375
25953.84375,9047.7900390625
25874.935546875,9002.6220703125
25798.513671875,8953.3603515625
25737.791015625,8896.69921875
25793.4609375,8861.0205078125
25876.8125,8888.8017578125
25957.4453125,8930.87109375
26039.181640625,8970.7666015625
26121.765625,9008.8779296875
26206.447265625,9041.9052734375
26278.751953125,9091.9833984375
26361.10546875,9120.1064453125
26445.44140625,9153.935546875
26526.171875,9185.4189453125
26612.9765625,9212.2958984375
26693.275390625,9253.697265625
26779.375,9275.072265625
26868.75390625,9285.4609375
26955.4921875,9312.173828125
27040.89453125,9336.326171875
27131.5625,9342.6328125
27219.669921875,9364.48828125
27238.79296875,9418.6640625
27148.013671875,9415.361328125
27015.57421875,9355.8125
12580,9393
12509.326171875,9341.1357421875
12469.69921875,9265.408203125
12425.5361328125,9201.1982421875
12381.4287109375,9129.3056640625
12340.087890625,9052.90234375
12350.220703125,8981.3564453125
12425.6728515625,9002.2412109375
12469.8759765625,9079.1259765625
12522.7412109375,9147.9208984375
12577.169921875,9217.78515625
12624.6796875,9289.7412109375
12648.1240234375,9360.6669921875
27570,9376
27482.037109375,9357.4375
27400.48046875,9329.701171875
27311.158203125,9316.34375
27223.44140625,9294.7314453125
27137.95703125,9265.55078125
27055.96484375,9227.6962890625
26969.45703125,9201.927734375
26886.119140625,9167.05078125
26804.236328125,9128.82421875
26721.86328125,9091.6884765625
26639.021484375,9055.7890625
26562.548828125,9007.734375
26479.19921875,8974.4775390625
26396.7890625,8939.498046875
26309.236328125,8921.072265625
26341.490234375,8866.9091796875
26264.044921875,8821.5498046875
26201.619140625,8769.298828125
26278.78515625,8734.3115234375
26360.96875,8749.5556640625
26438.056640625,8796.6142578125
26515,8841.630859375
26593.54296875,8885.05859375
26680.138671875,8899.099609375
26769.537109375,8910.169921875
26854.794921875,8937.9736328125
26942.365234375,8960.2568359375
27029.486328125,8984.19921875
27111.640625,9016.17578125
27200.3125,9031.3095703125
27273.431640625,9071.505859375
27363.671875,9071.953125
27432.12109375,9077.3115234375
27518.36328125,9102.38671875
27602.607421875,9115.947265625
27689.580078125,9136.626953125
27779.541015625,9133.1630859375
27809.310546875,9054.615234375
27838.171875,9037.556640625
27925.126953125,9061.890625
28013.537109375,9080.5703125
28101.494140625,9100.6494140625
28184.037109375,9133.986328125
28260.216796875,9174.3232421875
28307.9765625,9212.2978515625
28367.853515625,9227.1884765625
28352.0390625,9294.5517578125
28263.169921875,9298.6806640625
28184.28515625,9297.673828125
28097.890625,9276.9091796875
28008.75,9262.791015625
27921.810546875,9241.63671875
27831.810546875,9234.107421875
27743.259765625,9218.4404296875
27652.9453125,9215.8603515625
27562.705078125,9211.599609375
27477.396484375,9185.279296875
27388.037109375,9179.0693359375
27303.697265625,9151.759765625
27215.138671875,9133.7841796875
27126.5390625,9116.01953125
27040.388671875,9091.2802734375
26959.50390625,9092.02734375
27042.119140625,9128.6357421875
27124.873046875,9164.943359375
27210.66796875,9193.146484375
27297.87109375,9216.833984375
27385.671875,9238.197265625
27472.9296875,9258.650390625
27557.22265625,9283.634765625
27641.470703125,9309.4345703125
27731.3984375,9301.5615234375
27817.98828125,9312.884765625
27898.880859375,9323.6396484375
27839.7890625,9387.671875
27750.427734375,9379.8583984375
27660.142578125,9382.0869140625
21858,9357
21797.794921875,9292.84765625
21754.314453125,9222.1044921875
21715.599609375,9149.5224609375
21643.876953125,9187.7421875
21562.8359375,9175.919921875
21511.90234375,9121.416015625
21479.935546875,9038.060546875
21465.0546875,8948.6220703125
21410.296875,8898.7353515625
21334.666015625,8885.0009765625
21308.328125,8799.8134765625
21297.162109375,8709.86328125
21281.033203125,8625.8466796875
21274.115234375,8549.09765625
21305.986328125,8477.2626953125
21360.45703125,8419.1220703125
21422.833984375,8448.72265625
21408.8671875,8528.5361328125
21404.845703125,8613.23828125
21438.451171875,8670.419921875
21519.875,8658.0595703125
21562.83203125,8720.9111328125
21560.166015625,8808.5947265625
21579.533203125,8889.8955078125
21582.904296875,8967.322265625
21641.41796875,9025.9990234375
21725.61328125,8995.96484375
21799.056640625,9041.693359375
21841.537109375,9121.806640625
21881.671875,9203.1142578125
21911.3671875,9288.3974609375
21928.978515625,9334.060546875
12549,9002
12550.462890625,8937.08203125
12617.4912109375,8889.41015625
12689.435546875,8842.154296875
12770.205078125,8813.9697265625
12824.3857421875,8851.1103515625
12765.2109375,8913.36328125
12698.7607421875,8957.7431640625
12631.603515625,9010.380859375
34502,8980
34435.65234375,8932.419921875
34363.76953125,8889.9658203125
34299.26953125,8833.20703125
34233.06640625,8772.11328125
34170.140625,8710.0029296875
34122.25,8641.7626953125
34045.0859375,8602.623046875
33971.49609375,8555.7392578125
33907.40625,8492.734375
33834.9609375,8443.3955078125
33759.6640625,8393.4140625
33698.90234375,8326.78515625
33738.6015625,8262.0224609375
33822.01953125,8293.060546875
33878.1875,8346.0478515625
33962,8363.5029296875
34035.50390625,8387.0732421875
34094.90234375,8453.994140625
34155.11328125,8521.4697265625
34221.05859375,8583.548828125
34286.890625,8645.7265625
34342.12890625,8705.34765625
34418.05078125,8752.0625
34483.44140625,8814.6982421875
34542.0859375,8883.5849609375
34606.53515625,8938.3271484375
34582.07421875,8976.853515625
32217,8904
32143.22265625,8879.9736328125
32075.072265625,8839.29296875
31996.001953125,8797.0732421875
31920.3203125,8746.1337890625
31846.00390625,8695.248046875
31767.841796875,8650.6962890625
31689.072265625,8605.767578125
31628.0078125,8568.021484375
31554.158203125,8514.2353515625
31479.421875,8461.640625
31405.185546875,8409.837890625
31447.072265625,8345.677734375
31535.322265625,8347.875
31618.716796875,8376.0966796875
31675.4375,8437.4921875
31745.763671875,8495.7822265625
31823.02734375,8544.2470703125
31886.560546875,8608.12109375
31958.96484375,8659.2822265625
32035.216796875,8705.2138671875
32111.529296875,8748.458984375
32193.494140625,8788.04296875
32258.96484375,8849.6259765625
32217.501953125,8919.419921875
28052,8885
27966.248046875,8871.1337890625
27892.00390625,8835.806640625
27819.4296875,8817.03515625
27739.4609375,8787.24609375
27649.21484375,8777.9814453125
27572.025390625,8743.6572265625
27484.51171875,8719.7607421875
27398.45703125,8691.48046875
27313.97265625,8662.8671875
27229.57421875,8630.6337890625
27144.55859375,8600.1962890625
27078.634765625,8556.45703125
27002.630859375,8557.0322265625
26916.50390625,8534.1005859375
26830.005859375,8525.46484375
26763.51171875,8475.5830078125
26777.751953125,8397.755859375
26864.654296875,8380.125
26954.59375,8391.158203125
27034.640625,8365.3837890625
27116.99609375,8341.6728515625
27205.107421875,8362.2587890625
27282.50390625,8355.9326171875
27335.498046875,8294.458984375
27418.39453125,8308.8740234375
27497.13671875,8303.330078125
27584.505859375,8327.9287109375
27673.45703125,8345.642578125
27748.658203125,8388.1953125
27837.892578125,8404.3134765625
27924.607421875,8431.021484375
27995.880859375,8431.568359375
27912.45703125,8397.068359375
27827.298828125,8365.6806640625
27740.11328125,8340.595703125
27654.98046875,8311.580078125
27568.505859375,8283.96484375
27498.8203125,8234.8662109375
27534.478515625,8160.58984375
27615.212890625,8148.7861328125
27701.994140625,8175.3984375
27787.595703125,8205.59716796875
27871.947265625,8238.6181640625
27949.126953125,8286.3544921875
28029.208984375,8328.451171875
28114.009765625,8360.7373046875
28197.58203125,8394.580078125
28285.04296875,8418.4775390625
28359.41796875,8467.591796875
28445.560546875,8478.3544921875
28525.76171875,8520.2763671875
28571.765625,8592.720703125
28496.5703125,8631.4892578125
28416.826171875,8652.2841796875
28495.78125,8684.20703125
28553.265625,8749.74609375
28509.306640625,8819.2431640625
28424.208984375,8849.548828125
28333.587890625,8853.8603515625
28242.80859375,8854.4658203125
28152.21875,8859.2294921875
28072.328125,8894.7548828125
28286.42578125,8710.32421875
28211.099609375,8667.896484375
28123.826171875,8643.310546875
28035.318359375,8623.478515625
27949.880859375,8596.3515625
27868.267578125,8557.6669921875
27784.56640625,8522.5556640625
27697.625,8504.5302734375
27608.857421875,8486.0283203125
27524.177734375,8470.0986328125
27439.38671875,8437.9951171875
27400.31640625,8456.2314453125
27484.55078125,8489.2607421875
27565.44921875,8517.048828125
27653.21875,8537.1220703125
27731.841796875,8580.935546875
27817.5390625,8609.2939453125
27898.482421875,8639.1669921875
27983.767578125,8660.2265625
28068.794921875,8691.8369140625
28149.3984375,8722.8173828125
28239.48046875,8733.482421875
28326.609375,8742.3515625
28071.19921875,8474.142578125
22954,8815
22952.849609375,8746.5048828125
22895.115234375,8677.33984375
22904.78125,8593.51953125
22900.126953125,8503.451171875
22896.791015625,8413.3212890625
22894.041015625,8323.1708984375
22888.275390625,8233.171875
22873.392578125,8144.4267578125
22884.111328125,8055.26220703125
22889.82421875,7965.2705078125
22903.142578125,7893.6240234375
22910.431640625,7808.47998046875
22930.46875,7723.30908203125
22962.595703125,7645.87060546875
22973.859375,7569.00732421875
22991.41796875,7484.724609375
23024.76953125,7410.6923828125
23059.384765625,7327.59765625
23101.189453125,7249.3193359375
23174.85546875,7272.65673828125
23150.046875,7351.4609375
23106.701171875,7416.5224609375
23076.91796875,7497.197265625
23057.2265625,7554.94384765625
23051.322265625,7643.61962890625
23033.927734375,7731.26513671875
23020.037109375,7819.69921875
23007.08203125,7908.1201171875
23001.1171875,7998.06982421875
23001.99609375,8085.8251953125
23000.90625,8175.97998046875
22997.765625,8266.1181640625
22993.583984375,8356.2119140625
22983.501953125,8445.66015625
23010.01171875,8520.5263671875
23008.126953125,8610.16015625
23008.353515625,8695.4013671875
23003.392578125,8784.48828125
26872,8764
26789.2890625,8742.9189453125
26710.146484375,8706.505859375
26630.04296875,8678.83203125
26552.884765625,8638.263671875
26520.94921875,8569.2158203125
26606.666015625,8561.1328125
26688.533203125,8569.7802734375
26771.052734375,8596.4111328125
26848.306640625,8636.8388671875
26926.37890625,8675.66796875
26996.71484375,8726.7685546875
26955.859375,8775.3134765625
19461,8627
19454.47265625,8537.4345703125
19460.861328125,8447.4873046875
19466.884765625,8357.513671875
19473.228515625,8267.5625
19480.607421875,8177.69287109375
19490.861328125,8088.1279296875
19536.830078125,8020.0830078125
19544.365234375,7940.56103515625
19569.2265625,7859.52197265625
19601.40625,7778.5048828125
19635.3203125,7711.91943359375
19705.427734375,7738.26806640625
19684.4296875,7812.13330078125
19671.537109375,7900.3447265625
19628.046875,7975.82421875
19630.703125,8065.30859375
19585.546875,8139.15380859375
19593.896484375,8204.9619140625
19585.70703125,8294.71484375
19577.26171875,8384.482421875
19567.998046875,8474.109375
19551.1015625,8562.16796875
19530.865234375,8645.09375
25905,8569
25817.291015625,8556.5263671875
25729.6484375,8544.015625
25644.525390625,8521.5595703125
25561.189453125,8493.3935546875
25472.9921875,8484.7265625
25385.888671875,8468.0146484375
25297.912109375,8456.67578125
25209.732421875,8447.1826171875
25122.990234375,8428.890625
25039.34375,8407.6474609375
25046.6328125,8360.0107421875
25131.810546875,8342.4130859375
25220.4140625,8344.6806640625
25303.98046875,8371.97265625
25389.037109375,8370.498046875
25473.837890625,8393.4267578125
25561.84375,8402.287109375
25646.0234375,8426.298828125
25731.158203125,8451.212890625
25815.23828125,8479.484375
25897.640625,8509.9326171875
25963.44921875,8546.048828125
32195,8533
32111.16015625,8504.4609375
32035.212890625,8459.4580078125
31954.611328125,8422.869140625
31874.84375,8385.470703125
31797.298828125,8342.7412109375
31720.962890625,8302.3984375
31640.900390625,8264.583984375
31566.041015625,8219.2138671875
31510.341796875,8154.57568359375
31566.55078125,8100.05859375
31645.6328125,8064.2998046875
31721.861328125,8099.15478515625
31785.44921875,8155.857421875
31861.064453125,8200.86181640625
31912.630859375,8272.1240234375
31981.158203125,8322.63671875
32059.1875,8356.474609375
32137.16796875,8396.8525390625
32205.560546875,8443.3974609375
32275.93359375,8496.0048828125
32281.79296875,8549.3828125
12920,8471
12855.2880859375,8419.46875
12863.8271484375,8332.2529296875
12869.521484375,8261.1572265625
12936.763671875,8270.498046875
12972.3369140625,8351.1630859375
12980.927734375,8437.5185546875
33449,8442
33383.4375,8382.8095703125
33334.98828125,8377.56640625
33263.00390625,8326.4404296875
33196.70703125,8285.314453125
33128.40625,8226.77734375
33057.95703125,8171.23974609375
33023.66796875,8185.1103515625
33029.5546875,8251.716796875
32945.859375,8228.2158203125
32868.015625,8183.09619140625
32800.578125,8129.244140625
32721.998046875,8091.2587890625
32662.94140625,8039.91357421875
32597.9921875,7978.81494140625
32604.29296875,7908.2607421875
32687.2109375,7912.57958984375
32763.75390625,7959.60888671875
32819.3359375,8019.8056640625
32892.8515625,8069.2900390625
32930.54296875,8037.9873046875
33002.2890625,8006.85693359375
33084.3515625,8035.673828125
33154.234375,8090.09326171875
33188.1796875,8156.4765625
33248.18359375,8204.0478515625
33322.0390625,8244.2314453125
33388.828125,8302.9853515625
33447.9453125,8357.9833984375
33516.9375,8404.32421875
33471.03515625,8451.3330078125
33343.1953125,8289.998046875
32999.0078125,8122.07470703125
21248,8392
21193.1953125,8323.5859375
21192.927734375,8234.080078125
21196.9375,8144.00146484375
21204.94140625,8054.21240234375
21224.39453125,7967.9482421875
21254.0703125,7892.06884765625
21274.65234375,7810.716796875
21292.236328125,7725.57177734375
21324.611328125,7672.81396484375
21358.865234375,7590.00146484375
21397.724609375,7511.31396484375
21442.015625,7440.1435546875
21490.61328125,7364.2333984375
21544.01953125,7328.11767578125
21585.8359375,7402.76171875
21536.302734375,7477.62353515625
21491.607421875,7545.365234375
21450.947265625,7616.31201171875
21426.24609375,7702.49365234375
21404.45703125,7788.26025390625
21379.287109375,7862.07666015625
21369.328125,7944.982421875
21338.52734375,8022.697265625
21326.765625,8112.00634765625
21316.34375,8200.66552734375
21308.033203125,8290.0654296875
21307.5625,8378.431640625
28532,8382
28462.119140625,8338.45703125
28371.91015625,8330.25390625
28287.056640625,8300.9892578125
28206.732421875,8266.5244140625
28121.568359375,8236.86328125
28041.828125,8193.408203125
27964.234375,8146.43603515625
27892.763671875,8091.2685546875
27819.412109375,8045.32958984375
27757.96484375,7978.8349609375
27804.52734375,7927.6220703125
27883.30859375,7908.73046875
27967.232421875,7943.4580078125
28007.65234375,8004.51513671875
28070.46875,8062.1025390625
28147.904296875,8109.53759765625
28227.697265625,8152.98828125
28308.41796875,8193.66943359375
28394.44140625,8222.45703125
28476.736328125,8257.5146484375
28543.009765625,8284.912109375
28619.96875,8311.060546875
28610.5234375,8378.1875
32246,8338
32176.36328125,8281.806640625
32105.95703125,8226.560546875
32037.283203125,8169.15869140625
31963.453125,8119.04833984375
31899.93359375,8060.80419921875
31822.654296875,8018.44921875
31748.212890625,7971.61767578125
31674.599609375,7920.82958984375
31603.5390625,7870.88720703125
31531.07421875,7820.63037109375
31452.55078125,7787.978515625
31391.73046875,7726.96533203125
31459.779296875,7679.93505859375
31536.93359375,7675.97021484375
31620.03515625,7671.05224609375
31699.37109375,7711.84716796875
31769.54296875,7760.11572265625
31821.88671875,7787.783203125
31899.22265625,7828.228515625
31970.478515625,7874.4873046875
32039.6640625,7922.37451171875
32111.4921875,7971.91162109375
32155.02734375,8019.91357421875
32236.5078125,8048.09326171875
32191.376953125,8110.41943359375
32110.177734375,8100.77099609375
32173.4453125,8153.85107421875
32237.333984375,8199.841796875
32313.056640625,8245.732421875
32316.39453125,8330.365234375
32567,8303
32500.0234375,8255.30859375
32426.87109375,8209.552734375
32359.0703125,8150.35302734375
32302.388671875,8083.10693359375
32234.474609375,8024.9345703125
32200.1015625,7960.31689453125
32127.244140625,7912.076171875
32052.9765625,7861.34423828125
31982.4140625,7805.4072265625
31909.279296875,7758.95263671875
31852.546875,7691.3037109375
31867.177734375,7631.203125
31952.17578125,7653.20361328125
32028.03125,7692.39501953125
32083.802734375,7759.1015625
32154.68359375,7812.408203125
32218.599609375,7873.650390625
32281.677734375,7937.93798828125
32340.01953125,8006.02490234375
32403.333984375,8070.060546875
32460.322265625,8139.6103515625
32521.90234375,8198.70263671875
32588.072265625,8256.40234375
25383,8249
25315.310546875,8193.7490234375
25247.587890625,8132.0634765625
25177.373046875,8074.03955078125
25115.822265625,8006.01806640625
25041.880859375,7958.21142578125
24985.935546875,7887.87109375
24939.482421875,7810.38916015625
24879.55078125,7742.50732421875
24826.35546875,7679.646484375
24772.748046875,7609.71142578125
24746.41796875,7522.46923828125
24690.61328125,7450.75634765625
24764.419921875,7427.1396484375
24809.548828125,7505.2734375
24862.947265625,7570.9296875
24925.580078125,7636.6064453125
24984.849609375,7706.61083984375
25026.2265625,7787.04248046875
25084.6796875,7852.076171875
25158.0625,7906.1103515625
25231.6796875,7960.0849609375
25290.94921875,8023.28466796875
25353.2265625,8090.171875
25418.20703125,8147.60986328125
25500.90234375,8182.060546875
25473.35546875,8253.5673828125
12742,8213
12763.8408203125,8128.8017578125
12851.6611328125,8101.7138671875
12944.373046875,8114.21484375
12917.953125,8198.76611328125
12829.912109375,8225.421875
13150,8221
13085.921875,8159.81591796875
13045.263671875,8079.46826171875
13012.787109375,7995.3603515625
12967.013671875,7918.0859375
12924.4912109375,7839.140625
12921.447265625,7758.57421875
13005.9990234375,7752.478515625
13056.2919921875,7820.49755859375
13087.5771484375,7902.41845703125
13139.3095703125,7963.3779296875
13184.5078125,7896.02197265625
13193.4208984375,7811.19091796875
13208.4541015625,7723.9052734375
13182.1201171875,7650.71142578125
13158.990234375,7612.60546875
13134.224609375,7534.0419921875
13095.8515625,7456.28173828125
13139.5078125,7398.49267578125
13206.0556640625,7415.94091796875
13214.666015625,7491.3740234375
13266.46484375,7562.92578125
13305.998046875,7594.013671875
13349.3291015625,7516.2080078125
13374.947265625,7432.1474609375
13432.798828125,7366.21484375
13401.310546875,7298.4404296875
13454.228515625,7228.60400390625
13539.361328125,7249.78173828125
13614.8525390625,7298.62255859375
13600.89453125,7363.0625
13537.140625,7381.48388671875
13533.2734375,7471.34033203125
13606.822265625,7454.44140625
13671.40625,7391.4990234375
13750.3896484375,7362.00732421875
13818.73828125,7419.72705078125
13887.0927734375,7440.7099609375
13972.4326171875,7413.53076171875
14044.142578125,7442.630859375
14097.205078125,7506.55517578125
14110.4208984375,7586.716796875
14158.4296875,7636.36279296875
14221.8359375,7586.171875
14275.3388671875,7517.0771484375
14342.8896484375,7459.4794921875
14409.265625,7398.517578125
14494.0234375,7371.59033203125
14499.1806640625,7440.00341796875
14472.90234375,7495.7529296875
14412.80078125,7559.708984375
14354.0947265625,7627.216796875
14316.5703125,7704.890625
14264.5341796875,7776.025390625
14181.1455078125,7772.67138671875
14108.396484375,7719.70849609375
14050.9873046875,7650.5908203125
13998.806640625,7585.021484375
13949.8564453125,7606.36474609375
13892.4013671875,7670.83642578125
13819.064453125,7700.7958984375
13757.4921875,7639.14453125
13725.478515625,7554.8642578125
13665.951171875,7587.7744140625
13620.0390625,7663.33837890625
13560.517578125,7728.1591796875
13471.53515625,7728.54248046875
13402.3046875,7706.08056640625
13356.849609375,7783.470703125
13366.9638671875,7867.0849609375
13336.1826171875,7938.87451171875
13279.1796875,7945.55908203125
13226.181640625,8012.61376953125
13178.4326171875,8086.82958984375
13194.51171875,8174.4873046875
30456,8175
30394.720703125,8113.2607421875
30321.974609375,8059.97509765625
30248.095703125,8009.1318359375
30193.50390625,7937.93798828125
30131.365234375,7870.9052734375
30076.263671875,7800.2177734375
30011.25390625,7740.93994140625
29958.01953125,7675.728515625
29902.20703125,7609.10791015625
29842.748046875,7539.6611328125
29796.546875,7469.58203125
29726.9296875,7412.1572265625
29660.783203125,7349.2373046875
29676.58984375,7269.99072265625
29757.25390625,7266.8115234375
29815.478515625,7330.15380859375
29881.1953125,7392.470703125
29929.83203125,7469.572265625
29979.369140625,7540.146484375
30032.318359375,7612.99072265625
30088.9375,7676.8212890625
30155.34375,7734.06298828125
30213.025390625,7804.986328125
30268.029296875,7875.33642578125
30321.146484375,7948.01953125
30379.958984375,8015.3232421875
30442.732421875,8080.74560546875
30507.416015625,8139.62939453125
30558.388671875,8195.91455078125
30479.529296875,8200.10791015625
24231,8160
24211.75,8070.55078125
24232.681640625,7984.36376953125
24292.806640625,7914.41455078125
24368.10546875,7863.40380859375
24440.09765625,7916.61279296875
24370.533203125,7969.3115234375
24323.474609375,8039.453125
24307.5,8131.0029296875
12373,8145
12358.234375,8071.83935546875
12435.3408203125,8039.0751953125
12504.24609375,8026.97412109375
12571.0302734375,8053.009765625
12532.716796875,8126.97216796875
12452.7998046875,8147.47705078125
28520,8153
28436.580078125,8115.95654296875
28353.734375,8077.595703125
28276.345703125,8036.81005859375
28192.556640625,8000.78759765625
28111.80859375,7958.1982421875
28031.572265625,7914.6787109375
27962.12890625,7865.7001953125
27900.763671875,7817.5908203125
27835.49609375,7759.4677734375
27756.265625,7715.1201171875
27692.357421875,7653.76806640625
27629.42578125,7591.0654296875
27585.37109375,7523.10400390625
27584.458984375,7434.466796875
27658.0546875,7386.8447265625
27749.310546875,7388.27099609375
27833.275390625,7416.76416015625
27911.6953125,7458.29248046875
27969.068359375,7517.9013671875
27953.376953125,7551.68701171875
27869.392578125,7527.404296875
27785.92578125,7497.3154296875
27698.259765625,7489.71484375
27748.5390625,7541.10498046875
27805.8828125,7603.72412109375
27883.49609375,7649.2958984375
27942.5,7715.6220703125
28016.37890625,7766.990234375
28099.345703125,7802.34716796875
28175.595703125,7852.5576171875
28252.1015625,7902.37841796875
28327.916015625,7953.23828125
28401.275390625,8006.96337890625
28489.345703125,8029.9013671875
28569.1328125,8073.86669921875
28607.57421875,8141.583984375
11841,8111
11857.3203125,8040.17626953125
11932.474609375,7987.95263671875
12013.15625,7946.83056640625
12094.3681640625,7922.72509765625
12133.3935546875,7951.83837890625
12082.958984375,8026.3349609375
12008.9345703125,8080.076171875
11927.740234375,8122.029296875
20513,8098
20494.41015625,8008.48876953125
20513.49609375,7924.45361328125
20585.740234375,7863.2529296875
20646.404296875,7916.96728515625
20606.845703125,7997.6650390625
20585.671875,8083.74755859375
20100,8085
20021.328125,8045.13720703125
20012.4453125,7979.9326171875
20094.189453125,7968.83056640625
20175.640625,7993.90673828125
20240.05078125,8041.169921875
20185.26953125,8094.47021484375
24682,8068
24657.1484375,7986.77978515625
24717.740234375,7929.06787109375
24800.703125,7910.71044921875
24858.916015625,7975.26025390625
24831.599609375,8019.880859375
24763.966796875,8066.96044921875
23768,8043
23700.666015625,7987.15869140625
23653.0703125,7914.041015625
23606.916015625,7846.6953125
23557.33203125,7774.51123046875
23526.01953125,7694.31103515625
23495.3828125,7616.6259765625
23473.265625,7541.4482421875
23529.677734375,7481.8330078125
23602.337890625,7509.189453125
23609.814453125,7575.732421875
23635.826171875,7659.93212890625
23680.916015625,7735.88330078125
23729.7421875,7809.63427734375
23772.849609375,7881.8955078125
23808.5625,7960.87841796875
23844.298828125,8041.3017578125
20883,8023
20893.1015625,7942.10595703125
20893.65234375,7849.3330078125
20926.4609375,7789.9970703125
21010.775390625,7776.986328125
21042.015625,7858.12060546875
21009.064453125,7943.638671875
20972.9453125,8020.9638671875
20969.955078125,8003.8955078125
23324,7993
23297.3515625,7905.3359375
23292.298828125,7812.73486328125
23306.353515625,7722.6591796875
23301.20703125,7630.5849609375
23311.841796875,7538.41064453125
23332.849609375,7447.96728515625
23358.927734375,7360.29736328125
23406.265625,7288.23876953125
23464.64453125,7287.29248046875
23452.17578125,7379.24072265625
23431.466796875,7468.60107421875
23421.83984375,7560.72900390625
23415.560546875,7653.3642578125
23405.064453125,7745.61279296875
23394.8125,7837.8115234375
23404.6796875,7923.09521484375
23401.279296875,8010.61767578125
31345,7959
31255.2265625,7934.82763671875
31167.505859375,7904.32568359375
31089.41796875,7862.24267578125
30998.66015625,7842.7734375
30918.9921875,7823.96728515625
30828.826171875,7809.98291015625
30749.47265625,7769.0849609375
30811.328125,7714.64892578125
30900.615234375,7729.046875
30992.83203125,7740.20947265625
31079.306640625,7765.568359375
31158.603515625,7794.2255859375
31230.5390625,7825.32763671875
31316.203125,7860.55908203125
31396.583984375,7906.958984375
31435.9140625,7960.708984375
28583,7866
28514.123046875,7806.86376953125
28435.23046875,7761.42626953125
28364.23828125,7708.54150390625
28292.47265625,7653.04296875
28209.91015625,7615.15478515625
28131.9296875,7569.81005859375
28058.853515625,7515.5625
27984.458984375,7467.7373046875
27911.150390625,7415.482421875
27842.86328125,7355.23095703125
27773.873046875,7295.787109375
27714.046875,7234.4365234375
27733.01171875,7152.654296875
27809.90234375,7105.49755859375
27898.5703125,7104.279296875
27984.099609375,7135.47412109375
28069.05859375,7167.02783203125
28125.4609375,7236.29736328125
28208.341796875,7258.8330078125
28292.154296875,7290.609375
28280.060546875,7258.35498046875
28220.33203125,7214.970703125
28146.646484375,7164.81884765625
28073.869140625,7110.92138671875
27999.21875,7060.369140625
27918.4453125,7023.34033203125
27842.609375,6973.474609375
27758.11328125,6939.59619140625
27676.37109375,6900.37841796875
27597.421875,6870.68896484375
27520.072265625,6823.26025390625
27439.79296875,6780.279296875
27365.61328125,6727.79638671875
27290.638671875,6676.30419921875
27221.3203125,6617.26318359375
27159.8671875,6550.501953125
27108.7109375,6479.22900390625
27058.443359375,6405.21533203125
27014.11328125,6335.3720703125
27071.361328125,6279.65625
27120.818359375,6323.93017578125
27184.056640625,6380.3798828125
27229.05859375,6440.13916015625
27285.603515625,6508.90283203125
27344.591796875,6577.83544921875
27415.62109375,6634.49609375
27485.068359375,6691.27001953125
27566.599609375,6728.73046875
27642.361328125,6778.77001953125
27721.869140625,6812.62548828125
27799.5703125,6859.59521484375
27885.6015625,6888.876953125
27969.36328125,6889.806640625
28039.3046875,6948.07373046875
28116.7890625,6995.76318359375
28187.609375,7049.216796875
28259.73046875,7091.02587890625
28337.9453125,7135.9189453125
28414.728515625,7184.44287109375
28488.83984375,7236.9296875
28540.98046875,7303.01513671875
28593.603515625,7348.9677734375
28607.626953125,7412.39892578125
28528.44921875,7447.68505859375
28442.22265625,7444.4970703125
28357.21875,7417.1376953125
28275.533203125,7379.3203125
28188.51953125,7357.8525390625
28105.28515625,7321.119140625
28022.607421875,7283.8046875
27947.78515625,7237.59619140625
27949.38671875,7279.12744140625
28025.20703125,7326.69970703125
28066.583984375,7401.98046875
28146.294921875,7445.4853515625
28204.70703125,7494.99853515625
28271.763671875,7540.80810546875
28348.875,7559.9248046875
28417.37890625,7619.87158203125
28495.890625,7665.2138671875
28569.54296875,7718.7265625
28635.6875,7781.01416015625
28698.58984375,7841.54248046875
28658.802734375,7892.04638671875
28584.01171875,7867.1552734375
22475,7800
22412.072265625,7739.208984375
22350.65234375,7678.23876953125
22305.244140625,7600.29052734375
22295.375,7521.98828125
22353.8203125,7488.38134765625
22419.986328125,7546.5546875
22473.611328125,7618.35595703125
22529.232421875,7689.22412109375
22578.501953125,7762.35888671875
22560.3046875,7819.86083984375
21775,7643
21732.06640625,7562.3564453125
21701.3125,7474.8486328125
21744.78125,7404.9375
21829.21484375,7443.72900390625
21867.853515625,7524.55908203125
21943.95703125,7512.8564453125
22032.791015625,7485.0654296875
22124.16796875,7466.6201171875
22214.63671875,7457.36572265625
22225.568359375,7545.4462890625
22145.423828125,7586.88671875
22054.73828125,7608.236328125
21962.19921875,7618.35693359375
21889.015625,7604.5615234375
21854.767578125,7674.82275390625
20585,7581
20502.1484375,7541.1865234375
20458.837890625,7560.62451171875
20380.005859375,7554.20703125
20346.728515625,7469.0771484375
20325.326171875,7389.7236328125
20362.17578125,7312.216796875
20448.837890625,7309.810546875
20506.310546875,7381.72021484375
20557.17578125,7383.9775390625
20594.466796875,7304.44091796875
20666.451171875,7271.60791015625
20744.275390625,7319.22119140625
20775.095703125,7299.7001953125
20773.3671875,7215.4501953125
20857.515625,7183.20654296875
20903.88671875,7250.03125
20867.498046875,7331.890625
20829.931640625,7412.59423828125
20755.638671875,7448.28759765625
20694.60546875,7485.64111328125
20675.033203125,7572.7734375
18912,7546
18867.33984375,7477.81103515625
18929.03515625,7407.91943359375
19008.62890625,7380.56640625
19033.0703125,7452.16357421875
18999.125,7538.7255859375
29695,7520
29617.9921875,7483.78955078125
29545.29296875,7433.26123046875
29471.9453125,7383.208984375
29421.751953125,7331.67724609375
29373.666015625,7256.513671875
29330,7179.02099609375
29394.326171875,7127.94677734375
29454.982421875,7190.41845703125
29519.923828125,7249.7470703125
29578.845703125,7316.76220703125
29637.80859375,7380.19140625
29673.62890625,7454.68505859375
29743.95703125,7495.3349609375
29275,7501
29203.138671875,7462.91552734375
29127.345703125,7423.736328125
29052.767578125,7382.31298828125
28979.54296875,7348.9365234375
28904.705078125,7300.1005859375
28819.76171875,7266.53955078125
28737.853515625,7225.2763671875
28658.28125,7179.7255859375
28585.724609375,7131.2734375
28508.267578125,7095.9892578125
28534.134765625,7037.13818359375
28618.58203125,7049.15380859375
28699.65234375,7089.55224609375
28773.00390625,7131.5869140625
28853.1015625,7175.76708984375
28925.568359375,7209.86474609375
28967.779296875,7234.06640625
29043.021484375,7272.3232421875
29100.9375,7327.57373046875
29186.615234375,7358.6484375
29257.833984375,7415.0283203125
29333.3515625,7460.44287109375
19715,7423
19660.82421875,7355.056640625
19572.240234375,7351.5673828125
19502.8515625,7318.6201171875
19463.4375,7239.4365234375
19436.8125,7156.40771484375
19443.123046875,7086.34326171875
19519.298828125,7077.42138671875
19571.099609375,7141.96875
19655.5078125,7120.55908203125
19711.197265625,7187.59912109375
19759.01953125,7259.0185546875
19832.64453125,7286.1337890625
19892.45703125,7344.4013671875
19876.91015625,7429.70947265625
19795.8359375,7449.9677734375
22060,7431
22015.73828125,7363.443359375
22060.021484375,7285.51220703125
22139.15234375,7246.056640625
22226.83984375,7263.29833984375
22201.00390625,7344.15478515625
22140.779296875,7409.11181640625
18774,7306
18722.59375,7240.89599609375
18758.54296875,7169.98388671875
18813.01171875,7113.3017578125
18893.126953125,7130.96337890625
18885.57421875,7201.10986328125
18849.5,7279.53076171875
22442,7295
22431.091796875,7214.3154296875
22491.486328125,7162.31787109375
22572.859375,7162.8876953125
22592.447265625,7252.66845703125
22517.94140625,7301.3271484375
21416,7270
21352.33203125,7223.60888671875
21342.2734375,7130.18408203125
21395.755859375,7058.8154296875
21488.103515625,7060.927734375
21490.14453125,7149.12060546875
21465.76171875,7234.29931640625
13894,7212
13825.35546875,7156.8388671875
13814.357421875,7063.6572265625
13801.546875,6973.1455078125
13835.2841796875,6886.90234375
13895.705078125,6895.80859375
13921.9873046875,6984.19775390625
13941.2939453125,7075.04833984375
13962.89453125,7165.48876953125
18603,7105
18589.076171875,7022.14794921875
18603.50390625,6941.99169921875
18529.939453125,6898.76220703125
18506.98046875,6811.9296875
18517.09375,6722.8583984375
18545.357421875,6641.47412109375
18596.650390625,6581.9580078125
18528.72265625,6524.51611328125
18486.51171875,6445.99609375
18524.564453125,6367.875
18602.197265625,6334.1552734375
18638.32421875,6409.09033203125
18645.375,6498.97412109375
18650.080078125,6571.234375
18664.587890625,6657.337890625
18661.048828125,6747.8251953125
18734.9765625,6777.70263671875
18743.861328125,6866.29443359375
18733.302734375,6943.10400390625
18731.40625,7027.25927734375
18692.185546875,7103.6953125
24635,7060
24596.125,6982.98291015625
24563.380859375,6897.806640625
24557.59375,6842.34375
24524.234375,6757.20166015625
24504.404296875,6669.66748046875
24519.009765625,6592.7578125
24478.990234375,6520.10595703125
24453.564453125,6433.34375
24423.7890625,6348.50830078125
24431.009765625,6257.06298828125
24486.140625,6237.4375
24531.861328125,6311.47119140625
24546.1875,6401.9794921875
24564.3125,6490.236328125
24594.5703125,6564.37841796875
24607.1796875,6655.509765625
24646.48046875,6735.76318359375
24675.189453125,6820.31591796875
24718.185546875,6901.30029296875
24725.0234375,6992.48095703125
24716.43359375,7083.67236328125
21178,7042
21135.56640625,6971.2314453125
21137.076171875,6885.69384765625
21165.888671875,6806.775390625
21228.419921875,6763.18505859375
21307.1484375,6785.5107421875
21295.234375,6869.31103515625
21276.224609375,6952.60986328125
21248.685546875,7029.73193359375
27143,6923
27074.67578125,6863.20068359375
26999.69921875,6819.75244140625
26928.814453125,6762.7666015625
26861.962890625,6699.796875
26783.84765625,6652.35888671875
26729.771484375,6582.81591796875
26662.05078125,6522.568359375
26606.4609375,6450.2646484375
26541.705078125,6389.41748046875
26491.2734375,6316.34619140625
26447.009765625,6241.5380859375
26451.384765625,6163.83447265625
26525.248046875,6167.4580078125
26579.1171875,6241.81640625
26630.0546875,6317.20556640625
26690.904296875,6378.09912109375
26745.7421875,6443.67822265625
26798.482421875,6516.31396484375
26869.66796875,6573.60693359375
26932.259765625,6639.60400390625
27000.916015625,6689.26953125
27056.537109375,6758.00390625
27114.37109375,6823.5576171875
27152.013671875,6883.08349609375
20223,6887
20177.375,6826.42138671875
20245.810546875,6795.67236328125
20333.3125,6781.962890625
20404.830078125,6730.00927734375
20466.572265625,6750.66796875
20463.060546875,6830.58935546875
20386.80078125,6875.98388671875
20303.115234375,6906.62841796875
19064,6821
18986.15625,6776.685546875
18919.63671875,6716.55712890625
18897.4921875,6634.76123046875
18971.92578125,6598.63232421875
19040.5703125,6654.92431640625
19098.80859375,6710.65283203125
19184.49609375,6719.26611328125
19273.94140625,6717.376953125
19299.166015625,6774.49658203125
19239.654296875,6823.0009765625
19153.51171875,6825.54248046875
14231,6735
14200.1083984375,6641.8701171875
14257.921875,6603.29052734375
14303.66796875,6676.142578125
14297.46484375,6773.56005859375
16919,6719
16894.712890625,6631.66552734375
16893.54296875,6539.64697265625
16900.9296875,6451.06103515625
16887.966796875,6371.14892578125
16893.193359375,6281.92529296875
16882.939453125,6198.49169921875
16884.80859375,6113.150390625
16875.513671875,6030.19287109375
16940.783203125,6010.18408203125
16963.375,6099.2255859375
16977.8203125,6190.16015625
16984.59765625,6281.95263671875
17004.205078125,6371.3564453125
17013.1640625,6462.9482421875
17015.12109375,6554.98876953125
17009.123046875,6646.82177734375
16995.951171875,6731.1513671875
14976,6714
14937.228515625,6657.27099609375
14936.291015625,6565.5048828125
14953.435546875,6482.42041015625
14944.7080078125,6390.64404296875
14938.96484375,6298.58984375
14931.1201171875,6206.6962890625
14917.8486328125,6115.6591796875
14899.994140625,6025.43408203125
14887.3916015625,5934.0791015625
14912.9384765625,5853.9580078125
14979.0380859375,5860.6181640625
15011.3408203125,5941.185546875
15025.0703125,6031.97705078125
15041.0751953125,6111.89697265625
15058.5712890625,6201.70361328125
15062.498046875,6288.78515625
15076.5849609375,6378.23486328125
15094.32421875,6463.123046875
15101.4736328125,6550.6162109375
15101.541015625,6620.8955078125
15057.0146484375,6695.388671875
14455,6640
14368.1005859375,6625.81640625
14314.650390625,6572.17919921875
14382.0546875,6516.55029296875
14468.669921875,6537.8994140625
14517.349609375,6612.06298828125
17371,6608
17368.84375,6518.20068359375
17365.26953125,6426.1455078125
17363.8359375,6334.021484375
17358.787109375,6242.04248046875
17304.01171875,6187.80859375
17234.201171875,6130.24072265625
17160.916015625,6076.048828125
17116.392578125,6009.357421875
17200.474609375,5977.97900390625
17280.76171875,6014.0146484375
17319.70703125,5989.83447265625
17316.5546875,5897.88671875
17311.716796875,5809.99755859375
17396.076171875,5817.6279296875
17442.39453125,5864.94677734375
17451.408203125,5954.818359375
17430.529296875,6038.31689453125
17461.400390625,6116.81494140625
17480.59375,6205.08740234375
17505.166015625,6293.40283203125
17494.21484375,6379.98486328125
17511.685546875,6468.58544921875
17507.203125,6560.4970703125
17453.3203125,6624.97265625
20945,6604
20882.9296875,6551.39404296875
20900.423828125,6459.9853515625
20916.017578125,6366.91455078125
20924.306640625,6274.08447265625
20963.318359375,6207.46240234375
21054.41796875,6223.8828125
21082.568359375,6309.80419921875
21061.802734375,6372.69482421875
21041.638671875,6462.51513671875
21009.80078125,6550.5302734375
19753,6473
19699.611328125,6414.12939453125
19675.38671875,6342.80078125
19762.330078125,6345.40380859375
19843.79296875,6379.99560546875
19897.791015625,6445.15576171875
19843.517578125,6484.17529296875
26480,6473
26406.958984375,6419.26171875
26338.27734375,6379.671875
26270.0390625,6322.8935546875
26199.83203125,6268.62255859375
26145.669921875,6209.86865234375
26086.943359375,6145.89990234375
26024.52734375,6084.42431640625
25971.166015625,6019.08154296875
25925.44140625,5946.49560546875
25871.3828125,5875.47900390625
25841.013671875,5799.974609375
25792.685546875,5742.595703125
25754.70703125,5686.328125
25695.78515625,5619.359375
25737.955078125,5553.4228515625
25815.32421875,5580.41796875
25866.482421875,5656.4755859375
25913.158203125,5733.82373046875
25965.642578125,5806.68115234375
26010.60546875,5886.59423828125
26068.794921875,5957.5302734375
26118.568359375,6032.34619140625
26175.029296875,6101.17724609375
26235.55078125,6153.47314453125
26291.6015625,6224.54736328125
26342.498046875,6294.3486328125
26414.369140625,6334.5556640625
26482.50390625,6391.0068359375
26525.921875,6452.19921875
19155,6437
19109.623046875,6364.08056640625
19149.111328125,6299.2021484375
19227.46484375,6294.48046875
19281.703125,6360.66552734375
19309.8359375,6430.49755859375
19234.7578125,6451.58447265625
20424,6420
20341.3984375,6396.03466796875
20256.78515625,6379.81396484375
20245.486328125,6322.69091796875
20321.087890625,6286.33056640625
20407.564453125,6288.12744140625
20488.205078125,6315.7607421875
20490.431640625,6394.31201171875
14690,6351
14651.9169921875,6278.42041015625
14637.259765625,6206.837890625
14644.3916015625,6154.06884765625
14716.1474609375,6124.19775390625
14784.826171875,6177.908203125
14794.62109375,6264.44775390625
14771.72265625,6342.82666015625
15625,6312
15564.130859375,6258.359375
15491.5244140625,6218.09912109375
15425.484375,6169.89111328125
15368.2978515625,6110.0576171875
15304.22265625,6051.40380859375
15295.912109375,5976.8486328125
15380.3740234375,5978.77783203125
15460.8193359375,6013.03173828125
15521.2255859375,6072.2890625
15577.4921875,6139.08447265625
15649.6513671875,6184.47705078125
15670.798828125,6260.75439453125
17998,6294
17911.951171875,6274.60498046875
17846.021484375,6250.26513671875
17830.97265625,6189.1767578125
17837.56640625,6128.42041015625
17922.98046875,6113.1435546875
17996.5078125,6160.37158203125
18055.41015625,6209.82080078125
18116.75390625,6231.96240234375
18075.013671875,6291.02001953125
18429,6284
18464.220703125,6215.39990234375
18553.642578125,6202.166015625
18599.056640625,6125.85400390625
18659.12890625,6061.48828125
18746.650390625,6073.49609375
18737.58203125,6160.0810546875
18669.419921875,6212.146484375
18600.900390625,6271.1455078125
18516,6299.49609375
21368,6268
21332.3046875,6191.8603515625
21319.302734375,6126.5576171875
21241.796875,6080.0498046875
21167.60546875,6031.19091796875
21183.125,5973.77880859375
21272.083984375,5990.20263671875
21354.482421875,6019.33740234375
21433.521484375,6004.9912109375
21515.953125,5978.869140625
21568.986328125,5907.931640625
21637.830078125,5849.6591796875
21700.390625,5784.18115234375
21759.6484375,5715.9384765625
21834.06640625,5670.0517578125
21904.353515625,5613.11376953125
21977.015625,5559.10107421875
22056.14453125,5516.3935546875
22050.982421875,5440.4736328125
22081.857421875,5385.88623046875
22154.7734375,5344.06591796875
22235.83984375,5306.94580078125
22306.85546875,5250.77587890625
22379.34375,5196.5537109375
22453.298828125,5144.927734375
22528.349609375,5094.53955078125
22606.068359375,5048.64599609375
22677.31640625,4994.560546875
22748.470703125,4938.74365234375
22822.44140625,4886.49951171875
22896.099609375,4833.83935546875
22970.98828125,4782.94873046875
23051.068359375,4746.068359375
23109.451171875,4683.4677734375
23186.83984375,4643.16943359375
23250.29296875,4581.1640625
23325,4529.98291015625
23398.3984375,4476.9384765625
23470.595703125,4422.2724609375
23540.3515625,4364.5537109375
23613.806640625,4312.189453125
23686.158203125,4258.1533203125
23734.87109375,4216.90234375
23803.384765625,4157.83203125
23872.185546875,4099.07666015625
23933.298828125,4044.431884765625
23995.677734375,3979.53271484375
24063.669921875,3919.73828125
24129.771484375,3857.838623046875
24196.43359375,3796.54248046875
24264.76953125,3737.12744140625
24341.521484375,3690.264892578125
24405.265625,3631.113037109375
24472.236328125,3570.173583984375
24537.90625,3507.830322265625
24600.50390625,3442.394287109375
24661.126953125,3375.12255859375
24720.869140625,3307.115234375
24796.26953125,3264.1162109375
24712.544921875,3238.81640625
24622.1796875,3232.953125
24531.8125,3227.01318359375
24441.51953125,3220.136474609375
24351.0703125,3215.74658203125
24260.818359375,3208.5439453125
24171.333984375,3194.7216796875
24081.634765625,3182.301513671875
23991.94921875,3169.783935546875
23902.509765625,3155.592529296875
23813.251953125,3140.279541015625
23724.037109375,3124.726806640625
23634.669921875,3110.080322265625
23544.93359375,3097.958251953125
23455.162109375,3087.650390625
23367.015625,3068.680419921875
23276.765625,3061.30859375
23189.42578125,3038.278076171875
23101.68359375,3016.02392578125
23012.484375,3001.004150390625
22953.388671875,2989.782958984375
22866.033203125,2974.587646484375
22781.037109375,2964.447998046875
22691.083984375,2954.273193359375
22602.09765625,2937.52099609375
22514.423828125,2914.971923828125
22437.24609375,2884.44384765625
22350.421875,2885.830078125
22261.01171875,2871.520263671875
22171.94140625,2855.1591796875
22082.494140625,2841.075439453125
21993.79296875,2823.113525390625
21907.068359375,2806.309814453125
21817.763671875,2791.38720703125
21728.912109375,2773.879150390625
21640.197265625,2755.68408203125
21551.546875,2737.1796875
21462.935546875,2718.48876953125
21374.330078125,2699.775634765625
21284.75,2687.11376953125
21195.09375,2674.90966796875
21106.787109375,2655.063232421875
21016.53515625,2651.4345703125
20927.05078125,2637.644775390625
20837.29296875,2625.6640625
20747.849609375,2612.113037109375
20658.9296875,2600.375244140625
20569.5,2586.851806640625
20479.54296875,2576.656982421875
20389.240234375,2569.8359375
20298.9921875,2562.32958984375
20208.650390625,2556.181396484375
20120.205078125,2560.756103515625
20035.46875,2537.6650390625
19945.080078125,2532.17578125
19854.732421875,2525.9833984375
19764.380859375,2519.823974609375
19674.1328125,2512.332275390625
19583.994140625,2503.59228515625
19494.119140625,2492.554443359375
19403.8828125,2486.24365234375
19313.330078125,2485.190185546875
19222.771484375,2485.6708984375
19132.240234375,2487.853271484375
19042.935546875,2499.92822265625
18952.732421875,2507.751953125
18862.263671875,2511.763916015625
18771.716796875,2513.165283203125
18681.2578125,2509.796875
18592.064453125,2494.538330078125
18501.94921875,2485.619384765625
18411.591796875,2479.590087890625
18321.12109375,2475.61279296875
18230.68359375,2470.886962890625
18140.546875,2462.487060546875
18050.4375,2454.5869140625
17963.18359375,2430.61474609375
17874.88671875,2410.954345703125
17788.66015625,2389.599609375
17700.521484375,2369.267578125
17615.087890625,2375.455322265625
17548.595703125,2432.548828125
17509.958984375,2511.424072265625
17469.65625,2592.373291015625
17427.375,2668.22607421875
17373.697265625,2738.6298828125
17326.48828125,2815.488525390625
17266.634765625,2883.31689453125
17197.986328125,2941.936767578125
17176.224609375,3027.76806640625
17126.619140625,3102.822509765625
17087.9765625,3181.019775390625
17048.232421875,3261.193359375
17024.267578125,3339.756591796875
16964.701171875,3407.947021484375
16924.2890625,3484.933349609375
16875.001953125,3559.35009765625
16811.416015625,3617.639404296875
16762.884765625,3692.90234375
16712.14453125,3767.871826171875
16729.4453125,3805.50048828125
16804.6640625,3765.3447265625
16889.470703125,3737.978271484375
16955.302734375,3690.872802734375
17014.52734375,3622.4267578125
17077.080078125,3557.107421875
17131.28125,3491.280517578125
17168.056640625,3428.025634765625
17189.599609375,3343.61865234375
17273.9609375,3320.93017578125
17274.498046875,3399.317626953125
17250.19140625,3486.479736328125
17202.859375,3562.9462890625
17163.287109375,3644.271484375
17137.982421875,3731.07958984375
17154.130859375,3816.916259765625
17175.138671875,3904.977294921875
17198.859375,3991.309326171875
17242.556640625,4069.64794921875
17306.87109375,4132.98388671875
17381.869140625,4103.377685546875
17407.546875,4028.582763671875
17378.099609375,3945.431640625
17291.849609375,3926.687255859375
17222.18359375,3873.06005859375
17303.802734375,3858.026611328125
17392.953125,3849.78662109375
17481.546875,3866.79931640625
17531.59375,3935.8505859375
17543.69140625,4025.556640625
17523.2734375,4112.5537109375
17481.958984375,4189.49755859375
17410.328125,4242.484375
17321.30859375,4246.88818359375
17237.9453125,4212.66064453125
17171.15625,4152.39111328125
17137.736328125,4069.1064453125
17113.044921875,4000.56640625
17067.8046875,3924.135986328125
17072.400390625,3843.279052734375
17055.08203125,3786.7216796875
16969.6875,3788.94775390625
16886.69921875,3816.20068359375
16813.9765625,3862.50634765625
16737.484375,3889.14697265625
16658.298828125,3928.591552734375
16580.80859375,3957.373779296875
16548.017578125,4031.64501953125
16508.0390625,4110.3779296875
16472.4921875,4188.52783203125
16415.296875,4257.97802734375
16369.8212890625,4336.10107421875
16311.96484375,4399.771484375
16255.3125,4467.51171875
16224.8251953125,4545.17822265625
16193.2236328125,4628.0498046875
16187.49609375,4714.62548828125
16167.21875,4801.77880859375
16113.486328125,4873.02001953125
16029.7978515625,4868.451171875
15994.7314453125,4806.5966796875
16029.3447265625,4722.93798828125
16057.94140625,4637.5009765625
16094.4541015625,4560.306640625
16126.3779296875,4475.59375
16156.3935546875,4392.79150390625
16207.8759765625,4332.630859375
16261.3935546875,4263.68212890625
16308.7275390625,4193.1494140625
16365.4453125,4126.52685546875
16404.029296875,4045.401611328125
16446.865234375,3965.630615234375
16483.873046875,3885.338623046875
16538.763671875,3813.865966796875
16582.744140625,3736.650146484375
16630.533203125,3663.741943359375
16688.84375,3594.62841796875
16730.982421875,3529.470947265625
16787.95703125,3459.38525390625
16833.955078125,3393.349365234375
16898.50390625,3334.821533203125
16913.08203125,3255.829345703125
16956.685546875,3182.666015625
16982.767578125,3096.430419921875
17023.626953125,3017.041015625
17065.28515625,2944.455078125
17098.921875,2862.000244140625
17159.951171875,2803.57666015625
17215.482421875,2732.650390625
17265.7890625,2657.49462890625
17321.03515625,2594.279052734375
17357.552734375,2512.674560546875
17409.44140625,2439.631103515625
17437.9921875,2358.328125
17487.34765625,2282.69970703125
17566.0078125,2239.792724609375
17648.025390625,2216.602294921875
17728.705078125,2226.988525390625
17808.90234375,2260.894287109375
17894.525390625,2283.7529296875
17983.330078125,2301.2978515625
18066.939453125,2334.7861328125
18156.974609375,2343.80322265625
18246.40625,2336.449951171875
18331.375,2350.67626953125
18420.587890625,2364.605224609375
18511.001953125,2369.7734375
18601.310546875,2376.468017578125
18689.958984375,2391.486083984375
18777.97265625,2389.988525390625
18868.103515625,2383.7685546875
18956.91015625,2367.810546875
19047.361328125,2363.463623046875
19137.89453125,2361.20849609375
19228.392578125,2359.345703125
19315.0859375,2350.22314453125
19405.494140625,2354.906005859375
19495.958984375,2358.570556640625
19584.908203125,2373.98291015625
19675.109375,2381.801513671875
19765.595703125,2385.362060546875
19856.02734375,2390.158203125
19946.21484375,2398.178466796875
20036.322265625,2404.027099609375
20120.630859375,2408.826904296875
20210.62890625,2418.151123046875
20301.099609375,2416.39892578125
20387.875,2438.77685546875
20478.248046875,2443.546142578125
20565.662109375,2457.200927734375
20638.97265625,2480.359619140625
20728.953125,2483.19677734375
20819.26953125,2489.7705078125
20908.853515625,2502.678466796875
20992.87109375,2528.627197265625
21083.25390625,2533.138671875
21168.51953125,2536.0419921875
21251.802734375,2566.052001953125
21341.953125,2574.607177734375
21431.630859375,2587.145751953125
21519.591796875,2608.042236328125
21608.18359375,2615.962158203125
21694.263671875,2632.138671875
21782.888671875,2648.5947265625
21872.697265625,2656.94482421875
21956.703125,2683.701416015625
22045.53515625,2698.976318359375
22125.470703125,2722.28076171875
22214.720703125,2734.213134765625
22304.0078125,2749.169189453125
22393.4921875,2763.034912109375
22482.166015625,2779.96875
22566.83203125,2800.140869140625
22656.689453125,2811.147705078125
22745.9765625,2826.26220703125
22834.8828125,2843.496337890625
22923.552734375,2861.8359375
23011.185546875,2875.349609375
23101.19921875,2884.913330078125
23187.05859375,2911.69970703125
23275.990234375,2924.190185546875
23364.765625,2941.75927734375
23454.458984375,2954.018310546875
23542.919921875,2972.7275390625
23633.283203125,2978.316650390625
23722.814453125,2991.259521484375
23809.7734375,3015.638916015625
23900.11328125,3020.825927734375
23987.109375,3037.538818359375
24077.12890625,3047.200927734375
24167.451171875,3053.6298828125
24257.583984375,3062.0546875
24346.521484375,3077.988525390625
24437.02734375,3080.02734375
24525.6015625,3091.199462890625
24616.00390625,3096.51708984375
24706.45703125,3100.9658203125
24796.673828125,3108.480224609375
24884.587890625,3129.966552734375
24959.853515625,3170.0234375
24943.958984375,3234.59765625
24897.880859375,3275.50146484375
24883.3203125,3343.932861328125
24845.3125,3419.07373046875
24780.08984375,3480.439208984375
24720.6640625,3521.12158203125
24660.87109375,3589.095703125
24601.8203125,3656.341064453125
24536.52734375,3712.670166015625
24470.193359375,3773.40185546875
24401.5390625,3831.01708984375
24332.65234375,3887.8896484375
24264.306640625,3945.459228515625
24198.037109375,4007.13720703125
24134.111328125,4071.271484375
24065.7109375,4127.74462890625
23999.763671875,4186.11181640625
23925.826171875,4236.95068359375
23865.126953125,4301.33349609375
23800.142578125,4352.93701171875
23730.98828125,4410.05908203125
23660.15234375,4465.0751953125
23584.33984375,4514.255859375
23511.541015625,4566.46875
23436.443359375,4615.09814453125
23363.17578125,4668.134765625
23284.498046875,4711.7568359375
23219.83203125,4771.10107421875
23151.642578125,4826.6953125
23076.6328125,4876.8525390625
23010.615234375,4938.06396484375
22934.169921875,4976.76171875
22863.083984375,5026.97412109375
22786.701171875,5074.02001953125
22719.87890625,5134.900390625
22641.30859375,5172.06689453125
22576.427734375,5231.3662109375
22494.1875,5261.16064453125
22444.5234375,5317.02783203125
22379.3671875,5366.666015625
22310.630859375,5425.58544921875
22283.685546875,5474.9091796875
22270.80078125,5532.50146484375
22196.619140625,5578.9111328125
22114.619140625,5612.572265625
22040.9921875,5663.7060546875
21965.244140625,5711.76953125
21901.142578125,5770.9443359375
21838.212890625,5829.3525390625
21781.373046875,5899.23095703125
21721.763671875,5963.5029296875
21657.0859375,6026.8056640625
21601.46484375,6098.2373046875
21542.369140625,6166.64453125
21482.478515625,6232.6337890625
21406.66015625,6278.29638671875
22103.158203125,5509.58984375
16080,6247
16050.751953125,6167.1142578125
16031.396484375,6079.0888671875
16092.8896484375,6016.46630859375
16165.103515625,6013.3935546875
16186.87890625,6088.0625
16180.822265625,6158.63623046875
16163.8427734375,6245.2529296875
25365,6235
25296.146484375,6179.02197265625
25228.439453125,6131.30126953125
25178.966796875,6060.20654296875
25124.236328125,5999.65185546875
25091.2265625,5959.92724609375
25042.6484375,5892.41796875
24985.703125,5824.38232421875
24925.119140625,5761.98681640625
24925.939453125,5682.791015625
25004.359375,5666.44580078125
25084.921875,5703.8642578125
25134.546875,5776.74755859375
25163.2109375,5854.06298828125
25218.810546875,5920.7587890625
25251.86328125,6002.09375
25318.6328125,6060.98583984375
25372.58984375,6130.77880859375
25427.814453125,6200.10107421875
18183,6233
18199.00390625,6149.1162109375
18275.029296875,6158.69921875
18274.26171875,6206.576171875
16546,6169
16471.708984375,6136.75927734375
16525.58984375,6086.41064453125
16604.263671875,6071.79443359375
16657.546875,6105.626953125
16611.798828125,6176.00390625
20804,6165
20722.431640625,6123.49169921875
20629.53515625,6111.66943359375
20567.78125,6060.27197265625
20632.109375,6000.4560546875
20725.720703125,6004.26171875
20811.64453125,6021.18798828125
20875.98828125,5957.03515625
20966.86328125,5957.474609375
20991.39453125,6033.70361328125
20945.505859375,6099.14501953125
20879.236328125,6160.33544921875
14186,6159
14160.7138671875,6075.6884765625
14173.8701171875,6008.52978515625
14180.0029296875,5929.71337890625
14219.013671875,5852.79833984375
14302.2421875,5860.86376953125
14369.6962890625,5902.34716796875
14369.47265625,5930.65966796875
14331.3291015625,6010.11669921875
14315.974609375,6096.1201171875
14272.068359375,6159.48828125
24815,6161
24743.9375,6102.14990234375
24696.666015625,6026.72705078125
24715.267578125,5944.06494140625
24784,5919.1767578125
24865.287109375,5957.8232421875
24893.8515625,6031.62841796875
24869.64453125,6118.478515625
3688,6039
3672.201904296875,5957.6787109375
3658.835693359375,5883.36328125
3734.050048828125,5903.50927734375
3797.500732421875,5947.7880859375
3758.4794921875,6018.1572265625
14681,6043
14617.7421875,5993.865234375
14609.076171875,5916.9560546875
14675.5361328125,5862.6640625
14750.35546875,5872.361328125
14817.8427734375,5846.72802734375
14855.2333984375,5904.9775390625
14797.7099609375,5965.0615234375
14765.712890625,6043.2001953125
18671,5917
18609.34765625,5851.822265625
18609.35546875,5765.3037109375
18696.08984375,5749.26025390625
18756.833984375,5810.0498046875
18745.62890625,5899.55078125
13453,5855
13453.6298828125,5790.20068359375
13501.3798828125,5724.54931640625
13577.5615234375,5689.2890625
13662.62109375,5684.177734375
13668.9423828125,5760.556640625
13604.349609375,5813.259765625
13536.4091796875,5860.255859375
3055,5796
3060.002197265625,5714.70947265625
3092.968994140625,5631.89306640625
3120.718994140625,5546.76025390625
3162.240966796875,5482.40087890625
3211.890380859375,5410.41650390625
3275.624755859375,5347.6298828125
3356.168212890625,5335.74658203125
3417.19189453125,5401.28955078125
3460.689453125,5478.50390625
3503.0400390625,5557.25537109375
3536.533935546875,5639.73291015625
3541.789794921875,5726.20947265625
3465.135498046875,5727.474609375
3403.433837890625,5665.84716796875
3381.255126953125,5579.87353515625
3329.761962890625,5506.71435546875
3279.95263671875,5556.54150390625
3235.958251953125,5633.353515625
3190.401123046875,5710.60498046875
3139.236572265625,5783.0576171875
4095,5780
4092.357421875,5695.38330078125
4125.677734375,5614.1728515625
4155.7099609375,5530.4921875
4187.81640625,5447.5810546875
4223.01318359375,5365.96240234375
4264.71435546875,5287.791015625
4322.8642578125,5220.84423828125
4404.24365234375,5187.51123046875
4451.8544921875,5250.49951171875
4510.15673828125,5317.55224609375
4543.87158203125,5398.15087890625
4587.54443359375,5474.99951171875
4642.8173828125,5536.091796875
4635.34716796875,5619.9619140625
4578.56005859375,5641.31298828125
4520.9892578125,5574.13623046875
4466.68505859375,5505.0595703125
4412.337890625,5434.8349609375
4359.6962890625,5387.16845703125
4325.716796875,5469.31494140625
4293.98388671875,5552.36767578125
4262.265625,5635.41650390625
4220.23681640625,5712.95361328125
4178.55517578125,5785.423828125
15710,5772
15621.8125,5756.65771484375
15574.6083984375,5694.892578125
15612.09375,5642.8681640625
15677.9970703125,5625.998046875
15763.705078125,5638.28466796875
15852.9287109375,5645.12353515625
15939.384765625,5644.451171875
16026.2548828125,5650.9951171875
16115.3681640625,5658.58544921875
16197.7939453125,5685.1962890625
16239.796875,5734.61962890625
16151.087890625,5729.216796875
16062.01171875,5733.0439453125
15976.73828125,5752.60791015625
15888.8408203125,5768.08154296875
15799.462890625,5773.20556640625
3675,5721
3646.613525390625,5650.7373046875
3657.557373046875,5572.3037109375
3678.790283203125,5486.14404296875
3690.2451171875,5400.041015625
3727.4990234375,5333.69580078125
3801.32666015625,5343.57568359375
3836.19873046875,5421.35498046875
3794.486572265625,5484.70751953125
3765.54296875,5566.357421875
3773.71728515625,5653.6220703125
3748.030029296875,5734.6064453125
20774,5656
20829.4609375,5597.849609375
20917.462890625,5576.3388671875
21005.48046875,5562.0400390625
21063.900390625,5615.900390625
20997.990234375,5673.646484375
20908.419921875,5686.46240234375
20818.0546875,5692.931640625
18536,5580
18538.892578125,5501.265625
18513.076171875,5427.31005859375
18470.591796875,5350.44873046875
18498.361328125,5265.12890625
18499.255859375,5173.02880859375
18514.865234375,5082.22900390625
18556.765625,5003.64453125
18641.931640625,4972.34716796875
18694.26953125,5032.1240234375
18662.466796875,5112.97119140625
18642.861328125,5202.12353515625
18626.255859375,5292.23046875
18626.705078125,5384.39453125
18629.896484375,5474.56591796875
18660.029296875,5541.64013671875
18618.943359375,5609.7138671875
8020,5569
8005.5146484375,5480.34716796875
7992.5517578125,5391.34521484375
8010.91845703125,5303.896484375
8018.1435546875,5219.40478515625
8001.80078125,5141.18310546875
8020.09619140625,5064.79345703125
8017.14892578125,4993.46875
7995.55224609375,4909.59326171875
8006.66845703125,4847.88671875
8002.619140625,4759.85986328125
8012.6875,4680.1162109375
8099.556640625,4682.255859375
8119.6142578125,4754.51611328125
8153.79736328125,4803.47607421875
8231.1748046875,4778.05810546875
8309.8046875,4734.49072265625
8376.1572265625,4718.26416015625
8454.7001953125,4677.01123046875
8536.2099609375,4648.71142578125
8612.662109375,4602.49658203125
8702.5361328125,4603.4423828125
8783.01953125,4604.2509765625
8808.9560546875,4665.79150390625
8726.3896484375,4700.7880859375
8640.6015625,4728.37451171875
8562.7451171875,4772.96923828125
8477.4130859375,4802.15625
8395.7587890625,4840.55224609375
8310.837890625,4870.095703125
8233.3388671875,4897.34765625
8303.4365234375,4942.4990234375
8373.873046875,4998.63671875
8447.1279296875,5050.7548828125
8497.38671875,5125.146484375
8488.46875,5205.17431640625
8402.7734375,5222.296875
8364.6904296875,5145.97900390625
8318.642578125,5077.01611328125
8250.861328125,5026.6591796875
8202.009765625,4978.1396484375
8137.59521484375,4962.23388671875
8150.33984375,5050.03955078125
8141.5361328125,5139.03955078125
8133.0029296875,5228.28955078125
8123.333984375,5314.96240234375
8124.2744140625,5401.486328125
8112.2822265625,5487.1015625
8100.7783203125,5567.15966796875
4955,5571
4865.68603515625,5567.970703125
4780.05908203125,5548.0927734375
4698.3154296875,5512.17431640625
4643.37841796875,5445.83544921875
4686.23095703125,5385.82763671875
4706.869140625,5299.576171875
4748.46435546875,5221.29736328125
4807.2607421875,5154.4599609375
4894.8037109375,5159.0712890625
4981.34375,5181.75048828125
5042.81591796875,5244.7451171875
5104.85009765625,5305.7822265625
5154.17138671875,5378.8173828125
5165.10400390625,5467.7275390625
5121.22265625,5542.697265625
5045.248046875,5566.9091796875
4969.8115234375,5574.25390625
5017.9375,5378.2587890625
4958.466796875,5311.32421875
4902.630859375,5250.35595703125
4866.55078125,5325.78857421875
4843.74853515625,5408.4326171875
4886.59716796875,5474.87841796875
4975.31494140625,5481.294921875
5393,5461
5348.16796875,5408.447265625
5374.29541015625,5322.55908203125
5382.55908203125,5239.79443359375
5394.15087890625,5150.6298828125
5447.13037109375,5088.15283203125
5510.0859375,5061.86181640625
5557.16796875,5129.2392578125
5578.48046875,5216.6435546875
5616.43798828125,5251.55224609375
5658.44189453125,5182.38134765625
5701.64306640625,5105.38037109375
5779.23828125,5089.50048828125
5809.82568359375,5170.37158203125
5815.83154296875,5259.97705078125
5886.228515625,5234.681640625
5936.79248046875,5162.94677734375
5925.11962890625,5075.2109375
5967.42919921875,5003.3701171875
6050.3974609375,4988.53369140625
6080.90771484375,5064.150390625
6054.8251953125,5150.16650390625
6026.20166015625,5234.36376953125
5992.15625,5311.34912109375
5928.759765625,5373.23681640625
5842.58642578125,5396.19384765625
5761.36328125,5390.64013671875
5689.625,5391.1455078125
5630.6142578125,5452.68212890625
5541.916015625,5459.67236328125
5497.4794921875,5388.0107421875
5457.4609375,5431.88330078125
20783,5362
20782.29296875,5273.39501953125
20868.83984375,5241.990234375
20959.900390625,5233.89990234375
21011.625,5305.8076171875
20966.888671875,5356.9267578125
20875.029296875,5368.10888671875
6452,5324
6364.83837890625,5318.25439453125
6291.583984375,5280.28466796875
6244.982421875,5204.21728515625
6219.79638671875,5118.14892578125
6214.939453125,5028.345703125
6245.61767578125,4943.6533203125
6293.74365234375,4868.90380859375
6360.50634765625,4809.8251953125
6438.27734375,4772.56103515625
6527.99462890625,4768.94189453125
6612.74658203125,4793.99658203125
6681.20166015625,4839.95849609375
6727.44189453125,4909.71484375
6644.322265625,4904.90673828125
6560.85546875,4870.6318359375
6477.8818359375,4887.74462890625
6408.70849609375,4941.11767578125
6404.5751953125,5015.7197265625
6491.70654296875,5038.171875
6574.10986328125,5074.52001953125
6643.75830078125,5131.701171875
6696.38427734375,5201.46630859375
6658.49169921875,5278.97265625
6579.7392578125,5320.89794921875
6491.849609375,5339.7314453125
6521.2294921875,5202.3134765625
6448.42822265625,5155.66064453125
6377.8544921875,5169.9248046875
6416.4873046875,5231.62890625
6970,5188
6919.68115234375,5150.1982421875
6918.98291015625,5062.30859375
6930.9912109375,4971.5068359375
6958.56298828125,4884.03955078125
6998.32763671875,4802.87060546875
7065.52783203125,4744.9228515625
7156.77978515625,4752.1630859375
7230.60302734375,4802.12890625
7283.95947265625,4838.3662109375
7331.83203125,4762.06982421875
7399.36669921875,4707.82861328125
7485.59326171875,4727.96923828125
7565.3154296875,4765.69287109375
7622.3818359375,4832.2890625
7651.91064453125,4912.07275390625
7704.68896484375,4976.39892578125
7734.38232421875,5046.25439453125
7745.3154296875,5134.83154296875
7662.44775390625,5109.2109375
7607.07763671875,5040.55224609375
7567.38037109375,4961.3505859375
7514.046875,4887.134765625
7441.05615234375,4837.708984375
7378.44140625,4896.0927734375
7362.873046875,4986.31884765625
7348.9716796875,5077.017578125
7320.7158203125,5162.30322265625
7232.36279296875,5160.3408203125
7235.6123046875,5069.775390625
7214.13037109375,4982.6357421875
7167.8837890625,4904.59375
7103.3955078125,4876.6044921875
7071.07568359375,4959.59326171875
7055.8154296875,5050.0146484375
7028.25146484375,5137.431640625
20653,5043
20615.79296875,4973.12939453125
20627.19921875,4920.41796875
20574.76171875,4895.248046875
20602.583984375,4818.36376953125
20687.373046875,4806.90771484375
20750.49609375,4855.34716796875
20707.197265625,4927.4375
20772.306640625,4970.76513671875
20738.4375,5039.666015625
18816,5003
18845.572265625,4922.583984375
18908.240234375,4855.07177734375
18985.873046875,4809.310546875
19072.140625,4801.23681640625
19131.595703125,4867.06884765625
19046.2421875,4901.26708984375
18978.0546875,4961.4306640625
18907.7890625,5006.33984375
20429,4785
20337.94140625,4776.49560546875
20310.806640625,4710.376953125
20388.521484375,4671.62890625
20479.53125,4665.96142578125
20561.626953125,4683.87548828125
20592.408203125,4746.03515625
20516.408203125,4763.376953125
19802,4772
19780.880859375,4695.20654296875
19856.546875,4642.2431640625
19952.0234375,4642.93408203125
20043.71484375,4665.705078125
20120.0390625,4711.57421875
20076.228515625,4775.26708984375
19984.630859375,4764.11083984375
19889.8515625,4755.22900390625
19331,4754
19280.6796875,4723.51171875
19335.501953125,4653.2294921875
19424.251953125,4634.4033203125
19510.87890625,4657.529296875
19559.642578125,4710.28466796875
19487.138671875,4741.1044921875
19409.65234375,4741.4150390625
18833,4419
18740.49609375,4399.26123046875
18697.65234375,4356.7119140625
18701.2578125,4276.3212890625
18781.248046875,4228.49072265625
18865.80859375,4252.9892578125
18935.720703125,4307.9345703125
18915.623046875,4398.3466796875
18146,4361
18134.830078125,4272.794921875
18137.419921875,4183.435546875
18148.529296875,4094.776611328125
18168.30078125,4010.419677734375
18104.919921875,4049.768310546875
18050.8203125,4119.74072265625
17975.869140625,4165.6748046875
17903.865234375,4131.39599609375
17908.2890625,4044.214111328125
17912.708984375,3955.71630859375
17857.67578125,3926.2744140625
17780.462890625,3970.59228515625
17742.8046875,4048.529541015625
17668.158203125,4084.94677734375
17605.076171875,4055.96240234375
17655.154296875,3983.722412109375
17706.34765625,3912.102294921875
17779.40234375,3861.03857421875
17853.1640625,3817.409423828125
17933.8828125,3837.81884765625
17998.904296875,3899.205810546875
18052.939453125,3937.709228515625
18125.341796875,3885.767822265625
18208.328125,3882.806396484375
18264.009765625,3944.84814453125
18272.337890625,4033.867919921875
18296.201171875,4110.1748046875
18350.8984375,4052.864990234375
18419.94140625,4001.236083984375
18482.8984375,4036.784423828125
18432.044921875,4110.09814453125
18383.609375,4185.18017578125
18325.9140625,4253.3623046875
18277.52734375,4327.94189453125
18222.47265625,4385.9189453125
23150,4334
23111.466796875,4256.40673828125
23177.419921875,4215.82177734375
23257.25,4185.029296875
23346.84375,4170.283203125
23432.328125,4150.2080078125
23509.8359375,4103.589599609375
23577.58984375,4043.17578125
23652.87890625,4000.118408203125
23708.76953125,3944.029541015625
23778.341796875,3887.90283203125
23821.8828125,3812.62109375
23878.123046875,3744.818359375
23901.740234375,3657.23095703125
23930.2890625,3571.392822265625
23925.861328125,3481.47314453125
23871.37109375,3414.69970703125
23780.814453125,3411.490966796875
23692.447265625,3429.678955078125
23616.552734375,3478.91650390625
23544.28515625,3526.456298828125
23467.474609375,3571.7451171875
23410.685546875,3641.165283203125
23389.826171875,3720.271728515625
23414.255859375,3805.843505859375
23476.958984375,3870.12158203125
23558.650390625,3907.280029296875
23527.396484375,3970.031494140625
23445.599609375,3999.677734375
23355.03515625,4006.280517578125
23264.783203125,4015.73974609375
23174.095703125,4020.734130859375
23086.703125,4038.9033203125
22997.853515625,4056.6376953125
22915.833984375,4079.08349609375
22826.849609375,4077.563720703125
22850.658203125,4013.15673828125
22934.57421875,3978.970458984375
23022.7734375,3957.393798828125
23110.1171875,3933.233642578125
23198.673828125,3913.0517578125
23287.67578125,3894.94091796875
23321.52734375,3836.457275390625
23280.6875,3755.723388671875
23266.431640625,3674.67431640625
23297.08203125,3592.23291015625
23358.125,3529.309814453125
23420.599609375,3473.555908203125
23490.1953125,3419.140380859375
23563.662109375,3370.515625
23643.267578125,3333.855712890625
23728.302734375,3303.750244140625
23818.51171875,3294.375
23907.2421875,3304.99072265625
23979.51171875,3318.93896484375
24038.45703125,3387.30126953125
24056.158203125,3475.821533203125
24060.619140625,3556.193115234375
24045.484375,3645.476806640625
24012.123046875,3729.470458984375
23972.33984375,3808.234619140625
23929.796875,3887.83740234375
23879.296875,3963.331787109375
23824.080078125,4033.327880859375
23758.81640625,4067.680419921875
23700.845703125,4121.8056640625
23628.1328125,4175.166015625
23551.03125,4221.89453125
23466.794921875,4254.4609375
23382.033203125,4286.923828125
23295.421875,4301.1318359375
23212.30078125,4333.861328125
22057,4054
21979.97265625,4008.483154296875
21926.951171875,3942.0849609375
21915.345703125,3852.79931640625
21961.546875,3805.31396484375
22015.802734375,3874.26708984375
22068.296875,3943.0625
22156.62109375,3946.217529296875
22240.1796875,3913.08447265625
22312.40625,3859.25537109375
22362.103515625,3785.54443359375
22357.115234375,3711.57958984375
22289.8828125,3661.618896484375
22214.767578125,3610.380615234375
22244.677734375,3570.00048828125
22332.423828125,3573.164794921875
22413.197265625,3612.281494140625
22492.26171875,3617.34326171875
22556.125,3553.27978515625
22628.380859375,3498.456298828125
22689.962890625,3431.5126953125
22636.23046875,3366.3857421875
22568.669921875,3343.553466796875
22479.072265625,3331.755126953125
22395,3360.01220703125
22368.08203125,3295.026611328125
22431.1015625,3244.0595703125
22520.544921875,3226.93310546875
22610.736328125,3238.350341796875
22688.037109375,3280.43994140625
22761.365234375,3333.853759765625
22824.140625,3387.623291015625
22848.921875,3474.494384765625
22780.095703125,3525.64111328125
22714.171875,3586.023193359375
22635.595703125,3625.25390625
22578.646484375,3694.451416015625
22569.119140625,3766.23876953125
22597.63671875,3850.89404296875
22515.564453125,3851.265380859375
22439.9765625,3885.279052734375
22383.466796875,3956.443603515625
22312.369140625,4013.353515625
22228.87890625,4047.943359375
22142.337890625,4073.291748046875
21795,3922
21730.1015625,3871.983642578125
21766.56640625,3789.8037109375
21785.98828125,3702.08251953125
21773.130859375,3619.8515625
21697.0625,3572.633544921875
21612.39453125,3546.086181640625
21528.41015625,3531.892333984375
21466.296875,3594.79345703125
21400.57421875,3656.20947265625
21344.021484375,3723.88037109375
21284.62109375,3784.3154296875
21195.408203125,3791.780517578125
21223.6953125,3717.788818359375
21274.6328125,3649.9833984375
21325.96875,3582.81494140625
21376.849609375,3508.53955078125
21334.869140625,3465.580810546875
21318.166015625,3404.403076171875
21407.912109375,3399.122802734375
21497.6875,3405.185546875
21570.46875,3357.353759765625
21629.638671875,3290.0751953125
21687.7265625,3222.43017578125
21756.04296875,3163.789306640625
21802.33203125,3100.240478515625
21880.34375,3062.187744140625
21963.2421875,3074.3642578125
21982.857421875,3160.61962890625
21974.521484375,3250.31103515625
21968.31640625,3340.16943359375
21948.380859375,3426.033935546875
21940.439453125,3515.55712890625
21928.328125,3604.69921875
21908.060546875,3692.38525390625
21893.60546875,3781.0625
21858.537109375,3863.971435546875
21807.552734375,3925.483642578125
21838.859375,3383.1845703125
21862.47265625,3298.140380859375
21849.041015625,3225.23974609375
21783.015625,3286.45947265625
21734.3203125,3352.8896484375
21662.44921875,3406.594970703125
21683.564453125,3444.396484375
21761.376953125,3467.116943359375
20744,3791
20655.171875,3773.571533203125
20577.986328125,3728.316162109375
20504.20703125,3678.50537109375
20423.71484375,3637.3203125
20364.7578125,3568.94140625
20293.783203125,3512.810791015625
20243.7890625,3443.571044921875
20211.439453125,3359.6494140625
20202.091796875,3269.029296875
20231.822265625,3183.57275390625
20278.63671875,3107.42822265625
20358.630859375,3065.83154296875
20429.244140625,3023.942138671875
20508.857421875,2981.997802734375
20598.064453125,2963.27783203125
20683.623046875,2937.5029296875
20772.65234375,2928.318603515625
20854.826171875,2910.66259765625
20936.65234375,2918.0068359375
21024.734375,2935.61962890625
21111.291015625,2962.681640625
21181.90234375,3014.6767578125
21251.287109375,3063.83642578125
21245.658203125,3152.655029296875
21185.126953125,3218.3759765625
21140.498046875,3297.26318359375
21094.705078125,3375.23095703125
21052.01171875,3452.8642578125
21009.92578125,3533.30517578125
20964.150390625,3605.352294921875
20931.72265625,3689.9365234375
20885.953125,3754.231689453125
20811.142578125,3797.802734375
20817.794921875,3626.01904296875
20866.259765625,3548.80078125
20899.796875,3465.5224609375
20950.703125,3392.66943359375
20991.919921875,3326.9248046875
21032.1015625,3245.2314453125
21072.1328125,3164.538818359375
21096.501953125,3096.94287109375
21019.498046875,3048.123046875
20931.185546875,3028.63427734375
20841.615234375,3016.97705078125
20756.615234375,3039.58056640625
20666.892578125,3054.4794921875
20583.46875,3081.905029296875
20499.666015625,3118.006103515625
20426.42578125,3155.911376953125
20365.126953125,3215.476318359375
20324.8828125,3295.053955078125
20351.849609375,3379.05078125
20396.052734375,3457.493408203125
20457.9375,3524.243408203125
20523.9609375,3574.128173828125
20591.080078125,3634.57470703125
20661.201171875,3684.86572265625
20750.51171875,3700.85693359375
19775,3669
19770.982421875,3588.408935546875
19774.728515625,3498.138671875
19801.169921875,3412.080810546875
19813.390625,3322.51025390625
19843.5,3239.085205078125
19845.505859375,3162.2373046875
19802.43359375,3241.458740234375
19743.58984375,3308.2275390625
19682.6328125,3371.5859375
19598.880859375,3405.838623046875
19511.619140625,3390.775146484375
19446.888671875,3328.936767578125
19414.77734375,3244.475830078125
19398.447265625,3155.339599609375
19342.634765625,3138.198974609375
19268.95703125,3190.994873046875
19191.837890625,3238.611572265625
19119.876953125,3289.3203125
19045.041015625,3329.865234375
18963.1796875,3363.911376953125
18880.01953125,3399.829833984375
18793.84765625,3401.49755859375
18767.1328125,3350.947998046875
18825.783203125,3291.97802734375
18907.7421875,3279.011962890625
18981.55859375,3227.2861328125
19058.755859375,3179.900390625
19124.611328125,3122.522705078125
19205.595703125,3086.900634765625
19258.78125,3029.11376953125
19329.119140625,2972.0625
19384.283203125,2901.6767578125
19448.421875,2839.390869140625
19523.15625,2833.498046875
19542.6953125,2917.3291015625
19518.7109375,3004.654541015625
19524.513671875,3093.26171875
19536.74609375,3178.7548828125
19561.14453125,3265.288818359375
19626.1484375,3244.27490234375
19679.71875,3174.883056640625
19733.67578125,3104.021240234375
19791.921875,3058.93408203125
19835.619140625,2984.196533203125
19919.412109375,2959.790283203125
20003.255859375,2990.116455078125
20013.052734375,3069.9033203125
20000.69921875,3157.841552734375
19980.896484375,3246.177001953125
19961.115234375,3334.6083984375
19933.0390625,3420.607177734375
19911.703125,3508.704345703125
19891.21875,3596.9150390625
19860.046875,3679.1748046875
17845,3565
17768.796875,3520.282958984375
17703.30859375,3458.9609375
17649.85546875,3396.123779296875
17614.701171875,3309.76416015625
17587.033203125,3219.325439453125
17555.279296875,3129.989501953125
17623.265625,3097.09521484375
17677.513671875,3172.46923828125
17705.580078125,3262.33056640625
17750.92578125,3345.347412109375
17805.970703125,3422.445068359375
17893.833984375,3444.363037109375
17984.453125,3427.076416015625
18066.392578125,3383.066650390625
18131.869140625,3324.631103515625
18196.978515625,3261.80712890625
18185.5703125,3188.4150390625
18107.130859375,3134.482177734375
18030.798828125,3077.63330078125
17954.51953125,3020.705322265625
17881.08984375,2962.0556640625
17809.64453125,2905.631103515625
17781.951171875,2830.86865234375
17866.123046875,2848.50048828125
17946.35546875,2899.231201171875
18023.748046875,2953.031982421875
18109.744140625,2993.512451171875
18190.0390625,3044.51220703125
18260.4609375,3099.63916015625
18317.66015625,3123.13427734375
18400.10546875,3089.369384765625
18482.03125,3041.06396484375
18572.3671875,3014.031494140625
18602.35546875,2937.212890625
18527.83203125,2878.72412109375
18443.322265625,2835.0146484375
18354.390625,2801.243408203125
18261.9296875,2781.88720703125
18179.78515625,2771.070556640625
18091.615234375,2767.54443359375
18081.501953125,2710.927978515625
18161.23828125,2682.96630859375
18255.595703125,2672.681884765625
18346.896484375,2696.245361328125
18437.64453125,2720.915283203125
18526.65234375,2754.25146484375
18607.68359375,2802.859130859375
18690.076171875,2846.384521484375
18758.15625,2912.0537109375
18768.99609375,3003.05810546875
18712.69140625,3077.72314453125
18631.341796875,3121.99951171875
18545.58203125,3163.25390625
18463.521484375,3211.10888671875
18425.767578125,3291.47607421875
18406.708984375,3360
18314.568359375,3356.741455078125
18240.224609375,3416.00830078125
18175.859375,3485.45703125
18102.14453125,3504.01611328125
18030.599609375,3552.131103515625
17938.087890625,3574.269775390625
